,Route,Head.Length,SV.length,Total.Length,Tail.Girth,Neck.Girth,Chest.Girth,Weight,Sex,Deformities_Notes
1,Lox_Marsh,24.5,89.5,184.5,33.5,31,38,15.5,F,None
2,ENP-FC,21.5,80,160,31,29,31.5,10.5,F,Right tip of snout has notch in it
3,ENP-SS,23,83,165.5,33.5,31,38,12.5,M,None
4,Lox_Marsh,19.5,71.5,143,29.5,26.5,35,7.5,M,Right rear Foot
5,Lox_Marsh,24,87,169,34,32.5,40,13,M,None
6,Lox_Marsh,16,59,114,23,21.5,28,4,M,None
7,Lox_Marsh,24,88,179,37.5,34.5,45.5,17,F,None
8,WCA2A_Marsh,24.5,89,178,38,34,44,17.5,F,Laceration on belly 4 cm long
9,WCA2A_Marsh,25.5,96,184.5,42,42.5,52,NA,F,None
10,WCA3A-N41_Marsh,22.5,87,171.5,33.5,32,42,14,M,None
11,WCA3A-N41_Marsh,23,84,179,31,29,35.5,11.75,M,None
12,WCA3A-N41_Marsh,25.5,97,188,32.5,37,41.5,18,M,None
13,ENP-FC,23,88,171,34.5,32.5,40,13.75,F,None
14,ENP-FC,19.6,73.7,147.1,27.2,26,33.5,10.5,F,None
15,ENP-FC,24,89,173,32.5,31.5,36,13,F,None
16,ENP-FC,22.5,88,169,33.5,30.5,39,13,F,None
17,ENP-SS,24,83.5,167,35.5,34,39,15.5,F,Incomplete tail
18,ENP-SS,23.5,87,172,34,33,42,15,F,None
19,ENP-SS,22,82.5,169,33,30.5,41,12.5,F,Left front foot missing tip of 2nd toe
20,ENP-SS,19,73,151,27.5,26,32.5,8.75,F,None
21,ENP-SS,21.5,81,165,32,30.5,37,12.5,F,None
22,ENP-SS,23.5,88.5,173.5,35,31.5,38,15.5,F,None
23,WCA2A_Marsh,25.5,91.5,185,37,35.5,43,17,F,None
24,WCA2A_Marsh,19.5,73,147,28,26,34,7.5,F,None
25,WCA2A_Marsh,22,78.5,153,27,28,34,8.5,F,None
26,WCA3A-N41_Marsh,18.5,64,130,23.5,23,31,5.75,M,None
27,WCA3A-N41_Marsh,21,76,152,29.5,29,35,10,M,None
28,WCA3A-N41_Marsh,23.5,84.5,171.5,32.5,31,38.5,12.25,M,None
29,WCA3A-N41_Marsh,22,80.5,162,32.5,29,37,11.5,M,None
30,WCA3A-N41_Marsh,17,58.5,118,21,20,24,4.25,M,None
31,WCA3A-TW_Marsh,18.5,70,137.5,24.5,23,27,6.25,F,Scales under chin
32,BICY_Marsh,23,85.5,169.5,31.5,31,35.5,11.75,M,None
33,ENP-SS,20,77,158,31,28.5,34,10.5,F,None
34,ENP-SS,21,82.5,171,31.5,29,35,12,F,None
35,Lox_Marsh,18.5,69.5,139,28,28,32.5,7.5,M,None
36,Lox_Marsh,21,79,156,35,31,37.5,10.5,M,Not Legible
37,Lox_Marsh,23,86.5,171,34.5,31.5,37.5,14,F,None
38,Lox_Marsh,21.5,75,153.5,32,30.5,38.5,11,F,None
39,Lox_Marsh,20,74,150.5,31,29,36,10.5,M,3 cervical scutes on left 2 on right
40,Lox_Marsh,25.5,95.8,182.5,34,37.5,44,16,F,None
41,Lox_Marsh,22,83,166.5,29.5,30.5,37,11,F,None
42,Lox_Marsh,17,58,118.5,24,22.5,29,4.5,M,None
43,Lox_Marsh,24.5,90.5,177.5,36,34.5,40.5,15,M,None
44,Lox_Marsh,19.5,72,144,28.5,29,34,8,M,None
45,WCA2A_Marsh,21,74,147,26.5,26.5,31,8,F,None
46,WCA2A_Marsh,17.5,62.5,127,21,22,25,4.5,F,None
47,WCA2A_Marsh,24,85.5,174,32.5,31,37,13.5,F,None
48,WCA3A-HD_Marsh,17,66,132,22.5,22,26,5,F,None
49,WCA3A-HD_Marsh,24.5,87,177,33,32.5,39,15,M,None
50,WCA3A-HD_Marsh,25,93.5,177.5,37.5,33.5,43,19,M,Incomplete tail
51,WCA3A-HD_Marsh,32.5,116,226,45,43,54,NA,F,None
52,BICY_Marsh,18,65.5,127.5,25.5,24,29.5,5.75,F,None
53,BICY_Marsh,23.5,91,179.5,37,34,44,15.5,M,None
54,ENP-EST,21.5,80,163,34.6,29.3,41.5,13.25,F,Irregular lower jaw at tip
55,ENP-EST,19.6,73.6,146.2,30.5,28,32.7,8.5,F,None
56,ENP-EST,21.3,84,193.5,32.7,30.8,40.3,13.5,F,None
57,ENP-EST,18.3,68.2,131.8,26.6,25.2,33.5,6.75,M,None
58,ENP-FC,16.5,62,127,24.3,22.6,29.6,5.25,F,None
59,ENP-FC,17.6,68,134.5,26.3,25.2,28.1,6.5,F,None
60,ENP-FC,23.8,92.6,178.3,28.3,30.1,38.2,12.75,F,None
61,ENP-FC,19.3,74,150.5,30.2,30,37,9.75,F,None
62,ENP-FC,23.7,92.4,176.6,36.25,37.5,36.2,16.75,F,Missing left front leg at knee.
63,ENP-SS,23.5,82.5,167,37.5,34,43,15.5,F,None
64,ENP-SS,16.5,64,130,24.5,22.5,27.5,5.9,M,None
65,ENP-SS,25,93.5,186,39.5,37.5,46,22.5,F,None
66,ENP-SS,24,87,176,38,35,43.5,18,F,None
67,ENP-SS,24,93.4,180,34.5,33,42.1,16.75,M,None
68,Lox_Marsh,21,75.6,151.8,32,31,44.5,9.5,F,None
69,Lox_Marsh,17.4,62.3,125.4,25.5,25.5,31,5.5,M,None
70,Lox_Marsh,32,119,225,47.5,46,60.5,NA,M,None
71,Lox_Marsh,24,88.5,175.6,35.5,35,44,14.5,M,None
72,WCA2A_Marsh,20.5,74,147,29,29,34,9,F,Left leg missing at knee
73,WCA2A_Marsh,24,87,177,34.5,34,42,14,F,None
74,WCA2A_Marsh,24,85,170,35,35.5,45,16,F,None
75,WCA2A_Marsh,22.5,77,159,28,28.5,38,9,F,None
76,WCA2A_Marsh,24.5,93,181,37.5,37,46.5,19,F,None
77,WCA3A-HD_Marsh,18.3,65.5,128,24.5,24,31,5.7,M,None
78,WCA3A-HD_Marsh,29,100,198,41,39,47,22,F,None
79,WCA3A-HD_Marsh,19.7,68.6,138.8,28,28.9,32.5,6.8,M,None
80,WCA3A-HD_Marsh,22.6,83,159.5,32.5,31.8,39.5,13,F,None
81,WCA3A-HD_Marsh,25.9,94.5,186,38,37.9,45,16,M,Scars on tail
82,WCA3A-TW_Marsh,32,112,210,52,51,58,NA,M,None
83,WCA3A-TW_Marsh,20,74,147,30,29,34,10,F,None
84,WCA3A-TW_Marsh,30,113,211,49,44,53,NA,F,None
85,WCA3A-TW_Marsh,21,82,161,33,32,37,NA,M,None
86,WCA3A-TW_Marsh,19,74,150,29,29,34,NA,M,None
87,ENP-FC,23.5,94,182,38,36,43,18.25,M,None
88,ENP-SS,24.6,90,178,36.5,39,46,16.5,F,None
89,ENP-SS,26.7,98.8,195,37.5,35.7,46.1,21,M,Few head and tail scars
90,ENP-SS,24,91.3,182.5,37,36,45.1,17,M,None
91,ENP-SS,18.7,69.3,142,29,29,34,6.9,M,None
92,Lox_Marsh,28.7,105,202,46,42,54,28,F,4th single scute is notched
93,Lox_Marsh,18.5,67,122,28,28,33.5,6.5,M,Top of tail deformed
94,Lox_Marsh,20.3,73.5,144.5,31.5,30.5,36,9,F,None
95,Lox_Marsh,21,77.5,154,32,30.5,37,9.5,M,None
96,Lox_Marsh,31,115,223,49,44,57,32,M,None
97,WCA3A-N41_Marsh,24,88,177,37,35,40,17,F,None
98,WCA3A-N41_Marsh,22,86,172,34,35,40,14,M,None
99,WCA3A-N41_Marsh,24,94,183,37,36,44,18,M,None
100,WCA3A-N41_Marsh,26,98,189,40,37,44,20,M,None
101,WCA3A-N41_Marsh,20,78,156,29,26,33,9.5,M,None
102,WCA3A-N41_Marsh,25,100,195,40,41,47,20,M,None
103,WCA3A-N41_Marsh,19,72,144,28,27,31,8,M,None
104,WCA3A-N41_Marsh,21,79,159,33,31,36,12,M,None
105,WCA3A-N41_Marsh,20,77,155,30,28.5,37,10.5,M,None
106,WCA3A-N41_Marsh,17.7,68.5,134.5,26.8,27.1,34.8,6,F,None
107,WCA3A-N41_Marsh,18.8,68,133,27,25.5,30,6.75,M,None
108,WCA3A-N41_Marsh,24,91.5,185,36.5,36.6,46,19,M,None
109,WCA3A-N41_Marsh,16.5,62,128,25.2,23.8,30.7,5.6,M,None
110,Lox_Marsh,26.3,98,197,39,39,44,20,F,"Been in fight - bite marks tail, neck - cuts in back uko, 1st single part split"
111,Lox_Marsh,29.5,109,215,45,42,56,27.5,F,None
112,Lox_Marsh,21.5,76,155,31,29.5,37,9,F,None
113,Lox_Marsh,19.5,73.5,148.5,31.5,28,35,9,M,Broken right rear leg
114,WCA2A_Marsh,23.5,90,176.5,35,35.5,45.6,15.25,F,None
115,WCA2A_Marsh,19.7,73.5,145.8,27.9,27,36,7.75,M,None
116,WCA2A_Marsh,27.6,101.8,201.6,40.3,38.9,52.6,20.5,F,Fresh wound at corner of mouth
117,WCA2A_Marsh,15.3,54.3,112.2,19.7,19.8,24.4,3,F,None
118,WCA2A_Marsh,30.4,114.1,219,43.8,44.4,55.6,NA,M,None
119,WCA2A_Marsh,23.1,87.5,172.5,35.5,35.5,44,13.75,F,None
120,WCA3A-TW_Marsh,17.8,62.2,127.4,22.4,23,29.5,5.2,M,None
121,WCA2A_Marsh,19.8,74.5,145,28.5,27.8,35.4,9,M,None
122,WCA2A_Marsh,22.9,85.5,165,32.5,32.1,42,12.25,F,None
123,WCA3A-TW_Marsh,15.9,58.6,118.4,23.5,21.3,25.6,4.2,F,None
124,WCA3A-TW_Marsh,21,78.5,152,32.1,30.9,36.5,11,M,None
125,Lox_Marsh,21.8,82,164.5,30.9,29,35.1,10.2,M,None
126,Lox_Marsh,22.2,81.2,157.9,33.5,30.8,39.7,11.4,F,None
127,Lox_Marsh,33.8,127.7,244.7,48.4,51,51.4,42.8,F,None
128,Lox_Marsh,17.7,64.7,132.7,24,25,27.5,4.8,M,None
129,Lox_Marsh,14.3,53.3,108.5,20.9,19.8,22.7,2.8,M,None
130,Lox_Marsh,28.7,110.6,210.4,43.3,46.5,52.8,27,M,None
131,Lox_Marsh,30,110.9,223.1,46.6,43.8,55.4,31.5,F,None
132,Lox_Marsh,24,87,170.9,36.1,32.7,42.9,14,M,None
133,Lox_Marsh,25.9,100.3,190.8,39.1,30.9,39.5,21,F,None
134,Lox_Marsh,22.8,88.53,174.9,34.2,32.8,41,14,M,None
135,ENP-EST,24.5,89,178,34,32.5,39,14.5,M,None
136,ENP-EST,18.6,67.1,135.5,23.9,25,31,6.5,M,None
137,ENP-FC,26,94,181,36,36,45,22,F,None
138,ENP-SS,25,94.5,190,36,37,44,22,F,None
139,ENP-SS,25,90,180,36,32,40,20,M,None
140,ENP-SS,23.5,85.5,178,38,33,41,20,F,None
141,ENP-SS,30,112,223,36.5,36,48,31,M,None
142,ENP-SS,20,73,147,28,27,32,12,M,None
143,WCA2A_Marsh,32,114.6,232.4,48,48,58.1,33.5,M,None
144,WCA2A_Marsh,29.6,107,206.1,30.8,32.9,41.2,20.5,F,None
145,WCA2A_Marsh,29.3,109.1,212.5,39,42.2,54.1,24.5,F,None
146,WCA2A_Marsh,34,125.5,249,51.1,51.5,56.6,41.5,M,None
147,WCA3A-N41_Marsh,22.1,85.2,162.1,33.6,29.7,38.2,12.25,F,None
148,WCA3A-N41_Marsh,26.3,94.5,187,40.5,39,50,19.5,M,None
149,WCA3A-N41_Marsh,23,85.7,169.4,33.6,33.1,39.6,14,M,None
150,ENP-FC,23.5,87,176,34,30,39.5,18.5,F,None
151,Lox_Marsh,24,87.5,178.8,34.5,34.5,40.5,15.5,M,None
152,Lox_Marsh,22.5,80,157.5,32.4,32,39,11.4,F,None
153,Lox_Marsh,16.3,55.4,111.6,18.9,18.4,23.2,2.9,M,None
154,Lox_Marsh,18.4,65.3,132.5,25.5,25,31,6,F,None
155,Lox_Marsh,21.3,77,150.5,29,30.5,35.5,10.7,M,None
156,WCA2A_Marsh,14.6,54.9,110,18,17.5,22,3.25,M,None
157,WCA2A_Marsh,28.5,113.1,216.6,41.2,43.5,57,27.5,F,None
158,WCA2A_Marsh,24,89.5,175.2,34,34,39.4,15,M,None
159,WCA2A_Marsh,15.4,54,110,18.5,18.7,22.8,2.9,F,None
160,WCA2A_Marsh,28,102.4,204,41.7,43,50,24,F,None
161,WCA2A_Marsh,28.5,104.5,207,41,41,45,24.5,F,None
162,WCA3A-HD_Marsh,22,80.5,162,31,30.5,37,11,M,None
163,WCA3A-HD_Marsh,23,83.5,164,31.5,30,38,12,M,None
164,WCA3A-HD_Marsh,32.5,114,219.6,48.5,48.5,56,34,M,None
165,WCA3A-HD_Marsh,24,91,177,38.5,34.8,43.5,17.4,M,None
166,WCA3A-HD_Marsh,20.5,75.2,149,27,26.2,30.5,8.2,M,None
167,WCA3A-N41_Marsh,28.2,102.3,194.5,42.5,41.5,50.7,25,F,None
168,WCA3A-N41_Marsh,25,82.5,170.5,36.7,35.5,39.8,16,M,None
169,WCA3A-N41_Marsh,28,102.1,199.7,40.7,37.2,46.9,21.5,M,None
170,WCA3A-N41_Marsh,16.3,57.5,115.1,21.6,20.9,25.1,4.2,F,None
171,WCA3A-N41_Marsh,22.5,89.4,171.6,32.2,32.3,37.1,12.5,M,None
172,WCA3A-N41_Marsh,19.1,71.7,142,28.7,26.6,32.6,7.75,M,None
173,WCA3A-N41_Marsh,22.1,82.5,162.8,32.7,29.5,35.7,12.5,F,None
174,WCA3A-N41_Marsh,27.7,103.5,201,40.4,37.8,43,24,F,None
175,WCA3A-N41_Marsh,22.7,84.7,166,33.2,32.7,37,NA,M,None
176,WCA3A-TW_Marsh,21.7,82.9,158,30.7,30.8,35.5,12,M,None
177,ENP-FC,26.5,99.5,196,35.5,38,44,19.5,F,None
178,ENP-FC,27.5,99.5,196.5,40,38.4,46,22,F,None
179,ENP-SS,16,58,120,22,21,26,4.4,M,None
180,ENP-SS,25,97,193,38,35.5,44,22,F,None
181,ENP-SS,27,102,203.5,33,33,43,17,F,None
182,ENP-SS,26.5,98,197.5,39,38,49,22,M,None
183,ENP-SS,32.5,118,232,43,39,55,33,M,None
184,ENP-SS,22.5,87,175,35,32.5,41,15,F,None
185,WCA2A_Marsh,17.7,64.1,129.5,24.3,23.6,29.4,5.2,F,None
186,WCA2A_Marsh,26.8,101.4,193.9,39,36,45.5,18.6,F,None
187,WCA2A_Marsh,28.3,104.3,207.8,40.3,39.2,46.4,22,F,None
188,WCA2A_Marsh,29.3,105.5,208.7,42.3,17,20.5,29,F,None
189,WCA3A-HD_Marsh,15.9,59,119,21,20.3,22.2,5,F,None
190,WCA3A-N41_Marsh,16.8,62.5,126.5,23.3,21.7,26.2,5.5,M,None
191,WCA3A-N41_Marsh,32.8,118.5,236.6,47.3,45,54.1,40,M,None
192,WCA2A_Marsh,25.5,94.3,187.3,37.6,39,46.5,19.5,F,None
193,ENP-EST,25.7,104.1,204.1,35,32.7,41.2,20,F,None
194,ENP-EST,35.4,127.5,254,51.5,53.4,67.5,45,M,None
195,WCA3A-HD_Marsh,28,101.8,200.1,30.4,31,39.5,18,F,None
196,ENP-EST,20.8,76.4,149.5,29.3,27,34.8,8.5,M,None
197,ENP-EST,32.3,115.7,219.5,43.6,46.5,56.2,33.5,M,None
198,ENP-EST,21.7,86.2,167.2,32.6,31.6,40.7,13,M,None
199,ENP-EST,26.4,98.6,192.6,36.7,37.6,44.5,18.5,M,None
200,ENP-EST,20.5,79,154.7,32.3,30.5,37.9,11,M,None
201,ENP-EST,27.3,100.5,198.8,41.5,37.9,51.8,28,M,None
202,ENP-EST,44,162.5,313.5,66,73,95.9,111,M,None
203,ENP-EST,20.5,76.5,153,30.5,27.5,35,6.4,M,None
204,Lox_Marsh,19.5,73,146.2,29,27,33,7.8,M,None
205,Lox_Marsh,18.5,68.9,136,27,24.5,30.7,6.5,M,None
206,Lox_Marsh,15.9,58.2,118.9,22.5,21,27.5,4,F,None
207,Lox_Marsh,14,50,100.4,18.8,19.7,25,2.6,M,None
208,Lox_Marsh,24.5,90,181,36,33.5,43.5,15.2,M,None
209,Lox_Marsh,32.5,121.5,235,50.3,47.5,63.5,40,M,None
210,Lox_Marsh,15.5,56.5,111.5,21,20,23.5,3.4,F,None
211,Lox_Marsh,28.8,108,200,45.5,41.5,54,28,F,Incomplete tail
212,Lox_Marsh,38.5,140.4,264,55.5,60,73.5,65,M,None
213,Lox_Marsh,17.5,63.7,120.8,24.2,23,29.2,5,M,None
214,Lox_Marsh,32.3,118.5,222.7,50.5,49.3,58.5,36,M,None
215,Lox_Marsh,33.5,126,198.5,44.3,47.2,60.7,34,M,Incomplete tail
216,Lox_Marsh,29.5,113.6,216.1,45.7,49.7,57.3,32,F,None
217,Lox_Marsh,20,73.9,147.9,29.8,27,35.5,8.3,F,None
218,Lox_Marsh,19,69.5,139,27.5,27.5,36.3,6.9,F,None
219,WCA3A-N41_Marsh,NA,NA,NA,NA,NA,NA,NA,M,None
220,WCA3A-N41_Marsh,21,76.4,148.1,30.9,29.4,38.5,9.3,F,None
221,WCA3A-N41_Marsh,26.3,98,188.5,38.5,34.2,41.5,19,M,None
222,WCA3A-N41_Marsh,18.2,64.3,133.8,25,25.4,29.1,5.5,F,None
223,WCA3A-N41_Marsh,29.7,112.5,213,43,41.3,53.7,29,F,None
224,WCA3A-N41_Marsh,33,118.5,224,46,44,55,42,M,None
225,WCA3A-N41_Marsh,31.5,115,228,49,44,57,42,M,None
226,WCA3A-N41_Marsh,NA,87,133.5,34,32,40,12,M,Incomplete tail
227,WCA3A-N41_Marsh,26.5,98.5,199,37,33,45.5,18,F,None
228,WCA3A-N41_Marsh,33,119.5,235,49,44,54,44,M,None
229,WCA3A-N41_Marsh,16.2,60.5,121.5,22.8,21.3,28.5,4.5,M,None
230,WCA3A-N41_Marsh,35.5,126.9,246.4,54.6,53,62.5,54,M,None
231,WCA3A-N41_Marsh,17.5,65.5,131.5,25.3,23.8,28.5,5.6,F,None
232,WCA3A-N41_Marsh,33.6,128.5,247,50.8,52.7,63.8,42,M,None
233,WCA3A-N41_Marsh,18.9,71,148.5,28.6,29,33,7.9,M,None
234,WCA2A_Marsh,18.5,64.6,133.2,26.1,24.1,32,6.5,F,None
235,WCA2A_Marsh,22,79.1,161.7,33.2,32.4,37.9,12,F,None
236,WCA2A_Marsh,17.9,62.3,130.6,24.1,25,30,5.25,F,None
237,WCA2A_Marsh,22.3,76.5,153.8,32.1,30,35.3,10,F,None
238,WCA2A_Marsh,35.3,126,242,40,40.3,54.5,32,M,None
239,WCA2A_Marsh,29.8,108.4,215.5,44.5,40,47.8,25.4,M,None
240,WCA3A-HD_Marsh,29,105,211,43.4,43,52,30,F,None
241,WCA3A-HD_Marsh,17,61,124,23.5,23,26,5.2,M,None
242,WCA3A-HD_Marsh,33.6,120.5,236.3,47.6,45.5,56.4,30,M,None
243,WCA3A-HD_Marsh,30,109.5,213.5,41,40,48.5,28,F,None
244,WCA3A-HD_Marsh,29,105.5,209.5,44.5,41,50.5,26,F,None
245,WCA3A-HD_Marsh,33,117,230.5,51,48,58.5,38,F,None
246,WCA3A-HD_Marsh,31.6,114.4,227.9,47.2,46,56.5,38,F,Missing first single
247,WCA3A-HD_Marsh,28.5,105,214.5,45,44.2,49.5,30,F,None
248,WCA3A-HD_Marsh,35.5,127.5,249.5,52.5,51,62.5,45,M,Missing fifth double left scute
249,WCA3A-HD_Marsh,19.2,73,145,28.9,27.6,32.9,7.5,M,None
250,WCA3A-HD_Marsh,15.5,58,117.5,24.5,25,28.3,4.5,M,None
251,WCA3A-HD_Marsh,21,80,161,33,30.6,36,11.6,F,None
252,WCA3A-HD_Marsh,26.5,97.7,190,40.7,42.5,52.3,22,F,None
253,WCA3A-HD_Marsh,17.9,67.1,132,23.6,23.8,26.1,5.25,F,None
254,WCA3A-HD_Marsh,21.2,77.3,153,31,30.6,35,10,F,None
255,ENP-EST,36.3,128.5,262,57.8,53.2,72.3,41,M,None
256,ENP-EST,34.2,122.6,227.6,47.4,46.8,56.4,42,M,Incomplete tail
257,ENP-EST,23.2,86.5,175,34.2,31.8,42.3,13.5,M,None
258,ENP-EST,24.1,85.1,167.5,32.5,31.5,39.8,13.2,M,None
259,ENP-EST,18.6,65,134.3,22.2,23.3,28.5,5,F,None
260,ENP-EST,36,126.5,202,38.8,44.5,54,32,M,Incomplete tail
261,ENP-EST,28.2,107.2,212.7,38.4,37,48.2,23,M,None
262,ENP-EST,30.5,119,233,46,45.3,54.4,35,M,Bites on tail
263,ENP-EST,30.5,106.4,211.4,43.5,41.4,58.6,26,M,"Tail has been bitten badly, lower back in front of rear legs distorted--sunken on one side"
264,ENP-EST,26.9,96.6,185.6,40.5,39.2,50.5,22,M,None
265,ENP-EST,34.7,124.6,239,45.8,46.8,59.5,39,M,None
266,Lox_Marsh,21.3,78.5,157,31.5,30.4,36,10,U,None
267,Lox_Marsh,29.9,110,212.8,43.5,42,54.5,27,U,None
268,Lox_Marsh,22.8,86.7,169.3,35.5,33,40.5,13,U,None
269,Lox_Marsh,27.6,107.5,210.4,45.5,45.5,57,28,U,None
270,Lox_Marsh,25.8,97.5,198.7,39,38,46.5,20.2,U,Missing 2 toes on rt. front foot
271,Lox_Marsh,27.2,101.5,196.2,42.5,40.6,50,24,U,None
272,Lox_Marsh,30.3,115.5,222.4,45.6,45.5,55.5,33,U,None
273,Lox_Marsh,26.6,101,191,40.8,43.5,53,21.5,U,None
274,Lox_Marsh,29.2,112,220.3,45.6,43.5,54,30.5,U,None
275,WCA2A_Marsh,27.8,101.2,205.1,38.1,40,46,21.5,F,Broken jaw
276,WCA2A_Marsh,28.3,105.5,206,47,42,54.8,28,F,None
277,WCA2A_Marsh,26.7,105,197,40,44,54.5,25.4,F,None
278,WCA2A_Marsh,34,129,251,53,55,64,NA,M,None
279,WCA2A_Marsh,28.4,108.5,212,43.5,40.5,55,27.5,F,None
280,WCA2A_Marsh,25.5,97.6,193.5,44,41.5,49,25,M,None
281,WCA3A-HD_Marsh,17,64.4,125.8,22.4,21.7,25.8,4.5,F,None
282,WCA3A-HD_Marsh,28.3,102.5,202,42,40.5,49,26,F,None
283,WCA3A-HD_Marsh,24.3,86,178.5,36.5,36.5,42.5,15.5,M,None
284,WCA3A-HD_Marsh,27.3,102.2,197.5,42,23,48.8,26,F,None
285,WCA3A-HD_Marsh,28.3,104.9,203.6,40,40,15.5,25.5,F,Scar on top of jaw
286,WCA3A-HD_Marsh,29.2,106.8,204.6,43.4,40.2,52.1,28.5,M,Battle wound various minor
287,Lox_Marsh,22.8,82.5,165,32,30.5,36,11.5,M,None
288,Lox_Marsh,25,96,186.7,36.7,36.1,43.2,17.5,F,None
289,Lox_Marsh,27,103,196,39.5,38.7,47,23,F,None
290,Lox_Marsh,28,105.2,203.1,43,42.1,48.1,26,M,None
291,WCA2A_Marsh,22.3,82.6,164.2,32.5,31,39,12,M,None
292,WCA2A_Marsh,26,93,190.5,34,36,40,16.8,F,None
293,WCA2A_Marsh,39.5,142.5,283.5,48,52.5,63.5,NA,M,None
294,WCA2A_Marsh,16.5,59.3,121,22,20.2,25.9,4.4,F,None
295,WCA3A-HD_Marsh,28,104.5,207.5,44.8,43.5,51,27,F,None
296,WCA3A-HD_Marsh,25.5,94.5,189,37.4,36.5,47,18.8,M,None
297,WCA3A-HD_Marsh,29.5,109,215.5,44,44,52,28.5,F,None
298,WCA3A-HD_Marsh,20,71.6,139.5,28,27.5,34.5,8.3,F,None
299,WCA3A-HD_Marsh,15.9,54.4,110.5,19.9,18.6,23.9,3,U,None
300,WCA3A-HD_Marsh,29.8,110,210,43,43,52,30.5,F,None
301,WCA3A-N41_Marsh,28.4,102,204,42.3,44.4,51.7,25,M,None
302,WCA3A-N41_Marsh,20,72.2,147.5,29.8,29.1,35.4,9,M,None
303,WCA3A-N41_Marsh,37.8,128,253.5,54.7,53.2,73.9,NA,M,None
304,WCA3A-N41_Marsh,23.5,92.8,183,36.8,33.2,40.7,16.5,F,None
305,WCA3A-N41_Marsh,28.3,102,205.5,41.6,40,47.5,23,M,None
306,WCA3A-N41_Marsh,20.3,74.8,150.5,29.8,28.3,33.3,9,M,None
307,WCA3A-N41_Marsh,34.5,126,246,53.6,48.7,63.6,NA,M,None
308,WCA3A-N41_Marsh,26.5,99.5,201,44.5,39.5,49,26,F,None
309,WCA3A-N41_Marsh,22.6,85.5,167.5,32.5,31,37.5,12.8,M,None
310,WCA3A-N41_Marsh,32,124,232.5,48.5,49,55,37.5,M,None
311,WCA3A-N41_Marsh,20.2,76.5,150,29.5,29,33,10.3,F,None
312,WCA3A-N41_Marsh,26.4,102.7,201,40.2,39.5,47,20.5,M,None
313,WCA3A-N41_Marsh,30.2,115,216,42.5,38.5,47.5,28.5,M,None
314,WCA3A-N41_Marsh,21.2,81,161,31,29,37.5,11.3,M,None
315,WCA3A-N41_Marsh,27.2,107.5,200.5,39.5,47,35.5,20.5,M,None
316,ENP-EST,32,123.3,234.5,43,44,53.6,33.5,M,Broken jaw
317,ENP-EST,28.3,112,221.3,41.8,41.8,51.8,27,M,None
318,Lox_Marsh,19,64,131,24.3,24.5,28,5.5,M,None
319,ENP-EST,21.8,83.1,167.3,34.8,33.2,38.9,12,M,None
320,ENP-EST,37,125.9,252.2,51,51.5,61.5,NA,M,None
321,ENP-EST,33.5,119.7,239.2,51.6,50.7,62.8,45.5,M,None
322,ENP-EST,30.5,116,222.5,45.5,22.5,52,27.5,M,None
323,ENP-EST,37.1,143.3,171.5,48.4,49.5,66.2,52,M,Incomplete tail
324,Lox_Marsh,32,118.5,228,46,50,62,36,M,Incomplete tail
325,Lox_Marsh,27,99,195,38,38,45.5,21.5,F,Leech on left hind foot
326,Lox_Marsh,33.5,126,238,48.5,56,64,42.5,M,None
327,Lox_Marsh,31.5,117,224.5,45,42,57.5,32.5,F,None
328,Lox_Marsh,27.5,102,197,38.5,37,49.5,23,F,Battle scars
329,WCA2A_Marsh,26.5,93.8,168.4,36.7,38.1,43.5,20,F,None
330,WCA2A_Marsh,24.9,87.8,173.2,34.5,33.3,41,13,F,None
331,WCA2A_Marsh,28.5,104.9,209.4,37.9,39,49,22,F,None
332,WCA2A_Marsh,29.2,108.2,216,42.1,37,47.5,27.2,F,None
333,WCA2A_Marsh,28.1,100.8,203.5,36.4,36.5,45.4,19.5,F,None
334,WCA2A_Marsh,21,77.5,157.4,29.9,28.5,34.5,11,M,None
335,WCA2A_Marsh,26.8,98.1,199.3,38.7,37,46.8,20,F,None
336,WCA2A_Marsh,20,70.5,143.7,26.6,24.5,32,7.3,M,None
337,WCA2A_Marsh,28.2,103,201,40.6,40.1,48.1,22.5,F,None
338,WCA2A_Marsh,29.4,103.4,202.9,40.8,38.9,49.9,21.5,F,None
339,WCA2A_Marsh,20.2,71.2,144.6,26.3,24.2,30.6,7,M,None
340,WCA2A_Marsh,25.1,90.6,186,36.4,33.1,42.5,16,F,None
341,Lox_Marsh,20.8,76,150.5,29,28.5,33.5,9.5,F,None
342,Lox_Marsh,29,107,216,44,41.5,53,31,F,None
343,Lox_Marsh,20.5,74.5,152.5,29.5,29,35.5,9.5,F,None
344,Lox_Marsh,29,109,211.5,45.5,44,61,33,F,None
345,WCA2A_Marsh,25.5,93.8,186.4,38,35.1,44.7,18.5,F,None
346,WCA2A_Marsh,31,110.5,223.6,45.4,45.2,58,32,F,Snaggle tooth
347,WCA2A_Marsh,27,102.6,200,40,36.4,47.7,24.5,F,None
348,WCA3A-HD_Marsh,17.9,66.2,133.9,23.6,24.1,30.1,5.6,F,None
349,WCA3A-HD_Marsh,17.5,65.1,132.6,26.7,26.8,30.6,6.3,M,None
350,WCA3A-HD_Marsh,31.7,113.7,227,45,43,50.3,32,M,None
351,WCA3A-HD_Marsh,16.2,57.5,121.2,22.8,22.1,26.5,4.2,F,None
352,WCA3A-HD_Marsh,28.9,106.2,205.5,46.4,44.6,58.1,31,F,None
353,WCA3A-HD_Marsh,16.3,57.5,118,21.3,20.1,26.7,3.6,F,None
354,WCA3A-HD_Marsh,17.8,63.2,126.8,24.7,22.5,27.8,5.4,M,None
355,WCA3A-HD_Marsh,38.8,136,275,58.8,62.4,67.4,NA,M,Right front leg broken and rehealed. Bad right front middle toe.
356,WCA3A-HD_Marsh,16.2,60.2,124.6,24.3,23.5,26.9,4.9,F,None
357,WCA3A-HD_Marsh,22.1,80,154,31.5,30.5,36.4,10,F,None
358,WCA3A-HD_Marsh,38.5,139,268,56.5,56.7,70,NA,M,None
359,WCA3A-HD_Marsh,34.5,123.2,238.4,48,48.7,59.2,42,M,None
360,WCA3A-HD_Marsh,27.6,109,211.5,43,40.9,51,25.5,F,None
361,WCA3A-HD_Marsh,21.2,75.4,149.6,29,28,34.3,9.4,M,None
362,WCA3A-HD_Marsh,28.4,101.6,196.6,43.8,39.4,46.6,24,F,None
363,WCA3A-N41_Marsh,21.9,81.7,162.8,30.4,29.3,36.5,NA,M,None
364,WCA3A-N41_Marsh,27.7,104,207.6,39.8,38.2,48.5,23,M,None
365,WCA3A-N41_Marsh,18.8,69.4,139.4,27.5,25.8,30.4,7.2,F,None
366,WCA3A-N41_Marsh,38.6,138.4,262.5,58,57.5,68,NA,M,Incomplete tail
367,WCA3A-N41_Marsh,22.5,82,164.4,34,32.6,37.8,NA,M,None
368,WCA3A-N41_Marsh,31.2,112,218.2,49.3,48.2,57.9,37,M,Missing right rear foot--fully healed
369,WCA3A-N41_Marsh,20.5,77,153.2,30,28.9,31.3,9.5,M,None
370,ENP-SS,28.2,108,223,43,40.9,52.6,32.5,F,None
371,ENP-SS,18.3,67,135,26,26.6,28.7,7,F,None
372,ENP-SS,34.2,120.9,233,53,49.8,65.2,47,M,Minor scarring around jaws
373,ENP-SS,28.5,108,217,36.7,39.5,49.5,25,F,None
374,ENP-SS,26.5,101.5,189,42.5,42.7,52.8,30.5,F,Incomplete tail
375,ENP-SS,24.9,89.4,176.9,32.6,30.1,37.4,17,F,None
376,ENP-SS,26.3,98.2,190,38.2,33.6,45.4,22.5,F,None
377,Lox_Marsh,27.5,103.5,203.6,43.5,39,50,26.75,F,None
378,Lox_Marsh,29.5,107,213,44.5,42.5,53,30.5,F,None
379,Lox_Marsh,28,102.5,201,40.5,37.5,46,21.5,F,Missing left rear leg
380,Lox_Marsh,36.5,133,255,56.5,59,68.5,61.5,M,None
381,Lox_Marsh,22.7,80.2,140.3,31.5,30.5,35.5,11,F,Incomplete tail
382,Lox_Marsh,31,112.5,224.2,40,42,52,30,F,None
383,WCA3A-N41_Marsh,31.1,112,208.1,46,44.2,56.8,31,F,Incomplete tail
384,WCA3A-N41_Marsh,29.5,104.5,203.9,46.4,42.5,52.4,31,F,None
385,WCA3A-N41_Marsh,18,65.3,127.4,24.1,22.9,29.4,5.4,F,None
386,WCA3A-N41_Marsh,27.5,101.6,175,40.6,37.2,46,21,M,Incomplete tail
387,WCA3A-N41_Marsh,25.8,93.1,186.5,39.2,37,46.7,20.5,F,None
388,WCA3A-N41_Marsh,15.9,55.4,112.4,22.4,20.4,25.9,4,F,None
389,ENP-EST,28,97.1,158,36.6,36.1,45.7,18,M,Incomplete tail
390,ENP-EST,22.1,80.4,165,33.4,30.5,38.4,12.5,M,Missing toe/right front/tip
391,ENP-EST,18.8,66.5,134.5,25.3,22.6,27.1,5.9,F,None
392,ENP-EST,33.8,125.6,244,51.4,47.7,63.7,NA,M,Scar near end of tail
393,ENP-EST,33.5,123,236.2,43,43.4,61.8,33,M,None
394,ENP-EST,30,113,219.3,50.4,51,57.4,36,M,None
395,ENP-EST,22,75.2,154.6,28.1,28.4,36.4,8.7,M,Missing right hand foot and 4 toes on left foot
396,ENP-EST,32.2,115.5,232.9,46.1,42.4,55.9,31,M,Missing front right foot
397,ENP-EST,35.4,130.6,248.6,50.2,52.3,69.2,48.5,M,None
398,ENP-EST,24.4,89.8,174.7,36.9,34.6,45.2,15,M,None
399,ENP-EST,34.9,120.2,233.3,46.7,50.5,63.4,37.5,M,None
400,ENP-SS,29.5,117.1,236.5,48,44,62,40,M,None
401,ENP-SS,19.4,75.5,149,25.3,25.2,31.3,8.9,M,None
402,ENP-SS,20.3,79.5,155,27.3,27.1,32.8,8.9,F,None
403,ENP-SS,30.8,112.5,207.7,41.8,39.9,52,27,M,Incomplete tail
404,ENP-SS,19.9,73.2,146.8,27.8,26.8,34.3,8.8,F,None
405,ENP-SS,21,74.9,150,28.9,29.5,33.8,8.5,M,None
406,ENP-SS,30,107.3,215.5,45.5,44,51.4,37,F,None
407,ENP-SS,35.8,130.5,254,49.6,50.5,58,NA,M,None
408,WCA3A-N41_Marsh,40.2,146.9,277.5,60.3,57.6,76.3,NA,M,None
409,WCA3A-N41_Marsh,19.7,73,145.8,26,26.5,31.2,7.4,F,None
410,WCA2A_Marsh,19.2,65.9,136.8,24.8,22,30,5.6,M,None
411,WCA2A_Marsh,31,114,224,42,40.2,51,27.5,M,None
412,WCA3A-HD_Marsh,16.5,59.5,122.6,21.4,21,25.4,3.9,F,None
413,WCA3A-HD_Marsh,22.9,80.3,161.8,30.5,30.8,35.5,10.5,M,None
414,WCA3A-HD_Marsh,19,66,131.3,24.2,23.6,30,5.6,M,None
415,WCA3A-HD_Marsh,19.6,74.5,144,29,27.5,33.7,8.2,M,None
416,WCA3A-HD_Marsh,18,66.5,130,24.2,23.1,28.4,5.2,M,None
417,WCA3A-HD_Marsh,26.5,107,212,45.5,42.5,55,31,F,None
418,WCA3A-N41_Marsh,23,81,161,33.8,31,41,13.5,F,None
419,WCA3A-N41_Marsh,28.4,105,206.5,40,39.2,48.4,25.1,F,None
420,WCA3A-N41_Marsh,31.5,116.4,231.3,45.6,46.5,58.8,34,M,None
421,WCA3A-N41_Marsh,26,98.4,196.8,38.6,37.5,48,18,M,None
422,WCA3A-N41_Marsh,16.6,64.2,132,22.8,22.4,29.7,5,M,None
423,WCA3A-N41_Marsh,27.5,102,195.6,39.5,39.5,53.5,25.1,F,"Bite wound, mid-dorsal, between rear legs."
424,WCA3A-N41_Marsh,25.6,95.5,190.3,37.2,38,45.5,20.5,M,None
425,ENP-SS,24,90.3,177.6,30.8,30.5,38.7,13,M,None
426,ENP-SS,32.3,121.4,234.6,38.6,39,55.1,28.5,M,Fighting injury on lower jaw.
427,ENP-SS,22.7,85.2,168.8,32.9,30.5,40.3,12.6,F,None
428,ENP-SS,34,123.9,234,44,43.8,55.8,34.5,M,Extra nub on hind left toe.
429,ENP-SS,NA,113.4,223,41.5,40.3,52.7,29,F,None
430,ENP-SS,16.9,62.5,120.5,21.5,21.4,27.1,4,F,None
431,ENP-SS,31,119,231.6,40.7,40.1,59.8,32.5,F,None
432,ENP-SS,33.5,123.1,233,41.5,44,55.9,36,M,None
433,ENP-SS,16.3,60.3,123.4,22.7,23.9,25.6,4.4,F,None
434,ENP-SS,26.4,95,186,38.6,35.7,45.2,19,M,None
435,ENP-SS,30.8,114.9,222.7,42.6,43.5,57,34,F,"S9,DL11,DR5 tail scute numbers"
436,ENP-SS,22.7,82.4,166.3,31.7,31.1,41,13,F,None
437,ENP-SS,18.5,69.8,143,25.1,25.4,18.5,6.9,F,None
438,ENP-SS,24.9,92,182.3,35.6,34.5,38.2,15.5,F,None
439,ENP-SS,28.5,108,217,39.5,39.5,52.5,27,F,Missing left front end of second toe.
440,Lox_Marsh,28,105.7,208.5,43.7,NA,NA,29,F,None
441,Lox_Marsh,17.2,66,134,24.5,NA,NA,6.1,F,None
442,Lox_Marsh,29,109,210,41,NA,NA,29.5,F,None
443,Lox_Marsh,28.2,105,207.5,41,NA,NA,25,F,None
444,Lox_Marsh,18.2,66.5,132,26,NA,NA,6.3,M,None
445,Lox_Marsh,28.5,110,215.5,41,NA,NA,29,F,None
446,Lox_Marsh,14.7,53.7,111.5,20.5,NA,NA,3.1,M,None
447,Lox_Marsh,31,112.5,219.5,41.5,NA,NA,31,M,None
448,Lox_Marsh,27.3,104.3,209,42.5,NA,NA,28,F,None
449,Lox_Marsh,29,108.7,198,42,NA,NA,32.5,F,Incomplete tail
450,Lox_Marsh,15,53.7,100,21.5,NA,NA,2.2,M,Incomplete tail
451,Lox_Marsh,23,84,173.3,33.8,NA,NA,12,M,Old bite mark on tail near double scutes.
452,WCA2A_Marsh,27,104.9,203,33.8,36.6,42.4,19.5,M,None
453,WCA2A_Marsh,18.9,67.3,135.1,23.4,24,29.8,6.25,F,None
454,WCA2A_Marsh,26.5,105,197,37,37.1,46.3,13,F,None
455,WCA2A_Marsh,28.2,103.1,200.2,37.4,37,45.4,20,F,None
456,WCA2A_Marsh,19,69.9,135.4,24.4,25.4,29,6,F,None
457,WCA3A-N41_Marsh,30,107.6,218.2,40.7,41,51.5,27,M,"Protruding, scarred scute on right dorsal side."
458,WCA3A-N41_Marsh,24.2,90.8,178.5,35.9,35,43.8,16,M,None
459,WCA3A-N41_Marsh,25.3,96,192.5,39.2,37.5,50,19.5,F,None
460,WCA3A-N41_Marsh,26,97.5,190.6,38.4,38,49,21,F,None
461,WCA3A-N41_Marsh,27,98.1,201.5,38.9,36.5,46.5,23.5,F,None
462,WCA3A-N41_Marsh,28.5,98.5,194.5,38.9,36,49.4,21.5,F,None
463,WCA3A-N41_Marsh,20.5,74,145.6,28,25,34.5,9.8,M,Hole in web.
464,WCA3A-N41_Marsh,16.8,60,120.8,22.5,22.1,25.5,4.8,F,None
465,WCA3A-N41_Marsh,25.4,94.6,191.5,36.8,34.6,46.2,18.5,F,None
466,Lox_Marsh,16.3,58,117.5,21.5,NA,NA,4.2,M,None
467,Lox_Marsh,28.6,102,199,36,NA,NA,22,F,Missing left front foreleg.  Right rear foot missing toes.
468,Lox_Marsh,29.5,108.5,221,43,NA,NA,28,F,None
469,WCA2A_Marsh,21,80.6,156.5,30.2,30.2,38.3,10,M,None
470,WCA2A_Marsh,28.4,108.7,211,40.3,40.4,51.2,23,F,None
471,WCA2A_Marsh,28.8,107.6,216,40.2,38.5,48.7,22.5,F,None
472,WCA2A_Marsh,26.5,101.1,202.5,36.7,35.7,48.3,20.5,F,None
473,WCA2A_Marsh,22.6,79.1,158.4,31,29.3,36.9,10.8,M,None
474,WCA2A_Marsh,23.6,85.2,168.5,33.7,30.8,40.5,11,M,None
475,WCA2A_Marsh,25.6,94.8,188.5,38.5,36.8,47.5,17,F,None
476,WCA2A_Marsh,15,57,117,21,20,25,3.6,M,None
477,WCA3A-HD_Marsh,17.8,63.4,127.6,24.5,25.5,30.7,5.3,M,None
478,WCA3A-HD_Marsh,17.7,63.5,127,24.5,24.9,30,5.2,M,None
479,WCA3A-HD_Marsh,19.3,75.4,147,27.2,26.4,30.9,7.1,M,None
480,WCA3A-HD_Marsh,23.4,83.4,162.1,31.4,31.2,36.1,12,M,None
481,WCA3A-HD_Marsh,29.2,108,210,41.6,42,47.5,27.5,F,"Serrated,toothlike protrusion from soft tissue of lower jaw."
482,WCA3A-HD_Marsh,23.9,85.5,166,34.2,32.4,41.3,13.5,F,None
483,WCA3A-HD_Marsh,28.4,102.6,207,40.4,37.3,44.9,23.5,F,Missing right rear leg.
484,WCA3A-HD_Marsh,20,73.8,151,29.9,27.4,35.5,9.8,M,None
485,WCA3A-HD_Marsh,27.5,96.6,192,40.3,40.9,48.8,21,F,None
486,WCA3A-HD_Marsh,24.6,87.8,177,34.5,31.5,39.2,14.5,M,None
487,ENP-EST,32.5,121,239,48,44,58.5,44,M,None
488,ENP-EST,29.1,108,215,40.5,38.5,52,37,M,None
489,ENP-EST,26,99.5,194,35,34,43,19,M,None
490,ENP-EST,33,125,237,46,47,61,47.5,M,Incomplete tail
491,ENP-EST,33.5,129,243,52.5,54,67,53,M,Small injury on tail scutes
492,ENP-EST,34,123,230,48,42.9,58.6,38,M,None
493,ENP-EST,22.5,80,191.7,29.2,28.4,34.9,10.2,M,None
494,ENP-EST,33.2,116,233.5,40.5,40.9,51.2,32,M,None
495,ENP-EST,21.2,77.5,159,28.5,26.2,34,9.1,M,None
496,ENP-EST,25.4,94.4,193.5,32.3,34.1,40.8,15.9,F,None
497,ENP-EST,36.5,133.5,260,50.2,50,66.2,53,M,Abuse on dorsal scutes.
498,ENP-EST,31.2,111.4,212.4,41.8,43.6,52.1,28,M,None
499,ENP-EST,21,74.7,151,29,28,36,9,F,None
500,ENP-EST,16.3,60,118.9,20.9,22.2,27.4,3.7,F,None
501,ENP-EST,37,139.5,268.5,59.5,60.8,74.5,NA,M,Two nails on one toe.
502,Lox_Marsh,15.5,57,113,20,NA,NA,3.1,F,None
503,Lox_Marsh,33,120,232,49,NA,NA,37.5,M,Missing two front feet.
504,Lox_Marsh,27.3,101.5,195.5,36.5,NA,NA,20,M,2nd and 3rd left double scutes damaged.
505,Lox_Marsh,23.6,87.7,172,32,NA,NA,13,M,None
506,Lox_Marsh,28,106.8,197,42.5,NA,NA,24.75,F,Incomplete tail
507,Lox_Marsh,32.5,124,241.5,50.3,NA,NA,42,F,None
508,Lox_Marsh,19,68,135,28.5,NA,NA,7.3,F,None
509,Lox_Marsh,33.5,126,248,51.8,NA,NA,40,M,None
510,Lox_Marsh,33.5,123.5,229,39.3,NA,NA,32.5,M,Incomplete tail
511,Lox_Marsh,14.3,50.5,103.5,18.7,NA,NA,2.55,M,Incomplete tail
512,Lox_Marsh,14.5,50,103,18.4,NA,NA,2.5,F,None
513,Lox_Marsh,31,121,229,42,NA,NA,32,F,None
514,Lox_Marsh,19.2,69,140,26.5,NA,NA,6.8,F,None
515,Lox_Marsh,18.5,70,140,26,NA,NA,6.8,F,None
516,Lox_Marsh,18,57.5,132,25.3,NA,NA,6.1,M,None
517,WCA2A_Marsh,23.5,89.9,180.3,31.8,NA,NA,14,M,None
518,WCA2A_Marsh,11,39.6,77,15,NA,NA,1,F,Left Front missing middle…?(toe)?
519,WCA2A_Marsh,28,100,201,41.3,NA,NA,24,F,None
520,WCA2A_Marsh,19.2,71.3,141.1,27,NA,NA,6.5,F,Right front foot 3rd toe deformed.
521,WCA2A_Marsh,10.5,37.3,75.9,13.2,NA,NA,0.84,F,None
522,WCA2A_Marsh,13.8,51,101.7,17,NA,NA,2,M,None
523,WCA2A_Marsh,22.6,80.5,165,30.8,NA,NA,12,F,None
524,WCA2A_Marsh,25.5,97.5,198.2,39,NA,NA,22,F,None
525,WCA2A_Marsh,26,101,199,37.7,NA,NA,21,F,None
526,WCA2A_Marsh,35.5,126.5,248,46,NA,NA,44,M,None
527,WCA2A_Marsh,21,78,159,29.6,NA,NA,9.4,M,None
528,WCA2A_Marsh,17.7,64,127.1,24.5,NA,NA,5.6,M,None
529,WCA2A_Marsh,16,60.5,121.5,23.4,NA,NA,4.4,M,None
530,WCA2A_Marsh,11.2,42,86.3,14.5,NA,NA,1.3,M,None
531,WCA2A_Marsh,12,40.8,65.2,16.7,NA,NA,1.5,F,Incomplete tail
532,WCA2A_Marsh,9.2,34,69.5,11,NA,NA,0.7,F,None
533,WCA2A_Marsh,29,107,210,39.5,NA,NA,27,M,None
534,WCA2A_Marsh,28.5,104.5,207.5,38,NA,NA,25.5,F,One eye (maybe bitten).  Right eye bad.
535,WCA3A-HD_Marsh,12.5,44.2,87.1,15.4,NA,NA,1.48,F,None
536,WCA3A-HD_Marsh,11.4,41.3,82.2,14.2,NA,NA,1.12,F,None
537,WCA3A-HD_Marsh,16.5,63.6,122.2,22.7,NA,NA,4,F,None
538,WCA3A-HD_Marsh,24,86.2,172.8,38.4,NA,NA,19.2,F,None
539,WCA3A-HD_Marsh,24,90.9,173.4,36.5,NA,NA,16.8,M,None
540,WCA3A-HD_Canal,30.4,111.5,216,45.4,NA,NA,30,F,None. Scars on back and hindquarters.
541,WCA3A-HD_Marsh,25.9,93.2,186,38.8,NA,NA,19.5,M,None
542,WCA3A-HD_Marsh,9.9,35.1,70.5,12.4,NA,NA,0.75,M,None
543,WCA3A-HD_Marsh,25,85.9,171.6,36.7,NA,NA,15,M,None
544,WCA3A-HD_Marsh,26,96.2,190.5,36.2,NA,NA,20,F,Broken jaw
545,WCA3A-HD_Marsh,21.7,81.7,161.8,30.5,NA,NA,10.5,M,None
546,WCA3A-HD_Marsh,17.1,63.7,127.5,24,NA,NA,5,F,None
547,WCA3A-HD_Marsh,25,94.3,192.2,38,NA,NA,18.5,F,None
548,WCA3A-HD_Marsh,18.9,67.7,134.5,23.9,NA,NA,5.5,F,None
549,WCA3A-HD_Marsh,20.8,75.8,149.2,29,NA,NA,9.06,M,None
550,WCA3A-HD_Marsh,9.9,35,71,14.5,NA,NA,0.82,F,None
551,WCA3A-HD_Marsh,19.3,69,135.1,25,NA,NA,5.76,M,None
552,WCA3A-HD_Marsh,22.3,85.2,169.5,34,NA,NA,13.5,F,None
553,ENP-SS,21.8,79.4,158.2,31.6,NA,NA,10.5,F,None
554,ENP-SS,26.6,97.8,195,43,NA,NA,25,F,None
555,ENP-SS,14.5,54.3,114,21.2,NA,NA,3.83,F,None
556,ENP-SS,30.5,111,214,50,NA,NA,37.5,F,Scute deformity on back.
557,ENP-SS,38.7,140.6,273,63.4,NA,NA,NA,M,None
558,ENP-SS,22.7,83.9,170,31.9,NA,NA,12.5,M,None
559,ENP-SS,15,54.3,107.6,19.9,NA,NA,3.2,F,None
560,ENP-SS,27.9,106.8,171,44.5,NA,NA,NA,F,Incomplete tail
561,WCA3A-N41_Marsh,18.5,69,138.8,26.5,NA,NA,6.8,F,None
562,WCA3A-N41_Marsh,17.4,63,127.6,22.9,NA,NA,4.9,F,Missing right rear foot.
563,WCA3A-N41_Marsh,23.5,87.7,178.4,35.3,NA,NA,15,F,None
564,WCA3A-N41_Marsh,23.5,89.6,178.5,35.8,NA,NA,16,M,None
565,WCA3A-N41_Marsh,12.4,44.3,91.1,16.9,NA,NA,1.8,F,None
566,WCA3A-N41_Marsh,25.8,99,198.2,40,NA,NA,22.5,F,None
567,WCA3A-N41_Marsh,26.9,97.3,193.2,40.6,NA,NA,23.5,F,None
568,WCA3A-N41_Marsh,25.8,97.8,191,35.4,NA,NA,17,M,None
569,WCA3A-N41_Marsh,17.2,72.7,145.5,29.3,NA,NA,9.1,M,None
570,WCA3A-N41_Marsh,31.4,117.5,222.7,46.5,NA,NA,32,M,None
571,WCA3A-N41_Marsh,13.3,49.5,97.7,17.8,NA,NA,2.2,F,"None, scratches on chin."
572,WCA3A-N41_Marsh,24,92.5,177,34.3,NA,NA,14.3,M,None
573,WCA3A-N41_Marsh,29.6,111.5,209.8,43,NA,NA,30,F,"Right front foot missing,"
574,WCA3A-N41_Marsh,16.3,62.2,121.6,23,NA,NA,4.2,M,None
575,WCA3A-N41_Marsh,15.2,55.6,110.6,19,NA,NA,3.1,F,None
576,ENP-SS,12.8,45.7,91.8,17.45,NA,NA,1.9,F,None
577,ENP-EST,13,47,95.1,19,NA,NA,2.3,M,None
578,ENP-EST,21,77,156.4,32.8,NA,NA,9.5,M,None
579,ENP-EST,35.4,124.7,250.3,50.4,NA,NA,46,M,None
580,ENP-EST,20.7,75,151.8,31.4,NA,NA,8.8,M,"Missing 2 toes on right rear foot, also 2 nails on 1 right rear toe.  Missing 2 middle toes on front right foot."
581,ENP-EST,31.2,113.4,222.9,44.5,NA,NA,28.5,M,None
582,ENP-EST,37.3,128.9,253.5,53.6,NA,NA,NA,M,None
583,ENP-EST,22.3,80.2,160.4,34,NA,NA,6.6,M,None
584,ENP-EST,17.9,67,140,28.3,NA,NA,6.7,F,None
585,ENP-EST,22.5,81.5,163.9,31.9,NA,NA,10.25,M,Incomplete tail
586,ENP-EST,24,85.5,171.6,33.6,NA,NA,12,M,None
587,ENP-EST,18.4,66,130.4,24.8,NA,NA,5.9,M,None
588,ENP-EST,30,112.2,219.5,41.8,NA,NA,27,M,Scarring on tail.
589,ENP-EST,25.7,94.5,185.6,37.3,NA,NA,16.4,M,None
590,ENP-EST,13.9,48.2,97.3,18.1,NA,NA,2.4,F,None
591,ENP-EST,29.3,106.3,212,40.3,NA,NA,24,M,None
592,Lox_Marsh,13,48,93.5,16.5,NA,NA,2,F,Left right foot and foreleg missing.
593,Lox_Marsh,18.5,66,133,25.5,NA,NA,5.9,F,None
594,Lox_Marsh,30,109,214.5,39,NA,NA,24,F,None
595,Lox_Marsh,14,51.5,104,18.5,NA,NA,2.55,F,None
596,Lox_Marsh,17,62.5,122.5,22.5,NA,NA,4.8,F,None
597,Lox_Marsh,34,127,245,49.5,NA,NA,46,M,Missing right front leg.
598,Lox_Marsh,34,127,233,47,NA,NA,41,F,Incomplete tail
599,Lox_Marsh,27,102.5,206,38.5,NA,NA,22,F,None
600,Lox_Marsh,24,87,175,31.5,NA,NA,13,F,None
601,Lox_Marsh,26.8,97,190,35.5,NA,NA,18.5,F,None
602,Lox_Marsh,32,112.5,213.5,46.5,NA,NA,27,M,Incomplete tail
603,Lox_Marsh,20.3,72,145,28.5,NA,NA,8.5,M,None
604,Lox_Marsh,28.2,103.5,206,39.5,NA,NA,23.5,F,None
605,Lox_Marsh,20,72.5,148.5,27.5,NA,NA,7.9,M,None
606,Lox_Marsh,16.6,57,117,21,NA,NA,3.7,F,None
607,WCA2A_Marsh,10.5,38.5,80,14.5,NA,NA,1.08,M,None
608,WCA2A_Marsh,25.6,95.5,182.5,33.5,NA,NA,15.5,M,None
609,WCA2A_Marsh,33,117.5,229,43.6,NA,NA,32.5,M,None
610,WCA2A_Marsh,21.7,81.4,162.6,31,NA,NA,11,F,None
611,WCA2A_Marsh,21.9,78.5,153,25.5,NA,NA,8.2,M,Blind in right eye. Missing?
612,WCA2A_Marsh,28,102.8,199.5,38.6,NA,NA,21.5,F,None
613,WCA2A_Marsh,19,68.2,135.7,24.9,NA,NA,5.7,M,None
614,WCA2A_Marsh,29.7,106.5,208,37.4,NA,NA,21,F,None
615,WCA2A_Marsh,17.7,63.4,128.4,23.9,NA,NA,5.2,F,None
616,WCA2A_Marsh,20.6,76.2,150,26.6,NA,NA,7,M,None
617,WCA2A_Marsh,15.8,55.4,111.3,19.7,NA,NA,3,F,None
618,WCA2A_Marsh,11.1,39.2,77.2,11.3,NA,NA,1.1,M,None
619,WCA2A_Marsh,14,51.1,102.4,17.8,NA,NA,2.3,F,None
620,WCA2A_Marsh,12.2,42,82.3,14.3,NA,NA,1.2,M,None
621,WCA2A_Marsh,29.5,111.5,217.4,37.6,NA,NA,25,F,None
622,WCA3A-TW_Marsh,16.8,59.6,122.5,21.9,NA,NA,4.2,F,None
623,WCA3A-TW_Marsh,11.3,40.8,79.5,14.4,NA,NA,1.25,F,None
624,WCA3A-TW_Marsh,12.5,44.8,89.5,16.2,NA,NA,1.75,M,None
625,WCA3A-TW_Marsh,12.8,46.7,90.2,16.2,NA,NA,1.8,F,None
626,WCA3A-TW_Marsh,12,42.4,83.9,14.4,NA,NA,1.3,M,None
627,WCA3A-TW_Marsh,14.9,51.1,100.5,18.8,NA,NA,2.75,F,Vent glands inflamed and bleeding.
628,WCA3A-TW_Marsh,20,71.8,144.5,28.2,NA,NA,7.65,M,None
629,WCA3A-TW_Marsh,33.5,125,238.9,56,NA,NA,51,F,"Scars on upper back, posterior of chest."
630,WCA3A-TW_Marsh,23.8,85.1,173.8,32.1,NA,NA,12.15,M,None
631,WCA3A-TW_Marsh,15,55.9,107.7,19.9,NA,NA,3.15,M,None
632,WCA3A-TW_Marsh,15.9,56.6,115.8,21,NA,NA,3.6,F,None
633,WCA3A-TW_Marsh,24.3,89.8,176.2,34.1,NA,NA,15.46,U,Single scute #6 scarred.
634,WCA3A-TW_Marsh,11.7,43.2,88.3,15.4,NA,NA,1.5,M,None
635,WCA3A-TW_Marsh,10.8,37.6,77,13.3,NA,NA,1.05,M,None
636,WCA3A-TW_Marsh,33,117.2,232.8,40.6,NA,NA,31,M,None
637,WCA3A-TW_Marsh,27.9,95.4,190.8,38.6,NA,NA,21,M,None
638,WCA3A-HD_Marsh,11.2,40.7,80,14.6,NA,NA,1.2,M,None
639,WCA3A-HD_Marsh,13.3,46.5,95,16.8,NA,NA,2.1,F,None
640,WCA3A-HD_Marsh,17.6,63.2,127.2,23.9,NA,NA,4.75,F,None
641,WCA3A-HD_Marsh,11.4,39.9,80.1,14.2,NA,NA,1.3,M,None
642,WCA3A-HD_Marsh,14.7,53,106.9,19.5,NA,NA,3.1,M,None
643,WCA3A-HD_Marsh,30.3,111,215.6,42.4,NA,NA,27,M,None
644,WCA3A-HD_Marsh,30.4,111.6,219,44.8,NA,NA,34,F,Incomplete tail
645,WCA3A-HD_Marsh,26.5,93.8,183.2,35.7,NA,NA,17.4,F,None
646,WCA3A-HD_Marsh,29.2,106.8,209.7,44.7,NA,NA,28.5,F,None
647,WCA3A-HD_Marsh,21.7,81,159.5,30.5,NA,NA,10,F,Left front 4th digit missing halfway.
648,WCA3A-HD_Marsh,14.3,55.3,107,18.5,NA,NA,2.8,F,None
649,WCA3A-HD_Marsh,17.3,64.7,126.2,21.5,NA,NA,4.3,M,None
650,WCA3A-HD_Marsh,15.3,55.5,111,16.5,NA,NA,2.8,M,None
651,WCA3A-HD_Marsh,28.5,105,200,41.5,NA,NA,22,F,Incomplete tail
652,WCA3A-HD_Marsh,29.9,119,224.5,45.5,NA,NA,34,F,None
653,WCA3A-N41_Marsh,14.6,49,99.6,17.5,NA,NA,2.325,F,None
654,WCA3A-N41_Marsh,24.9,93.5,185,37.8,NA,NA,18.5,F,None
655,WCA3A-N41_Marsh,10.2,38,75.5,14,NA,NA,0.975,F,None
656,WCA3A-N41_Marsh,20,72.5,145,28.5,NA,NA,8.4,F,None
657,WCA3A-N41_Marsh,15.2,54.6,110.8,20.6,NA,NA,3.4,F,None
658,WCA3A-N41_Marsh,27,101.5,195.3,39.4,NA,NA,22,F,None
659,WCA3A-N41_Marsh,25.8,97.6,188.6,39.9,NA,NA,21,F,"Bone exposed on front right leg at 1st toe, scar on tail."
660,WCA3A-N41_Marsh,28,101.8,200.1,45.1,NA,NA,25.5,F,None
661,WCA3A-N41_Marsh,21,78.4,157.7,31.6,NA,NA,10,M,None
662,WCA3A-N41_Marsh,22,78,158.6,31.1,NA,NA,10.4,M,None
663,WCA3A-N41_Marsh,24,90,178.5,34.3,NA,NA,14.25,M,None
664,WCA3A-N41_Marsh,10.3,35.4,72.3,12,NA,NA,0.81,M,None
665,WCA3A-N41_Marsh,14.2,50.6,96.9,18.3,NA,NA,2.6,F,Incomplete tail
666,WCA3A-N41_Marsh,28.7,107.3,209.7,43.5,NA,NA,25.25,F,None
667,WCA3A-N41_Marsh,27.5,103,208.1,43.7,NA,NA,26.5,F,None
668,WCA3A-N41_Marsh,25.5,NA,181,35.7,NA,NA,16,F,None
669,WCA3A-TW_Marsh,39.8,139,271.5,58.5,NA,NA,70,M,"Raised scute, right rear foot missing middle toe at knuckle."
670,ENP-FC,17.2,61.8,122,22.5,NA,NA,4.6,M,Toe on right front foot missing.
671,ENP-FC,12.2,43.9,84.9,14.1,NA,NA,1.3,F,None
672,ENP-FC,11.7,41.4,82.4,15,NA,NA,1.25,F,None
673,ENP-FC,23.9,86.5,170.5,34.8,NA,NA,14.25,M,None
674,ENP-FC,32.5,118.6,229.8,43.9,NA,NA,34,M,None
675,ENP-FC,28.1,104.3,200.8,40.6,NA,NA,25,M,None
676,ENP-FC,35.6,131.2,257,51.5,NA,NA,49,M,None
677,ENP-FC,29.9,111.4,217,39,NA,NA,24.5,M,None
678,ENP-FC,32.2,118,236,46,NA,NA,34.5,M,None
679,ENP-FC,23.5,84.5,168.2,27.5,NA,NA,9.5,M,None
680,ENP-FC,25.9,96.9,188.5,35.8,NA,NA,17.5,F,None
681,ENP-FC,22.3,80.9,161,32.6,NA,NA,11.3,F,"8th single scute has one inch long elongated hole, possibly where a tag has been."
682,ENP-FC,17,60.1,121.2,22.6,NA,NA,4.2,M,None
683,ENP-FC,23.3,85.8,169.2,30.2,NA,NA,12,M,None
684,ENP-FC,28.5,111,221.9,39.5,NA,NA,27,F,Scarring on right rear foot near 2nd toe.
685,ENP-SS,23.2,87,171.3,29.9,NA,NA,12.1,F,None
686,ENP-SS,11.9,41.9,84.7,14.5,NA,NA,1.4,M,None
687,ENP-SS,25.9,97.5,188.3,23.1,NA,NA,13.1,F,"None, emaciated."
688,ENP-SS,17.8,65.4,127.3,22.3,NA,NA,5.3,M,None
689,ENP-SS,18.9,69.8,139.8,24.9,NA,NA,6.8,F,None
690,ENP-SS,10.8,38.3,78.7,12.7,NA,NA,1,F,None
691,ENP-SS,12.9,45.5,91.1,17.8,NA,NA,1.8,M,None
692,ENP-SS,14.5,52.8,107.6,19.6,NA,NA,2.8,F,None
693,ENP-SS,12.3,44.8,85,15.9,NA,NA,1.6,F,Incomplete tail
694,ENP-SS,23.2,87,177,33,NA,NA,14,F,None
695,ENP-SS,23.5,89.4,181.3,34.7,NA,NA,10.5,F,None
696,ENP-SS,25,91.7,184.2,34.7,NA,NA,16,F,None
697,ENP-SS,26.5,97.8,198.6,32,NA,NA,16,M,None
698,ENP-SS,26,96.4,187.7,36.9,NA,NA,18,F,None
699,ENP-SS,25.2,94.5,188,35.5,NA,NA,16,F,None
700,ENP-EST,21.5,81.5,167,31.9,NA,NA,11.4,M,None
701,ENP-EST,28.1,104,211,37.4,NA,NA,21.5,M,None
702,ENP-EST,25.2,91.2,179.8,33.7,NA,NA,15.5,M,None
703,ENP-EST,22.6,85.5,147,30.3,NA,NA,10.5,M,Incomplete tail
704,ENP-EST,24.8,93.5,186.5,33.5,NA,NA,14.5,M,None
705,ENP-EST,22.8,81.8,160.2,23.5,NA,NA,9.5,M,None
706,ENP-EST,31.9,116.3,225.2,27.2,NA,NA,20,M,Broken jaw
707,ENP-EST,35.2,125.3,244,48.5,NA,NA,46,M,None
708,ENP-EST,31.6,114.5,222.5,43.8,NA,NA,34,M,None
709,ENP-EST,26.2,110.4,171.5,35.4,NA,NA,23.5,M,Incomplete tail
710,ENP-EST,25,90.6,180.4,36.1,NA,NA,18,M,None
711,ENP-EST,28.3,105,207.9,42.6,NA,NA,28.5,M,Missing front left foot.
712,ENP-EST,31.4,116,230,41.9,NA,NA,34.5,M,None
713,ENP-EST,35.5,133.7,259,41.5,NA,NA,35,M,"First single deformed, tip of snout cut."
714,ENP-EST,29.9,109,215.9,39.5,NA,NA,26.5,M,None
715,ENP-EST,25.5,93.5,187.2,34.3,NA,NA,15.5,M,None
716,ENP-EST,32.8,118.2,233.6,42.7,NA,NA,32,M,None
717,ENP-EST,38.5,137.5,277.7,38.4,NA,NA,39,M,None
718,ENP-EST,28.2,103,206.8,42.5,NA,NA,25,M,None
719,Lox_Marsh,21.2,78.3,153,29,NA,NA,9.25,M,None
720,Lox_Marsh,22.1,86,165.5,31.4,NA,NA,6.4,F,None
721,Lox_Marsh,26.7,103.3,200,36,NA,NA,21,F,None
722,Lox_Marsh,23.4,88.9,175.1,34.6,NA,NA,14,F,None
723,Lox_Marsh,17.9,66.5,132.8,24.1,NA,NA,5.35,M,None
724,Lox_Marsh,16.7,59.4,123.5,22.1,NA,NA,4.2,F,None
725,Lox_Marsh,17.8,64.3,126,22.8,NA,NA,5.2,M,None
726,Lox_Marsh,27.8,108.7,206,39.4,NA,NA,24,F,Left front toe 4 missing
727,Lox_Marsh,23.7,86.7,172.2,32.1,NA,NA,13,M,None
728,Lox_Marsh,22.4,85.5,167.5,29.5,NA,NA,11.5,M,Missing toe right front foot
729,Lox_Marsh,26,98.5,192,36,NA,NA,17,M,None
730,WCA2A_Marsh,33.2,115.7,229.7,46,NA,NA,34,M,None
731,WCA2A_Marsh,20.3,73.8,142.8,26.2,NA,NA,7.2,M,None
732,WCA2A_Marsh,17.4,64.8,128.8,23.4,NA,NA,5.9,M,None
733,WCA2A_Marsh,29.9,107.1,211.6,43.9,NA,NA,29.5,F,None
734,WCA2A_Marsh,30.4,109.5,210.7,44.1,NA,NA,29,M,None
735,WCA2A_Marsh,38.1,136,261.8,50.5,NA,NA,52,M,None
736,WCA2A_Marsh,14.9,52.6,97.4,17,NA,NA,2.9,M,None
737,WCA2A_Marsh,15.4,57.2,111.8,20.1,NA,NA,3.6,M,None
738,WCA2A_Marsh,15.5,57,112.5,20.2,NA,NA,3.7,F,None
739,WCA2A_Marsh,28.2,102.1,201,38.8,NA,NA,24,F,None
740,WCA2A_Marsh,25.4,93.1,182.9,27.7,NA,NA,11.25,M,Emaciated looking
741,WCA2A_Marsh,25.4,95.3,188.6,36.8,NA,NA,19,F,None
742,WCA2A_Marsh,23,87.2,170.7,31.3,NA,NA,12.2,F,None
743,WCA2A_Marsh,37.4,142.3,266.9,48.9,NA,NA,54,M,"Small scar on right rear of jaw, missing digit on left front hand"
744,WCA2A_Marsh,27.7,102.3,189.5,37.8,NA,NA,21.5,F,None
745,WCA3A-N41_Marsh,26.8,99.8,187.8,39.7,NA,NA,22.5,F,None
746,WCA3A-N41_Marsh,16,57.2,116.5,21.5,NA,NA,4.3,M,None
747,WCA3A-N41_Marsh,18.5,65.7,129.9,23,NA,NA,6.4,F,None
748,WCA3A-N41_Marsh,14.6,49.8,104,18.3,NA,NA,2.6,F,None
749,WCA3A-N41_Marsh,13.5,47.3,96.5,18.4,NA,NA,2.5,F,None
750,WCA3A-N41_Marsh,28.9,109.4,220.5,46.5,NA,NA,33,F,None
751,WCA3A-N41_Marsh,32,114.5,224,47.5,NA,NA,35,M,Single 7 and 13 deformed
752,WCA3A-N41_Marsh,27,106.8,198.5,41.3,NA,NA,22.5,M,Missing right front foot
753,WCA3A-N41_Marsh,28.8,106.2,184.9,42.6,NA,NA,25.2,M,Incomplete tail
754,WCA3A-N41_Marsh,14.2,51.5,107.1,19.3,NA,NA,2.8,F,None
755,WCA3A-N41_Marsh,21,76.5,151.6,27.2,NA,NA,8.2,M,None
756,WCA3A-N41_Marsh,17.6,64.5,129.8,23.3,NA,NA,5.2,F,None
757,WCA3A-N41_Marsh,18.6,67.2,135.9,24.2,NA,NA,5.8,M,None
758,WCA3A-N41_Marsh,30.1,110.3,215.6,42.8,NA,NA,25.9,F,None
759,WCA3A-N41_Marsh,29.3,109.6,215.4,45,NA,NA,31,F,None
760,ENP-FC,14.6,53.5,107.7,21.6,NA,NA,3.3,F,None
761,ENP-FC,15.7,55.2,112.2,21.4,NA,NA,3.6,F,None
762,ENP-FC,23,87,171,35.7,NA,NA,13.5,F,None
763,ENP-FC,18.6,67,134.3,26.6,NA,NA,6.2,F,None
764,ENP-FC,18,63.5,124.4,23.9,NA,NA,5.2,F,Solid ball in throat
765,ENP-FC,31.2,113.6,218,46.5,NA,NA,33,M,None
766,ENP-FC,33.3,118.8,228.8,45.4,NA,NA,31,M,Fighting scars
767,ENP-FC,23.6,86.7,170.1,30.7,NA,NA,11.8,M,None
768,ENP-FC,13.1,47.3,96.2,17.5,NA,NA,2.1,F,None
769,ENP-FC,16.6,58.4,118.5,20.3,NA,NA,3.7,F,None
770,ENP-FC,15.6,55.4,109.4,20,NA,NA,3.3,F,None
771,ENP-FC,22.6,82.7,146,29.9,NA,NA,11,F,Incomplete tail
772,ENP-FC,26,96.9,191.6,34,NA,NA,18.4,F,None
773,ENP-FC,25.1,93.5,189.1,30.3,NA,NA,14.2,F,None
774,ENP-FC,38.8,145,283.2,56.5,NA,NA,69,M,Left eye opaque
775,WCA3A-HD_Marsh,12.5,44.2,89.2,16.4,NA,NA,1.7,F,None
776,WCA3A-HD_Marsh,17.1,64.1,126.9,24,NA,NA,5.5,F,None
777,WCA3A-HD_Marsh,11,38.5,78.1,13.5,NA,NA,1.8,F,Right front foot 4th toe missing
778,WCA3A-HD_Marsh,14.8,53.1,108.8,20,NA,NA,3.25,F,None
779,WCA3A-HD_Marsh,23.1,84.8,170.1,33.2,NA,NA,13.25,F,None
780,WCA3A-HD_Marsh,28.9,104.1,207,40.2,NA,NA,23.5,F,NA
781,WCA3A-HD_Marsh,38.7,137.2,278.5,52,NA,NA,62,M,None
782,WCA3A-HD_Marsh,29.7,112.7,220.4,46.6,NA,NA,32,M,None
783,WCA3A-HD_Marsh,16.4,57.4,118,22.1,NA,NA,4.7,F,None
784,WCA3A-HD_Marsh,15.5,54.3,108.8,19.8,NA,NA,3.5,F,None
785,WCA3A-HD_Marsh,12.2,43.6,86.4,12.4,NA,NA,1.5,F,None
786,WCA3A-HD_Marsh,15.7,53.8,109.1,20.4,NA,NA,3.4,F,None
787,WCA3A-HD_Marsh,12.9,45.5,94,16.3,NA,NA,1.75,M,None
788,WCA3A-HD_Marsh,24.5,89.4,177,36.5,NA,NA,16.2,M,None
789,WCA3A-HD_Marsh,30.8,110.8,216.5,45,NA,NA,30,F,None
790,ENP-SS,11.2,39.5,81.5,14.2,NA,NA,1.3,F,None
791,ENP-SS,34.7,134,253.5,44.9,NA,NA,43,M,Missing nail on foot
792,ENP-SS,25.5,97.8,191.2,38.4,NA,NA,20.5,F,None
793,ENP-SS,28,106.4,202.4,32.6,NA,NA,21,F,None
794,ENP-SS,34.4,131.9,237.5,39.8,NA,NA,38,M,None
795,ENP-SS,25.4,94.8,182,32.7,NA,NA,15,M,None
796,ENP-SS,22,82,160.6,31.8,NA,NA,11.8,M,None
797,ENP-SS,14.7,54.6,112.5,19.9,NA,NA,3.3,M,None
798,ENP-SS,18.5,70.2,138.2,27.3,NA,NA,7.55,F,None
799,ENP-SS,13.3,48.7,100.1,17.4,NA,NA,2.25,F,None
800,ENP-SS,18.3,66.9,132.8,24.5,NA,NA,5.9,F,None
801,ENP-SS,13.9,50.6,100.1,19.6,NA,NA,3,M,Incomplete tail
802,ENP-SS,37.2,136.6,257,46.9,NA,NA,46,M,None
803,ENP-SS,28.5,109.7,206.5,36.9,NA,NA,23,M,None
804,ENP-SS,22.5,83.4,165.1,35.3,NA,NA,14,F,None
805,Lox_Marsh,34.2,128.1,249.5,53.8,NA,NA,51,M,None
806,Lox_Marsh,15,55.7,112.9,21,NA,NA,3.1,M,None
807,Lox_Marsh,14.2,50.5,103,18.3,NA,NA,2.5,F,None
808,Lox_Marsh,14.3,52.4,107.5,19.1,NA,NA,3.2,M,None
809,WCA3B_Marsh,23.2,83.7,165.4,32.5,NA,NA,12,F,None
810,WCA3B_Marsh,14,48.4,98.7,16.4,NA,NA,1.9,F,None
811,WCA3B_Marsh,11.1,38,77.7,13.6,NA,NA,1.05,M,None
812,WCA3B_Marsh,23.7,83.9,169.4,26.5,NA,NA,9.8,M,None
813,WCA3B_Marsh,15.6,55.2,112.1,21.1,NA,NA,3.6,M,None
814,WCA3B_Marsh,18,65.1,130.1,19.2,NA,NA,4.45,F,None
815,WCA3B_Marsh,13.2,47.8,97.4,17.8,NA,NA,2.05,M,None
816,WCA3B_Marsh,18.1,65,128.6,23.1,NA,NA,4.8,F,None
817,WCA3B_Marsh,30.5,113.2,224.4,45.4,NA,NA,30.5,F,None
818,WCA3B_Marsh,30.5,109.8,216.1,44.5,NA,NA,26,M,None
819,WCA3B_Marsh,29,104.7,209.8,40,NA,NA,20,M,None
820,WCA3B_Marsh,29.3,109,209.9,37.5,NA,NA,23,M,None
821,WCA3B_Marsh,28.9,108.2,215.4,37.3,NA,NA,24.5,M,Scarring on back and belly
822,WCA3B_Marsh,29.4,110.2,215,37.8,NA,NA,25,M,None
823,WCA3B_Marsh,32.5,116.3,219.6,39.3,NA,NA,26,M,Missing left front foot
824,WCA3A-TW_Marsh,33,120.4,213.2,42.8,NA,NA,33,M,Incomplete tail
825,WCA3A-TW_Marsh,11.6,42.6,84.7,15.4,NA,NA,1.5,F,None
826,WCA3A-TW_Marsh,15.4,54,108.4,20.5,NA,NA,3.4,M,None
827,WCA3A-TW_Marsh,16.2,56.8,119.2,23.8,NA,NA,4.3,F,None
828,WCA3A-TW_Marsh,18.5,65.5,134,23.1,NA,NA,5.7,F,None
829,WCA3A-TW_Marsh,12.3,44,88.2,16.3,NA,NA,1.7,F,None
830,WCA3A-TW_Marsh,15,53.6,106.7,18.8,NA,NA,2.4,F,None
831,WCA3A-TW_Marsh,11.1,40.6,84.2,15.2,NA,NA,1.44,M,None
832,WCA3A-TW_Marsh,17.7,63.6,129.4,25.6,NA,NA,6.1,F,None
833,WCA3A-TW_Marsh,25.3,91.4,182.1,36.1,NA,NA,16.8,M,None
834,WCA3A-TW_Marsh,22.5,83,164.9,32.3,NA,NA,11,F,Missing right rear foot
835,WCA3A-TW_Marsh,11.1,40,80.8,14.7,NA,NA,1.31,F,None
836,WCA3A-TW_Marsh,27.6,106.5,208.3,45.4,NA,NA,31,F,None
837,WCA3A-TW_Marsh,14,50.6,100.9,19.4,NA,NA,2.9,M,None
838,WCA3A-TW_Marsh,14.5,52.7,105.4,20.8,NA,NA,3.1,M,None
839,ENP-EST,37.8,138.5,272.3,48.3,NA,NA,54,M,Peeling skin
840,ENP-EST,18.9,70.1,146.6,28.2,NA,NA,7.7,F,None
841,ENP-EST,21.9,77.6,154.5,30.5,NA,NA,10.5,F,None
842,ENP-EST,23.2,81.4,163,32,NA,NA,12,M,None
843,ENP-EST,18.5,68.1,136.8,27.5,NA,NA,7.7,F,None
844,ENP-EST,34.2,124.4,243,40,NA,NA,36.5,M,"Bite marks on top jaw,tail and belly"
845,ENP-EST,28.2,101.8,203,39.5,NA,NA,22,M,None
846,ENP-EST,23.9,84.3,172,32.5,NA,NA,12.9,M,None
847,ENP-EST,13.7,50.1,105.4,20.2,NA,NA,2.6,M,None
848,ENP-EST,17.3,62,126.5,24.4,NA,NA,5.3,M,None
849,ENP-EST,16.2,60.2,123.2,25.3,NA,NA,5.1,M,None
850,ENP-EST,13,48.6,90.1,20.5,NA,NA,2.5,M,Incomplete tail
851,ENP-EST,38.5,140,276,58.9,NA,NA,76,M,None
852,ENP-EST,30.6,111.9,222.1,50.6,NA,NA,44,M,Bottom jaw offset to rt
853,ENP-EST,24.5,94,181,36.8,NA,NA,17.6,M,None
854,ENP-EST,24.5,90.5,175.5,26.5,NA,NA,12.5,M,NA
855,ENP-EST,26.2,103,173.5,38,NA,NA,24,M,Incomplete tail
856,Lox_Marsh,30.5,111.5,218,39.5,NA,NA,27.5,F,Puncture wound on left hind leg.
857,Lox_Marsh,26,95,190.2,36.7,NA,NA,19,F,None
858,Lox_Marsh,24,90,179.5,35,NA,NA,15.5,M,None
859,Lox_Marsh,14.6,51.9,106,19.7,NA,NA,2.6,F,None
860,Lox_Marsh,23.1,84.5,169.5,31.2,NA,NA,13,M,None
861,WCA2A_Marsh,22.3,80.8,161.8,31.3,NA,NA,11,M,None
862,WCA2A_Marsh,19.3,71,143.8,25.2,NA,NA,7.1,M,None
863,WCA2A_Marsh,18.9,70.8,140.7,26.5,NA,NA,6.2,F,None
864,WCA2A_Marsh,28.1,103.2,200.1,40.7,NA,NA,26,M,None
865,WCA2A_Marsh,20,71.6,147.9,27.5,NA,NA,7.7,F,None
866,WCA2A_Marsh,18.1,65.6,132.2,23.8,NA,NA,5.1,M,None
867,WCA2A_Marsh,20.7,75.1,152.8,30.3,NA,NA,9.25,M,None
868,WCA2A_Marsh,26.7,95.9,193.6,40.4,NA,NA,21,F,None
869,WCA2A_Marsh,15.3,54.7,111.3,20,NA,NA,3.2,F,None
870,WCA2A_Marsh,19.9,71.8,144.5,24.8,NA,NA,6.4,M,None
871,WCA2A_Marsh,13.3,49.1,100,18.9,NA,NA,2.6,F,None
872,WCA2A_Marsh,21.1,73.3,151.7,29.5,NA,NA,8.9,M,None
873,WCA2A_Marsh,26,90.3,181.4,36.2,NA,NA,14,M,None
874,WCA2A_Marsh,24.6,88.8,178.4,33.3,NA,NA,14.25,F,Missing 2nd toe on right front foot.
875,WCA3A-N41_Marsh,24.8,93.1,185.2,39.5,NA,NA,20,F,None
876,WCA3A-N41_Marsh,12.9,47.3,95,17,NA,NA,2.1,F,None
877,WCA3A-N41_Marsh,31.2,112,219.8,46,NA,NA,33,M,Underbite
878,WCA3A-N41_Marsh,12.9,46.7,91,17,NA,NA,2,M,None
879,WCA3A-N41_Marsh,25.2,92.5,184.5,39,NA,NA,17.5,F,"Hole in rear right foot, previous tag"
880,WCA3A-N41_Marsh,26.7,97.6,191.5,39.5,NA,NA,23.5,F,None
881,WCA3A-N41_Marsh,18,63.3,130.1,24.7,NA,NA,5.9,F,None
882,WCA3A-N41_Marsh,25.8,92.7,182.2,37,NA,NA,18,M,Scar tissue on side of tail
883,WCA3A-N41_Marsh,23,83.2,164,34.2,NA,NA,13,F,None
884,WCA3A-N41_Marsh,22.6,84.3,168.4,33.8,NA,NA,12.7,M,None
885,WCA3A-N41_Marsh,19.7,72,142.5,26.8,NA,NA,7.1,F,None
886,WCA3A-N41_Marsh,28.4,103.5,202.2,42.4,NA,NA,23,M,None
887,WCA3A-N41_Marsh,29.8,105.6,209,45.4,NA,NA,27,M,None
888,WCA3A-N41_Marsh,12.7,44.5,90.4,16.4,NA,NA,1.7,M,None
889,WCA3A-N41_Marsh,18.7,71.4,141,27.4,NA,NA,6.8,M,Incomplete tail
890,WCA3A-N41_Marsh,20.2,73.9,146.6,29.1,NA,NA,8.4,M,None
891,Lox_Marsh,14.7,52.8,105.8,19,NA,NA,2.7,F,None
892,Lox_Marsh,18,67.6,134.5,26,NA,NA,7.1,F,None
893,Lox_Marsh,34.5,127.5,225,49,NA,NA,43,M,Incomplete tail
894,Lox_Marsh,29.7,112.5,220,45.8,NA,NA,35.5,F,Old injury or deformity on tail.
895,Lox_Marsh,36.8,128.7,256.2,48.6,NA,NA,46.5,M,None
896,WCA2A_Marsh,12.5,45.8,91.5,16.6,NA,NA,1.9,M,None
897,WCA3A-HD_Marsh,21.3,75,147.8,27.3,NA,NA,7.9,F,None
898,WCA3A-HD_Marsh,29.9,109.1,216.8,44.1,NA,NA,30,F,None
899,WCA3A-HD_Marsh,26.9,98,190.2,38.6,NA,NA,21,F,None
900,WCA3A-HD_Marsh,13.9,49.4,96.2,17.3,NA,NA,2.3,M,None
901,WCA3A-HD_Marsh,14.2,50,101.6,17.8,NA,NA,2.4,M,None
902,WCA3A-HD_Marsh,14.3,53.1,105.6,18.4,NA,NA,2.8,F,None
903,WCA3A-HD_Marsh,22.1,81.2,159.3,32.2,NA,NA,11.5,M,None
904,WCA3A-HD_Marsh,29,105.7,209,40.8,NA,NA,25.5,F,None
905,WCA3A-HD_Marsh,30.2,110.8,222.6,43.9,NA,NA,30.5,F,None
906,WCA3A-HD_Marsh,27.2,98.8,191.5,41.2,NA,NA,23.5,F,Scars on tail.
907,WCA3A-HD_Marsh,20.2,70.4,143.3,29.9,NA,NA,8.1,F,None
908,WCA3A-HD_Marsh,13.8,47.5,98.6,16.9,NA,NA,2.2,M,None
909,WCA3A-HD_Marsh,22.1,77.8,158.3,30.2,NA,NA,9.8,M,None
910,WCA3A-HD_Marsh,42.4,142.5,288.5,58.5,NA,NA,66,M,None
911,WCA3A-HD_Marsh,14.1,52.3,102.2,17.9,NA,NA,2.7,M,None
912,WCA3B_Marsh,17.9,67,134.2,26.6,NA,NA,5.8,M,None
913,WCA3B_Marsh,33.5,119.6,232.5,47,NA,NA,36,M,None
914,WCA3B_Marsh,28.9,106,212.1,41.2,NA,NA,26,F,None
915,WCA3B_Marsh,23.4,81.5,161.6,34,NA,NA,12,F,None
916,WCA3B_Marsh,27.3,100.5,196.6,38.3,NA,NA,22,F,None
917,WCA3B_Marsh,26,95.7,187.5,37.5,NA,NA,18,F,None
918,WCA3B_Marsh,30.5,112.4,216.6,48.1,NA,NA,32,M,Right rear third toe enlarged
919,WCA3B_Marsh,24.2,89.1,178.1,38.6,NA,NA,16,F,None
920,WCA3B_Marsh,24.1,94.1,180.4,39.4,NA,NA,18.05,F,None
921,WCA3B_Marsh,23.1,85.9,170.6,29.1,NA,NA,10.2,F,Missing left eye
922,WCA3B_Marsh,20.8,77,151.9,30.4,NA,NA,9.4,F,None
923,WCA3B_Marsh,24.5,86.2,170.5,32.3,NA,NA,12.2,M,None
924,WCA3B_Marsh,30,112.9,219.5,45.3,NA,NA,30,F,None
925,WCA3B_Marsh,15.4,57.6,115,21.7,NA,NA,3.5,M,None
926,WCA3B_Marsh,32.6,120.4,234.2,43.2,NA,NA,37,M,Scarring on both rear legs and midsection
927,ENP-FC,17.5,63.5,129.1,25,NA,NA,5.5,F,None
928,ENP-FC,14,49.8,101.1,19,NA,NA,2.6,F,None
929,ENP-FC,18,66,128.5,24.2,NA,NA,5.4,M,None
930,ENP-FC,24.7,87.9,174.5,32.7,NA,NA,14,M,None
931,ENP-FC,17.8,64.2,127.4,23.9,NA,NA,5.5,M,None
932,ENP-FC,24.2,87.5,173,26.8,NA,NA,11,F,Single on the tail scute
933,ENP-FC,16.7,59.8,119.4,22.5,NA,NA,5,F,None
934,ENP-FC,23.2,85.8,167.4,32.5,NA,NA,12.25,M,None
935,ENP-FC,14.3,50.4,86.4,19.6,NA,NA,2.4,U,Incomplete tail
936,ENP-FC,35.4,128.5,247,47.7,NA,NA,43,M,2nd toe on right rear foot broken
937,ENP-FC,29.5,106.4,208.5,39.2,NA,NA,21,M,None
938,ENP-FC,22.8,83.6,160.1,32.8,NA,NA,11.5,M,None
939,ENP-FC,24.6,93.4,183.5,34.9,NA,NA,16.25,F,None
940,ENP-FC,15.7,56.3,113.1,22,NA,NA,3.75,F,None
941,ENP-FC,35.8,134,271.4,45.9,NA,NA,49.5,M,Left eye milky
942,ENP-SS,19.5,73.1,143.5,28,NA,NA,7.4,M,None
943,ENP-SS,30.6,115.3,220,39.5,NA,NA,27,M,None
944,ENP-SS,30,110.1,209.5,36.8,NA,NA,22,M,Missing middle toe on back left foot.
945,ENP-SS,19,66.2,136,25.5,NA,NA,6.3,F,None
946,ENP-SS,26.9,99.5,193.1,32.6,NA,NA,18,F,None
947,ENP-SS,17.4,62.6,122.5,24,NA,NA,5.4,F,None
948,ENP-SS,26.8,101.9,193.3,36.4,NA,NA,20,F,Front right foot ''club foot'' has toes.
949,ENP-SS,17.9,65.2,129.4,24.9,NA,NA,5.2,M,None
950,ENP-SS,21.3,80.4,153.5,29.6,NA,NA,9.5,M,None
951,ENP-SS,14,50.4,100.9,19.8,NA,NA,2.8,M,None
952,ENP-SS,24.1,90.7,181,36.4,NA,NA,16.8,F,None
953,ENP-SS,23.8,91.4,176.3,33.6,NA,NA,13.8,F,None
954,ENP-SS,14.7,54.4,109.1,18.8,NA,NA,5.3,F,None
955,ENP-SS,28.5,102.9,199.1,39.3,NA,NA,20.5,F,None
956,ENP-SS,26.7,96,187.9,34.8,NA,NA,15.7,M,None
957,ENP-SS,26.2,100.4,188.6,43.3,NA,NA,23,F,None
958,BICY_Marsh,26.7,98.4,172.8,41.7,NA,NA,21,F,None
959,BICY_Marsh,30.5,113.2,221.3,45.1,NA,NA,31,F,Scars on top jaw and back
960,BICY_Marsh,22.5,86.4,165.1,34.2,NA,NA,14,F,None
961,BICY_Marsh,8,27.4,54.4,9.1,NA,NA,0.408,M,None
962,BICY_Marsh,25,90.3,177.4,35.6,NA,NA,15.7,M,None
963,BICY_Marsh,28,109.2,205.6,44.5,NA,NA,27.5,F,2 scars on back
964,BICY_Marsh,18.2,63.6,123,26.9,NA,NA,5.6,M,None
965,Lox_L40,35,128.7,250.2,48,NA,NA,49.5,M,Old scar and leeches on tail.  Old wound on shoulder.
966,Lox_L40,24.5,91.3,182,35.6,NA,NA,17,F,None
967,Lox_L40,34.9,122,236,45.2,NA,NA,40,M,Tail deformities including missing half of Double Right scutes and old bite injury.
968,WCA3A-TW_Marsh,15.6,56.4,112.2,20.6,NA,NA,3.5,F,None
969,WCA3A-TW_Marsh,12.7,43.9,88.1,17.4,NA,NA,1.75,F,None
970,WCA3A-TW_Marsh,23.6,87.9,174.4,33.6,NA,NA,13.25,F,None
971,WCA3A-TW_Marsh,28.7,107.8,209.8,41.3,NA,NA,25.25,F,Missing right rear foot
972,WCA3A-TW_Marsh,31.1,111.9,220.1,49.4,NA,NA,35,F,None
973,WCA3A-TW_Marsh,26.5,97.1,197.2,44.1,NA,NA,24.5,F,None
974,WCA3A-TW_Marsh,17,62.8,125.4,22.6,NA,NA,4.6,F,None
975,WCA3A-TW_Marsh,16.2,58.8,118.4,22.4,NA,NA,4.2,M,None
976,WCA3A-TW_Marsh,30,111.9,222.9,43.5,NA,NA,30,M,None
977,WCA3A-TW_Marsh,14.5,50.9,105.4,19.1,NA,NA,2.6,F,None
978,WCA3A-TW_Marsh,39,139.2,268.7,56.3,NA,NA,49,M,None
979,WCA3A-TW_Marsh,32.5,120,228.7,46,NA,NA,37,M,None
980,WCA3A-TW_Marsh,27.8,99.7,197.6,41.8,NA,NA,28.5,F,Scar upper jaw
981,WCA3A-TW_Marsh,22.3,83,157.8,37.7,NA,NA,12,F,None
982,WCA3A-TW_Marsh,16.5,60.3,117.1,22.6,NA,NA,4.6,F,None
983,WCA3A-TW_Marsh,27.9,100.2,194.2,33.3,NA,NA,20,F,None
984,Lox_L40,27,98.2,190,39.3,NA,NA,20.5,M,NA
985,Lox_Marsh,13.1,47.9,97.6,17.3,NA,NA,2,F,None
986,Lox_Marsh,17.3,63.9,130.5,23.3,NA,NA,5.2,F,None
987,BICY_Marsh,40.5,148,274.2,65.5,NA,NA,93,M,None
988,ENP-EST,34.5,126.5,247,50.5,NA,NA,42,M,None
989,ENP-EST,31.2,118,225,42,NA,NA,35,M,"Left Rear foot missing, Left Front growth on leg, Left Front foot 2nd toe missing"
990,ENP-EST,36.4,129,255,51.9,NA,NA,51,M,None
991,ENP-EST,28.6,104.8,207.3,40.9,NA,NA,27,M,None
992,ENP-EST,34.8,128.7,246.5,50.2,NA,NA,48,M,None
993,ENP-EST,26.8,96.3,186.8,39.3,NA,NA,23,M,None
994,ENP-EST,32.5,120.9,233.4,47.2,NA,NA,43,M,None
995,Lox_Marsh,14,50,102.9,17.3,NA,NA,2.25,F,None
996,Lox_Marsh,13.5,49.2,100,18.6,NA,NA,2.55,M,None
997,Lox_Marsh,23.2,83.5,170.8,31.3,NA,NA,13.5,F,None
998,BICY_Marsh,30.8,111.3,217.5,50,NA,NA,35,F,Missing rear left foot 3rd toe.
999,BICY_Marsh,27,97.5,196,41.8,NA,NA,21,F,None
1000,BICY_Marsh,31.8,116.6,226.9,51,NA,NA,37,M,None
1001,BICY_Marsh,31.2,117.6,232.1,49,NA,NA,37,F,None
1002,BICY_Marsh,36.5,131.7,258.3,53.6,NA,NA,54,M,NA
1003,BICY_Marsh,20.4,73.5,NA,29.9,NA,NA,9.6,M,None
1004,BICY_Marsh,30.5,112,218,41.9,NA,NA,26.5,M,None
1005,BICY_Marsh,23.5,89.2,177,36,NA,NA,16.4,F,None
1006,BICY_Marsh,32.7,117.8,229.4,36,NA,NA,25,M,None
1007,BICY_Marsh,24,89.4,175,35.3,NA,NA,15,F,None
1008,BICY_Marsh,29.1,106.7,216.7,40.8,NA,NA,26.5,M,None
1009,ENP-FC,16.7,61.6,123.5,20.3,NA,NA,4,F,ND
1010,ENP-FC,20.5,72.9,146.3,27.6,NA,NA,7.8,M,ND
1011,ENP-FC,16.4,57.6,118,22.9,NA,NA,3.9,F,ND
1012,ENP-FC,32.5,114.5,223,44.7,NA,NA,32,M,ND
1013,ENP-FC,16,57.5,116.9,22,NA,NA,3.9,F,ND
1014,ENP-FC,19,73.9,144.3,28.6,NA,NA,7.4,F,ND
1015,ENP-FC,14.9,55.3,111.6,20.2,NA,NA,3.2,F,ND
1016,ENP-FC,30.4,112.2,226,43.2,NA,NA,29.5,M,ND
1017,ENP-FC,25.9,96.8,189.4,35.1,NA,NA,16,F,ND
1018,ENP-FC,37,125.9,239.2,31.2,NA,NA,28,M,Broken jaw
1019,ENP-FC,26.1,97.6,191.1,36.5,NA,NA,19,M,ND
1020,ENP-FC,27,99.6,193.5,30,NA,NA,15.2,M,ND
1021,ENP-FC,20.4,78.3,155.6,27.6,NA,NA,8.65,F,ND
1022,ENP-FC,14.2,51.9,106.1,20.4,NA,NA,2.7,M,ND
1023,ENP-FC,23.2,87.2,170.8,30.3,NA,NA,11.5,M,ND
1024,ENP-SS,26.8,101.4,198.2,38.2,NA,NA,21,F,ND
1025,ENP-SS,21.9,83.5,166.5,30.1,NA,NA,10.5,F,ND
1026,ENP-SS,35.9,128.7,255.2,36.9,NA,NA,30.5,M,NA
1027,ENP-SS,28,104.6,199.1,34.4,NA,NA,20.5,F,NA
1028,ENP-SS,15.3,56.4,114,20.7,NA,NA,3.3,F,ND
1029,ENP-SS,27,98.5,192.1,36.9,NA,NA,19,M,ND
1030,ENP-SS,24,88.3,164.2,35.5,NA,NA,14,F,ND
1031,ENP-SS,24.4,90.1,174.4,35.2,NA,NA,15,F,ND
1032,ENP-SS,15.5,55,110.7,19.9,NA,NA,3.75,F,ND
1033,ENP-SS,13.8,48.7,98.5,18.4,NA,NA,2.5,M,ND
1034,ENP-SS,33,117.5,228,29,NA,NA,23,M,Severly skinny
1035,ENP-SS,12.5,45.4,92.5,16,NA,NA,1.7,F,ND
1036,ENP-SS,24.3,89.1,173.4,32.5,NA,NA,13.25,M,ND
1037,ENP-SS,13.8,49,98.5,18,NA,NA,2.6,M,ND
1038,ENP-SS,12.3,43.3,89.9,15,NA,NA,1.5,M,ND
1039,WCA2A_Marsh,26.5,94.4,183,38.4,NA,NA,18.5,F,ND
1040,WCA2A_Marsh,18.7,65.4,130.7,27.5,NA,NA,5.5,M,ND
1041,WCA2A_Marsh,13.8,51.9,107,20.5,NA,NA,2.5,F,ND
1042,WCA2A_Marsh,26.6,98.3,185.5,40.5,NA,NA,23,F,ND
1043,WCA2A_Marsh,33.5,123.4,233.8,50.6,NA,NA,42,M,ND
1044,WCA2A_Marsh,22.5,81,161.5,30.5,NA,NA,11,M,ND
1045,WCA2A_Marsh,15.9,57.9,91.1,23.2,NA,NA,3.5,F,Incomplete tail
1046,WCA2A_Marsh,31.5,111.1,220.9,37.6,NA,NA,23,M,"Tail maybe broken, extremely skinny"
1047,WCA2A_Marsh,29.4,104.3,214.2,48.3,NA,NA,32,F,ND
1048,WCA2A_Marsh,15.4,55.9,113.7,21.8,NA,NA,3.6,F,ND
1049,WCA2A_Marsh,21.7,79,159.1,32.2,NA,NA,10.5,F,"Missing right rear foot, tag placed on left rear foot"
1050,WCA2A_Marsh,14.4,54.5,108.5,21.6,NA,NA,3.3,F,ND
1051,WCA2A_Marsh,15.9,57.1,115.3,21.7,NA,NA,3.8,F,ND
1052,WCA2A_Marsh,18.4,66.6,120.7,27.9,NA,NA,6,F,ND
1053,WCA2A_Marsh,17,59.4,121.5,23.3,NA,NA,4.4,M,Bite out of tail scutes #2 single
1054,WCA2A_Marsh,26.6,100.9,184.5,43.8,NA,NA,27,F,Incomplete tail
1055,WCA3A-TW_Marsh,12,42.5,85.8,14.9,NA,NA,2,F,ND
1056,WCA3A-TW_Marsh,22.6,85,168.2,35.5,NA,NA,14.5,F,Missing 2 nails on front right foot
1057,WCA3A-TW_Marsh,27.8,104.5,203.4,38.4,NA,NA,23,F,ND
1058,WCA3A-TW_Marsh,14.8,55.5,111.9,19.9,NA,NA,3.4,F,ND
1059,WCA3A-TW_Marsh,11.4,40.4,82,14.2,NA,NA,1.5,M,ND
1060,WCA3A-TW_Marsh,11.5,40.1,80.7,15.1,NA,NA,1.5,M,ND
1061,WCA3A-TW_Marsh,31,115,230.2,36.3,NA,NA,26.5,M,NA
1062,WCA3B_Marsh,15,54,112.9,19.3,NA,NA,3.4,M,ND
1063,WCA3B_Marsh,18.6,70.2,133.1,27.4,NA,NA,5.7,M,ND
1064,WCA3B_Marsh,24.9,95.4,181.7,35.1,NA,NA,15.4,M,ND
1065,WCA3B_Marsh,27.6,104.1,203.7,26.1,NA,NA,15.2,F,NA
1066,WCA3B_Marsh,25.7,91.4,184.2,36.7,NA,NA,15.7,M,ND
1067,WCA3B_Marsh,25.5,94.8,187.6,36.2,NA,NA,17.5,M,NA
1068,WCA3B_Marsh,27.7,100.5,197.5,41.7,NA,NA,23,M,ND
1069,WCA3B_Marsh,NA,108.3,217,43,NA,NA,28,M,ND
1070,WCA3B_Marsh,22.2,84.2,163.8,32.5,NA,NA,9.4,M,ND
1071,WCA3B_Marsh,12.5,44.4,85.6,16.4,NA,NA,1.6,F,ND
1072,WCA3B_Marsh,22.8,81.6,158.6,32.7,NA,NA,11.5,M,ND
1073,WCA3B_Marsh,17,61.8,123.3,21.6,NA,NA,4.3,F,ND
1074,WCA3A-N41_Marsh,12.1,42.6,84.6,14.8,NA,NA,1.45,M,ND
1075,WCA3A-N41_Marsh,16.9,58.2,117.6,22.9,NA,NA,4.3,F,ND
1076,WCA3A-N41_Marsh,20.4,75.8,148.3,27.5,NA,NA,7.3,M,ND
1077,WCA3A-N41_Marsh,21.6,80.9,159.1,31.5,NA,NA,10.8,F,ND
1078,WCA3A-N41_Marsh,24.3,87.5,171.4,38.1,NA,NA,17.2,F,ND
1079,WCA3A-N41_Marsh,33.1,120.9,232.8,47.8,NA,NA,37,M,ND
1080,WCA3A-N41_Marsh,14.9,54,108.9,19.1,NA,NA,2.9,M,ND
1081,WCA3A-N41_Marsh,13.6,49.9,101.9,18.9,NA,NA,2.4,F,ND
1082,WCA3A-N41_Marsh,18.6,70.8,139.7,28,NA,NA,7.2,F,ND
1083,WCA3A-N41_Marsh,12.7,47.2,93.5,17.1,NA,NA,1.7,M,ND
1084,WCA3A-N41_Marsh,26.1,97.3,191.5,41,NA,NA,24,F,ND
1085,WCA3A-N41_Marsh,19.2,72.8,143.4,25.9,NA,NA,6.9,M,ND
1086,WCA3A-N41_Marsh,24.2,89.1,184.8,36.5,NA,NA,16.4,F,ND
1087,WCA3A-N41_Marsh,21,77.9,153.8,28.9,NA,NA,9,M,ND
1088,WCA3A-N41_Marsh,13.1,47,92.8,16.8,NA,NA,1.85,M,ND
1089,WCA3B_Marsh,27.8,99.1,196.7,41,NA,NA,25.1,F,ND
1090,WCA3B_Marsh,22.9,87,176.8,35.3,NA,NA,13.75,F,ND
1091,WCA3B_Marsh,18,66.4,133.4,24.8,NA,NA,5.6,F,ND
1092,WCA3A-TW_Marsh,17.1,63.5,127,24.7,NA,NA,5.4,F,ND
1093,WCA3A-TW_Marsh,11.9,43,84.4,15,NA,NA,1.5,M,ND
1094,WCA3A-TW_Marsh,15.2,54.8,109.9,20.1,NA,NA,3.4,M,ND
1095,Lox_Marsh,35,125.7,246,42.8,NA,NA,45,M,Neck is sucken in
1096,Lox_Marsh,41,145,265,52,NA,NA,64,M,Incomplete tail
1097,Lox_Marsh,29,103.8,203.5,42.9,NA,NA,26.5,F,Right third toe missing last digit
1098,Lox_Marsh,26.5,98.2,198,40.6,NA,NA,24.5,F,1st single partially split
1099,Lox_L40,29.5,107.8,220.9,39.3,NA,NA,28,F,"Scutes missing on tail at vent along rt side and girdled scar mid-tail at double scute six, missing scutes DL9 &DR6 due to old scar"
1100,Lox_L40,18.6,71.8,144.6,28.4,NA,NA,7.3,M,ND
1101,Lox_L40,25.7,94.4,188.1,41.4,NA,NA,19.5,F,ND
1102,Lox_L40,30.3,111.9,213.8,42.1,NA,NA,26,M,ND
1103,Lox_L40,28.4,105.3,205.8,41.2,NA,NA,23,F,"Tip of tail is broken, but not gone"
1104,Lox_L40,25.8,96.1,183.7,43.2,NA,NA,22,F,ND
1105,Lox_L40,29,105.5,206.9,41.9,NA,NA,27,F,4th single is torn
1106,Lox_L40,25.2,93,178.8,35.1,NA,NA,17.1,M,None
1107,Lox_L40,28.4,102.7,202,41.3,NA,NA,24,F,ND
1108,Lox_L40,36.5,132,260.3,53.5,NA,NA,51,M,ND
1109,Lox_L40,35.7,132.4,257.5,52.4,NA,NA,52,M,ND
1110,Lox_L40,31.1,115.4,228.2,46.2,NA,NA,35,M,"Puncture through middle of tail, left of centerline"
1111,Lox_L40,34.5,127,243.6,47.3,NA,NA,38,M,NA
1112,Lox_L40,27.6,101.9,203.2,38.2,NA,NA,21.4,M,None
1113,Lox_Marsh,35.5,135.3,264.7,56.4,NA,NA,58,M,"Deep gash middle of back, scar right front leg, scaring around head and neck"
1114,Lox_Marsh,30.6,112.8,202.6,42.9,NA,NA,30.1,M,Incomplete tail
1115,Lox_Marsh,28.2,101.5,199.9,41,NA,NA,20.5,M,None
1116,Lox_Marsh,21.2,76.8,156,28.9,NA,NA,9.1,F,None
1117,Lox_Marsh,27,100.6,200.8,39.2,NA,NA,24,F,ND
1118,Lox_Marsh,13.7,49.8,102.2,17.7,NA,NA,2.5,F,ND
1119,Lox_Marsh,28,110,207,40.9,NA,NA,31.5,F,Incomplete tail
1120,Lox_Marsh,22.7,83.5,168,30.1,NA,NA,11.5,M,ND
1121,Lox_Marsh,30.3,113.4,219,44.7,NA,NA,35.5,F,ND
1122,Lox_Marsh,29.2,111.8,226,36.9,NA,NA,28,F,1st single scute has a groove
1123,Lox_Marsh,27.3,101.5,197.2,34.5,NA,NA,20,F,ND
1124,Lox_L40,25.7,90.3,184.1,39.6,NA,NA,17,M,ND
1125,WCA3A-HD_Canal,30.6,110,222.6,47.6,NA,NA,36.5,F,Scars on snout
1126,WCA3A-HD_Canal,34.4,123.5,243.5,49.4,NA,NA,42,M,NA
1127,WCA3A-HD_Canal,21.3,78.8,152.9,28.4,NA,NA,9,F,None
1128,WCA3A-HD_Canal,12.1,42.5,86.4,14.2,NA,NA,1.2,F,None
1129,WCA3A-HD_Canal,24.8,91.1,182.9,35.8,NA,NA,16,F,None
1130,WCA3A-HD_Canal,21,77.5,153.6,32.7,NA,NA,11.5,F,None
1131,WCA3A-HD_Marsh,13.2,45.7,94,16.9,NA,NA,2.2,F,ND
1132,WCA3A-HD_Marsh,20.9,78.3,158,32.8,NA,NA,10.5,F,ND
1133,WCA3A-HD_Marsh,25.5,96.5,193.2,41.4,NA,NA,22.5,F,Scars on tail
1134,WCA3A-HD_Marsh,21.8,79.5,159,30.3,NA,NA,11,M,Missing 2 toes on front right foot
1135,WCA3A-HD_Marsh,29.7,107.9,216.5,49,NA,NA,36,F,ND
1136,WCA3A-HD_Marsh,18.4,68.1,138.2,27.2,NA,NA,6.7,F,ND
1137,WCA3A-HD_Marsh,25.5,96.5,193.2,41.4,NA,NA,22.5,F,ND
1138,WCA3A-HD_Marsh,39.7,137,279.9,50.3,NA,NA,56,M,Scars on side
1139,WCA3A-HD_Canal,26.4,97.7,192.2,41.3,NA,NA,23,F,ND
1140,WCA3A-HD_Canal,22.7,86.4,176.4,35.6,NA,NA,15,F,ND
1141,WCA3A-HD_Marsh,14.3,53.1,106.6,18.8,NA,NA,2.7,F,None
1142,WCA3A-HD_Canal,24.8,91.1,182.9,35.8,NA,NA,16,F,ND
1143,WCA3A-HD_Canal,21,77.5,153.6,32.7,NA,NA,11.5,F,ND
1144,WCA3A-HD_Canal,12.1,42.5,86.4,14.2,NA,NA,1.2,F,ND
1145,WCA3A-HD_Canal,21.3,78.8,152.9,28.4,NA,NA,9,F,ND
1146,WCA3A-HD_Canal,23.3,86,167.2,32.6,NA,NA,12.5,F,ND
1147,WCA3A-HD_Canal,29.8,111.5,212.5,45,NA,NA,30,M,ND
1148,WCA3A-HD_Canal,30.3,107,207.9,38.2,NA,NA,24.5,F,Scar on rear right foot
1149,WCA3A-HD_Canal,34.4,123.5,240.5,49.4,NA,NA,42,M,ND
1150,WCA3A-HD_Canal,37,132.7,251.5,54.1,NA,NA,50.5,M,Scars on left eye
1151,WCA3A-HD_Marsh,17,63.4,124.6,25.1,NA,NA,5.4,F,ND
1152,WCA3A-HD_Marsh,17.8,62.9,124.4,23.9,NA,NA,4.7,F,ND
1153,WCA3A-HD_Marsh,27.1,97.9,194.9,39.3,NA,NA,21,F,ND
1154,WCA3A-HD_Marsh,26.6,94.6,185.4,37.7,NA,NA,18,M,ND
1155,WCA3A-HD_Marsh,29.8,110.1,214.9,45.4,NA,NA,32.5,F,ND
1156,WCA3A-HD_Marsh,24.8,94.5,184.9,40.8,NA,NA,20.5,F,ND
1157,WCA3A-HD_Canal,27.9,102.4,197.9,38.3,NA,NA,23,F,"Tail has been bitten just in front of single scutes, has healed in ""z"" shape"
1158,WCA3A-HD_Canal,30.1,114.6,222.9,43.7,NA,NA,32,F,ND
1159,WCA3A-HD_Canal,27,98.8,192.8,41.4,NA,NA,22,F,ND
1160,WCA3A-HD_Marsh,14.8,52.5,103,19,NA,NA,2.7,M,None
1161,Lox_Marsh,32.5,116.8,233.5,47.3,NA,NA,30,M,None
1162,ENP-EST,27.4,98.5,195,39,NA,NA,21.5,M,ND
1163,ENP-EST,23.1,90.5,179.6,32.4,NA,NA,15.6,F,ND
1164,ENP-EST,33.3,123.5,242,48.2,NA,NA,49,M,ND
1165,ENP-EST,27.5,103.5,203.5,39.4,NA,NA,37,M,ND
1166,ENP-EST,28,100.8,212.4,40.6,NA,NA,24.5,M,ND
1167,ENP-EST,30.7,112.7,224,48,NA,NA,42,M,ND
1168,Lox_Marsh,30,102.8,211,41,NA,NA,22.5,M,None
1169,Lox_Marsh,25.2,92.5,157.3,36.8,NA,NA,15,F,Incomplete tail
1170,Lox_Marsh,36,133.5,256,51.5,NA,NA,45,M,None
1171,Lox_Marsh,37.2,141.4,270.2,54.8,NA,NA,52,M,None
1172,Lox_Marsh,21,78.6,148.2,27.7,NA,NA,8.1,M,None
1173,Lox_Marsh,27.4,105.9,204.1,40.2,NA,NA,25,F,None
1174,Lox_Marsh,25.4,95,188.3,40.7,NA,NA,20.5,F,None
1175,Lox_Marsh,26.3,98.6,195.4,38.7,NA,NA,20.5,M,None
1176,Lox_Marsh,31.6,122.6,227.6,39.5,NA,NA,30,M,None
1177,Lox_Marsh,33.5,116,220.2,46.5,NA,NA,35.5,M,None
1178,Lox_Marsh,19.5,67.4,135.5,26.7,NA,NA,6.4,F,None
1179,Lox_Marsh,22.9,84.7,169.6,34,NA,NA,12,M,None
1180,Lox_Marsh,17.8,65.5,129.8,25.5,NA,NA,5.6,F,None
1181,Lox_Marsh,23.2,89.3,169.4,34.3,NA,NA,16.6,M,None
1182,WCA2A_Marsh,31.4,115,221.4,40.5,NA,NA,27.5,F,ND
1183,WCA2A_Marsh,27.2,97.7,201,41.6,NA,NA,23,F,ND
1184,WCA2A_Marsh,36.5,125.8,216.2,35.3,NA,NA,30.5,M,ND
1185,WCA2A_Marsh,14.5,50.2,102.9,19,NA,NA,2.4,F,ND
1186,WCA2A_Marsh,25.6,92.5,181.8,31.5,NA,NA,13.5,M,ND
1187,WCA2A_Marsh,21.8,78,157.4,27.5,NA,NA,8.3,M,ND
1188,WCA2A_Marsh,15.8,56.1,117.4,21,NA,NA,3.6,F,ND
1189,WCA2A_Marsh,15.9,58.8,117.6,21.5,NA,NA,3.7,M,ND
1190,WCA2A_Marsh,24.8,86.2,173,33,NA,NA,12.5,M,ND
1191,WCA2A_Marsh,26.9,97,191,38.5,NA,NA,21,F,4th single deformed
1192,WCA2A_Marsh,22.2,84.4,173.1,31.3,NA,NA,12.25,F,ND
1193,WCA2A_Marsh,17.4,62.6,125.5,21.7,NA,NA,4.5,M,ND
1194,WCA2A_Marsh,18.2,66.8,136,25.4,NA,NA,6.25,F,ND
1195,WCA2A_Marsh,22.3,82.7,162.3,29.4,NA,NA,10.5,M,ND
1196,WCA2A_Marsh,37.8,137,272,54.9,NA,NA,62,M,ND
1197,WCA3A-TW_Marsh,24.7,92,183.5,34.5,NA,NA,15.1,M,None
1198,WCA3A-TW_Marsh,20.6,77.9,153,30.9,NA,NA,10.4,F,None
1199,WCA3A-TW_Marsh,32,116.4,239,46.6,NA,NA,36,F,Scars & cuts on tail
1200,WCA3A-TW_Marsh,16.5,61.4,119.8,21.9,NA,NA,4,F,None
1201,WCA3A-TW_Marsh,10.8,38,76.1,13.3,NA,NA,1.11,M,None
1202,WCA3A-TW_Marsh,28.5,107.1,206.3,41.5,NA,NA,25,F,Missing right rear foot
1203,ENP-EST,35.7,127.5,249.4,52.8,NA,NA,51,M,"Front of left leg missing, missing toe on right front foot"
1204,ENP-EST,30.8,115.2,232,36.8,NA,NA,28,M,Front left foot missing
1205,ENP-EST,28.6,107.1,211.5,39,NA,NA,25,M,None
1206,ENP-EST,31.3,112,222.6,43,NA,NA,31.5,M,12th single deformed
1207,WCA3B_Marsh,13.6,48,98.5,18.5,NA,NA,2.4,M,None
1208,WCA3B_Marsh,27,96.2,190,40.2,NA,NA,21,M,None
1209,WCA3B_Marsh,25.7,96.4,186.5,37.7,NA,NA,18,F,None
1210,WCA3B_Marsh,27.4,97.2,185.3,35.8,NA,NA,16.4,M,None
1211,WCA3A-N41_Marsh,23.6,87.9,172.6,32.9,NA,NA,14.75,M,None
1212,WCA3A-N41_Marsh,15.9,60.2,120.1,22.1,NA,NA,4.3,M,None
1213,WCA3A-TW_Marsh,19.4,69,134.4,26.5,NA,NA,6.3,M,None
1214,WCA3A-TW_Marsh,14,50,102.2,19.3,NA,NA,2.7,F,None
1215,WCA3A-TW_Marsh,18.6,66.5,131.5,25,NA,NA,6.1,M,None
1216,WCA3A-TW_Marsh,29.1,105.1,161.5,44.8,NA,NA,24,F,Incomplete tail
1217,WCA3A-TW_Marsh,17.5,55.2,109,20.3,NA,NA,2.8,M,None
1218,WCA3A-TW_Marsh,19.3,69.3,141.2,25.6,NA,NA,6.6,F,None
1219,WCA3A-TW_Marsh,14.1,49.8,102,17,NA,NA,2.4,F,None
1220,WCA3A-TW_Marsh,37.8,133.2,253.2,51.5,NA,NA,57,M,"Missing right front foot, scar on back"
1221,WCA3A-TW_Marsh,12.5,44.8,89,15.5,NA,NA,2,F,None
1222,WCA3A-TW_Marsh,17.5,62.4,124.7,21.7,NA,NA,4.4,F,None
1223,WCA3A-TW_Marsh,17.1,64.2,128.5,23.5,NA,NA,5.4,F,None
1224,WCA3B_Marsh,16.5,59.1,122.5,21,NA,NA,4.1,M,None
1225,WCA3B_Marsh,26,97.3,189.6,37.7,NA,NA,18.6,F,None
1226,WCA3B_Marsh,24.6,88.8,174.5,33.7,NA,NA,13.6,M,None
1227,WCA3A-N41_Marsh,25,92.2,190,37.2,NA,NA,16,F,"Hole in right rear foot & webbing, appears to have lost a toe tag, retagged"
1228,Lox_Marsh,28.7,106,211,35,NA,NA,23,F,1st single scute is split
1229,Lox_Marsh,13,46.8,93.3,16.5,NA,NA,1.85,F,None
1230,Lox_Marsh,29,105.6,214,38,NA,NA,25.5,F,"Scute marks, 6th single had a v-notch and several other ? & sincle scutes are damaged, algae all over body"
1231,Lox_Marsh,15.4,53.3,109,19.5,NA,NA,3.1,F,Incomplete tail
1232,Lox_Marsh,30.8,111.4,217.5,39.7,NA,NA,24.5,M,Hole in right rear foot webbing
1233,Lox_Marsh,23.5,86.7,173,32.4,NA,NA,12,M,Leech on tail
1234,Lox_Marsh,29.5,110.9,223.2,39.5,NA,NA,28,F,"4th single scure deformed, 1st single split, 2nd & 3rd v-shape notches"
1235,Lox_Marsh,25.3,91.3,185,33.2,NA,NA,15.5,M,Leeches
1236,WCA3A-HD_Canal,9.3,32.5,68,12.2,NA,NA,0.675,M,None
1237,WCA3A-HD_Canal,16.8,61,122.8,23.5,NA,NA,4.7,F,None
1238,WCA3A-HD_Marsh,31.5,119.5,232,44.7,NA,NA,40.6,F,Gash dorsal between rear legs
1239,WCA3A-HD_Marsh,14.6,52.3,106.1,18.2,NA,NA,2.7,F,None
1240,WCA3A-HD_Marsh,17.9,65,129.8,24.5,NA,NA,5.5,F,None
1241,WCA3A-HD_Marsh,19.2,72.5,148.2,26.7,NA,NA,3.7,F,None
1242,WCA3A-HD_Marsh,21.9,79.7,159,30.6,NA,NA,10.2,F,None
1243,WCA3A-HD_Marsh,17.7,NA,126.2,22.8,NA,NA,4.7,F,None
1244,WCA3A-HD_Marsh,15.2,55,108.5,20.7,NA,NA,3.1,F,None
1245,WCA3A-HD_Marsh,13.7,50.3,100.5,19.1,NA,NA,2.2,F,None
1246,WCA3A-HD_Marsh,29.3,107.9,208.3,40.9,NA,NA,25,M,None
1247,WCA3A-HD_Marsh,14,49.6,102.5,20,NA,NA,2.6,M,None
1248,WCA3A-HD_Marsh,29.2,102,200.4,40.4,NA,NA,23.5,F,None
1249,WCA3A-HD_Marsh,20.4,72.1,146,30,NA,NA,8.4,F,None
1250,WCA3A-HD_Marsh,27.2,97.8,198.5,39.3,NA,NA,20.5,M,None
1251,WCA3A-HD_Marsh,14.3,54,109.9,18.2,NA,NA,2.8,F,None
1252,WCA3A-HD_Marsh,15.7,55.8,111.6,20.5,NA,NA,3.4,M,None
1253,WCA3A-HD_Canal,18.4,68.5,139.9,26.2,NA,NA,6.3,M,None
1254,WCA3A-HD_Canal,29.1,104,204.5,41.7,NA,NA,24,F,Small hole in right rear foot where tag would have been; leaches; puncture on rear right hip
1255,WCA3A-HD_Canal,26.8,96.4,193.2,41.5,NA,NA,22,F,None
1256,WCA3A-HD_Canal,30.4,112.5,202,32.8,NA,NA,25.5,F,Incomplete tail
1257,ENP-FC,25,87.4,174.5,35,NA,NA,14,F,None
1258,ENP-FC,17.4,60.3,124,23.7,NA,NA,4.4,M,None
1259,ENP-FC,31,114.7,230,41.5,NA,NA,28,M,None
1260,ENP-FC,23.9,85.8,171,32.5,NA,NA,12.5,M,None
1261,ENP-FC,25.8,95.5,190.5,35.8,18,NA,18,F,None
1262,ENP-FC,29.3,107.8,209.6,31.6,NA,NA,18.5,M,NA
1263,ENP-FC,31.6,117.8,229.1,40.1,NA,NA,29.5,M,None
1264,ENP-FC,21.5,79,152.4,30.3,NA,NA,10,F,None
1265,ENP-FC,21.4,78.1,151,30.5,NA,NA,10,M,None
1266,ENP-FC,25.3,89.8,175,27.1,NA,NA,11.3,M,NA
1267,ENP-FC,25.8,96.1,190.2,36.4,NA,NA,18.8,F,None
1268,ENP-FC,13.8,51.4,104.2,18.3,NA,NA,2.7,F,None
1269,ENP-FC,13.5,47.4,96.5,16.8,NA,NA,2.1,F,None
1270,ENP-FC,17.8,63.4,128,23.1,NA,NA,5.4,F,None
1271,ENP-FC,23.6,84.9,169.1,28.7,NA,NA,12.9,F,None
1272,Lox_Marsh,29,110.6,215,25.5,NA,NA,27,F,"1st Single scute partially split, algae on tail"
1273,Lox_Marsh,24.2,88.3,177.1,32.7,NA,NA,14,F,None
1274,Lox_Marsh,16.5,61.9,127.5,23.9,NA,NA,5.2,M,None
1275,Lox_Marsh,35.3,126.8,251,38,NA,NA,39,M,Scute damaged 8th left double and 3rd right double
1276,Lox_Marsh,28.5,105.5,207,37.8,NA,NA,23,M,None
1277,Lox_Marsh,28.7,114.4,230,43.6,NA,NA,29,F,None
1278,Lox_Marsh,17.3,64.2,127.2,22.4,NA,NA,4.8,F,None
1279,WCA3A-N41_Marsh,18.8,70.2,146.1,28,NA,NA,7.5,F,None
1280,WCA3A-N41_Marsh,27,97.6,193.2,37.8,NA,NA,20,M,Missing 3rd digit on RF
1281,WCA3A-N41_Marsh,21.8,76.9,157.1,30.4,NA,NA,10,F,None
1282,WCA3A-N41_Marsh,19.2,70.6,142.6,28,NA,NA,7.3,F,None
1283,WCA3A-N41_Marsh,17.5,63.5,125.5,26,NA,NA,5.5,F,None
1284,WCA3A-N41_Marsh,18.5,65,130.5,24.2,NA,NA,5.2,F,None
1285,WCA3A-N41_Marsh,37.7,138.5,275.6,54,NA,NA,60,M,None
1286,WCA3A-N41_Marsh,20.7,76.8,151.2,28.8,NA,NA,8,M,Leeches on feet
1287,WCA3A-N41_Marsh,16.1,57.7,115.7,22.5,NA,NA,4.2,M,None
1288,WCA3A-N41_Marsh,14.2,50,99.2,19.1,NA,NA,2.6,M,None
1289,WCA3A-N41_Marsh,14.2,52,103.7,18.9,NA,NA,2.5,M,None
1290,WCA3A-N41_Marsh,25.5,94,185,34.5,NA,NA,16.2,F,None
1291,Lox_L40,32.3,121.5,238.2,49.1,NA,NA,38,M,Missing rear left foot; left eye deformed; 5th single v-notch
1292,WCA3B_Marsh,25.2,96.5,186.2,39.6,NA,NA,19.5,F,None
1293,WCA3B_Marsh,27.2,101.4,196.5,34.3,NA,NA,20,F,None
1294,WCA3B_Marsh,13.5,48.1,97,18.8,NA,NA,2.25,M,None
1295,WCA3B_Marsh,27.6,99.1,196.3,35,NA,NA,18,F,None
1296,WCA3B_Marsh,29.5,109.1,218.5,41.7,NA,NA,27.5,F,Missing 8 & 9 Single scute
1297,WCA3B_Marsh,25.4,93.7,184.2,37.6,NA,NA,19.5,M,None
1298,WCA3B_Marsh,22.9,86,170.2,35.9,NA,NA,14.5,F,None
1299,WCA3B_Marsh,16.7,59.6,117.6,21.8,NA,NA,NA,F,None
1300,BICY_Marsh,12.5,44.9,88.9,16.5,NA,NA,1.6,F,Missing 2 digits on LF
1301,BICY_Marsh,21.1,76.7,148.4,29.3,NA,NA,9.6,M,None
1302,BICY_Marsh,15.5,56.4,113.6,21.1,NA,NA,4,F,None
1303,BICY_Marsh,21.4,75,151.5,29.2,NA,NA,9.4,F,Missing toe on right rear foot
1304,BICY_Marsh,23.4,84.6,168.7,32.7,NA,NA,13,M,None
1305,BICY_Marsh,25.2,98.5,188.5,39.1,NA,NA,19,F,None
1306,BICY_Marsh,23.6,90.8,180.8,35.1,NA,NA,15,M,None
1307,BICY_Marsh,23.8,91,177.2,29.9,NA,NA,14,F,None
1308,BICY_Marsh,33.9,122.5,239.5,50.6,NA,NA,43,M,None
1309,BICY_Marsh,27,98.9,194.6,39.8,NA,NA,19.5,M,None
1310,ENP-SS,25.6,92.4,184.5,38.6,NA,NA,18,F,None
1311,ENP-SS,34.2,129.6,254.5,39.5,NA,NA,36,F,None
1312,ENP-SS,16.9,62.5,125.8,23.8,NA,NA,5,M,None
1313,ENP-SS,28,104.5,202,37.5,NA,NA,22.5,F,None
1314,ENP-SS,20.4,74.1,145.5,28.4,NA,NA,7.75,F,None
1315,ENP-SS,34.4,122,240.5,47.6,NA,NA,39,M,None
1316,ENP-SS,27.2,94.3,185.4,34.4,NA,NA,16,M,None
1317,ENP-SS,14.8,56.8,103.7,20.7,NA,NA,3.2,F,Incomplete tail
1318,ENP-SS,29.3,110.3,214.1,39,NA,NA,25,F,LF 2nd digit a stub
1319,ENP-SS,23.6,93.2,175.4,32.2,NA,NA,14,F,None
1320,ENP-SS,28.1,105.2,195.4,32.9,NA,NA,19.8,F,5th single missing tail scute
1321,ENP-SS,28.6,105.4,200.2,33.5,NA,NA,20.5,F,Incomplete tail
1322,ENP-SS,13.7,50.1,104,18.2,NA,NA,2.7,F,None
1323,ENP-SS,23.8,87.5,168.7,31.8,NA,NA,13.2,F,9th single cut
1324,ENP-SS,19.4,71.7,141,27.6,NA,NA,7.6,F,None
1325,ENP-EST,19.8,72.2,145.6,29,NA,NA,9.6,M,None
1326,ENP-EST,30.6,110.4,211.7,43.4,NA,NA,33,M,None
1327,ENP-EST,32.5,115.5,220.1,33.4,NA,NA,30,M,5th Single cut
1328,ENP-EST,24,88.4,177.4,35.6,NA,NA,17.8,M,None
1329,ENP-EST,22.8,81.1,163.7,31,NA,NA,11.5,M,None
1330,ENP-EST,26,94.4,185.2,38.7,NA,NA,20.5,M,None
1331,ENP-EST,37.8,141.2,265.8,48.8,NA,NA,54,M,None
1332,ENP-EST,34.5,128,249.2,52.6,NA,NA,49,M,None
1333,ENP-EST,26.7,99.2,190.3,38.2,NA,NA,21,F,"Middle web on right rear foot was torn, look like she may have had a tag before"
1334,ENP-EST,33.1,123.8,231.9,48,NA,NA,40,M,None
1335,ENP-EST,28.6,118.6,207.9,40.8,NA,NA,27,M,None
1336,ENP-EST,24.4,86.1,172.3,32.9,NA,NA,13.75,M,None
1337,ENP-FC,15.9,57.5,113,23.8,NA,NA,4.3,F,"Right back leg, 2nd toe from inside missing"
1338,ENP-FC,28.8,104,203.4,42.3,NA,NA,23,M,None
1339,ENP-FC,18.5,66.2,132.5,24.5,NA,NA,5.7,F,None
1340,ENP-FC,29.8,110.2,214.2,40.2,NA,NA,24,M,None
1341,ENP-FC,17.4,64.9,127.5,23.8,NA,NA,3.2,F,None
1342,ENP-FC,36.6,132.2,262.2,45,NA,NA,45,M,None
1343,ENP-FC,24.8,93.7,178.4,31,NA,NA,13.6,F,None
1344,ENP-FC,21.7,78.7,159.8,32.3,NA,NA,11.9,F,None
1345,ENP-FC,18.7,65,128.4,24.7,NA,NA,5.7,F,None
1346,ENP-FC,22.3,84.3,166,34.5,NA,NA,12.9,F,None
1347,ENP-FC,18,70.5,146.9,28.3,NA,NA,8,F,None
1348,ENP-FC,33.9,121.4,234.8,47.6,NA,NA,38.5,M,None
1349,ENP-FC,14.3,50.4,103.9,19.7,NA,NA,2.7,M,None
1350,ENP-FC,22.5,82.5,163.2,31.2,NA,NA,10.5,M,None
1351,ENP-FC,31.2,115,222,43.5,NA,NA,30.1,M,None
1352,WCA3B_Marsh,31.5,116,230.7,47,NA,NA,39,F,None
1353,WCA3B_Marsh,31.6,117.5,230.1,42.7,NA,NA,31,F,Missing front left leg
1354,WCA3B_Marsh,31,116,224.1,46.7,NA,NA,34,M,None
1355,WCA3B_Marsh,23,85.3,174.7,31.1,NA,NA,11.3,F,None
1356,WCA3B_Marsh,30.5,108.5,216.2,33.2,NA,NA,23,M,None
1357,WCA3B_Marsh,29,108.1,224.4,38,NA,NA,25,M,None
1358,WCA3B_Marsh,32.4,114,224.5,46.5,NA,NA,32,M,None
1359,WCA3B_Marsh,25.7,94.5,186.5,37.4,NA,NA,18,M,None
1360,WCA2A_Marsh,20.8,74.9,151.2,30.2,NA,NA,8.6,M,None
1361,WCA2A_Marsh,14.7,52.9,107.2,20.4,NA,NA,2.75,F,None
1362,WCA2A_Marsh,19.5,70.1,142.7,27.2,NA,NA,7.25,M,None
1363,WCA2A_Marsh,34,124.5,240.5,52.9,NA,NA,47,M,None
1364,WCA2A_Marsh,18.5,66.8,134.5,25.5,NA,NA,6.1,M,None
1365,WCA2A_Marsh,16.8,63,127.5,23.6,NA,NA,4.8,F,None
1366,WCA2A_Marsh,26.5,96.8,191.1,37.1,NA,NA,18.5,F,None
1367,WCA2A_Marsh,26.8,100,192,37.8,NA,NA,17.9,F,None
1368,WCA2A_Marsh,30.4,109.3,209.4,42.2,NA,NA,26.2,M,None
1369,WCA2A_Marsh,19.7,71.8,144.5,27.9,NA,NA,7.8,M,None
1370,WCA2A_Marsh,36.6,132.8,262.2,52.6,NA,NA,53,M,None
1371,WCA2A_Marsh,15.1,54.7,113,21.8,NA,NA,3.2,F,None
1372,WCA2A_Marsh,22.1,82,160.5,31.4,NA,NA,11,M,None
1373,WCA2A_Marsh,28.9,106.6,206.5,42.5,NA,NA,24.5,F,None
1374,WCA2A_Marsh,35.5,123.5,206.5,48.1,NA,NA,41,M,Incomplete tail
1375,WCA3A-TW_Marsh,27.5,100.3,193,38.1,NA,NA,19.5,M,Tip of tail bitten.
1376,WCA3A-TW_Marsh,14.9,52.7,106.4,22.4,NA,NA,3.6,F,None
1377,WCA3A-TW_Marsh,15.9,55.5,110.6,21.1,NA,NA,3.9,M,None
1378,WCA3A-TW_Marsh,18.1,65,129,24.6,NA,NA,6.1,F,None
1379,WCA3A-TW_Marsh,30.4,108.3,213.2,46.4,NA,NA,34,F,None
1380,WCA3A-N41_Marsh,18,63.2,129.3,24.7,NA,NA,5.4,F,None
1381,WCA3A-N41_Marsh,23,83.5,162.5,32,NA,NA,6.5,M,None
1382,WCA3A-N41_Marsh,33,119.5,227,48.5,NA,NA,35.2,M,None
1383,WCA3A-N41_Marsh,19.4,69.9,136,27,NA,NA,3.6,M,None
1384,WCA3A-N41_Marsh,21,78.5,156.3,30.7,NA,NA,9.5,M,None
1385,WCA3A-N41_Marsh,28.4,104.3,206.6,45.5,NA,NA,25.2,M,None
1386,WCA3A-N41_Marsh,27.3,102.7,198.5,44.4,NA,NA,24.5,F,None
1387,WCA3A-N41_Marsh,36.7,131.9,255,47.4,NA,NA,47,M,None
1388,WCA3A-N41_Marsh,25.2,91.8,179,36.9,NA,NA,17,M,None
1389,WCA3A-N41_Marsh,28.9,110,224,44.2,NA,NA,33,F,None
1390,WCA3A-N41_Marsh,23.9,90,179,33.3,NA,NA,15.5,F,None
1391,WCA3A-N41_Marsh,16.8,61,120,20.9,NA,NA,4.5,M,None
1392,WCA3A-N41_Marsh,38,139,273,53.3,NA,NA,NA,M,None
1393,WCA3A-N41_Marsh,20.2,76,151,29.5,NA,NA,9.4,F,"5-8 SINGLES
BITTEN-GONE"
1394,WCA3A-N41_Marsh,24.5,95,186.6,38.5,NA,NA,20.5,F,None
1395,WCA3A-HD_Marsh,28.9,102.5,195.3,42.5,NA,NA,25.1,F,None
1396,WCA3A-HD_Marsh,29.3,104.1,205.5,45.5,NA,NA,29,F,None
1397,WCA3A-HD_Marsh,20.9,77.3,153.9,33.7,NA,NA,11.9,F,None
1398,WCA3A-HD_Marsh,29.7,109.2,211.5,48.1,NA,NA,36,F,None
1399,WCA3A-HD_Marsh,22.2,81.8,160,32.6,NA,NA,11.2,F,None
1400,WCA3A-HD_Marsh,15,52.4,105.5,19.7,NA,NA,2.9,M,None
1401,WCA3A-HD_Marsh,18.7,70.2,136.8,27.6,NA,NA,8.4,F,None
1402,WCA3A-HD_Marsh,25.1,92.3,182.7,38.4,NA,NA,17.5,F,None
1403,WCA3A-HD_Marsh,16.2,58.6,118.7,21.6,NA,NA,3.7,F,None
1404,WCA3A-HD_Marsh,25.3,96.8,189.3,39.7,NA,NA,21.1,F,None
1405,WCA3A-HD_Marsh,26.9,99.4,197.2,38.2,NA,NA,19.7,F,None
1406,WCA3A-HD_Marsh,15,55.8,113.4,20.8,NA,NA,3.5,F,None
1407,WCA3A-HD_Marsh,19.8,73.9,147.9,28.9,NA,NA,6.7,F,None
1408,WCA3A-HD_Marsh,31.3,116.3,233.4,43.4,NA,NA,35.2,F,None
1409,WCA3A-HD_Marsh,28.9,107.8,211.9,44.1,NA,NA,29.9,F,Missing 2 toes on Right Front foot
1410,WCA3A-HD_Canal,39.3,138.1,274,54.5,NA,NA,54,M,None
1411,WCA3A-HD_Canal,23.9,86.6,173,33,NA,NA,13.5,F,None
1412,WCA3A-HD_Canal,27.5,101.2,197.5,39.4,NA,NA,21,M,None
1413,WCA3A-HD_Canal,25.4,95.6,191.9,38.9,NA,NA,19.5,F,None
1414,WCA3A-HD_Canal,27,101.4,198.2,38.2,NA,NA,22,M,None
1415,WCA3A-HD_Canal,27.5,104,202.7,40.6,NA,NA,22,F,None
1416,WCA3A-HD_Canal,26.9,101.4,198.5,36.6,NA,NA,23,F,None
1417,WCA3A-HD_Canal,27.4,101.2,205.7,40.2,NA,NA,24,F,None
1418,WCA3A-HD_Canal,47,157.6,299.5,67.7,NA,NA,98.5,M,Incomplete tail
1419,Lox_Marsh,31.5,111.8,216.6,41.5,NA,NA,25.5,M,None
1420,Lox_Marsh,30.7,113.8,212.7,36.6,NA,NA,26,M,None
1421,Lox_Marsh,24.8,91.5,178.8,33.3,NA,NA,16.5,F,None
1422,Lox_Marsh,32.8,114.4,220.3,43.5,NA,NA,33,M,None
1423,Lox_Marsh,25.3,90.9,177.7,36,NA,NA,14.6,M,Left front leg amputated
1424,Lox_Marsh,27.5,100.4,195,39.3,NA,NA,19.5,F,None
1425,Lox_Marsh,34.8,116.4,222.8,46.9,NA,NA,34,M,None
1426,Lox_Marsh,28.6,103.3,200.2,39.7,NA,NA,23,F,None
1427,Lox_Marsh,29.2,108.4,211.2,39.2,NA,NA,23,F,None
1428,Lox_Marsh,20.2,75.4,148.3,30,NA,NA,8.4,M,None
1429,Lox_Marsh,16.7,59.1,122.3,23.1,NA,NA,4,M,None
1430,Lox_Marsh,36.5,127.4,253.8,39.8,NA,NA,34,M,None
1431,Lox_Marsh,30.1,109.2,214.6,31.3,NA,NA,18.4,F,None
1432,Lox_Marsh,24.4,87.6,173.4,31.8,NA,NA,12,M,None
1433,Lox_Marsh,24,86.2,174.1,34.4,NA,NA,13.5,M,None
1434,WCA3A-HD_Canal,29.9,105.5,205.5,43.2,NA,NA,26,F,5th DR is deformed
1435,WCA3A-HD_Canal,20.5,77.9,156,30.5,NA,NA,10,F,None
1436,WCA3A-HD_Canal,21.6,80.5,161.4,33.5,NA,NA,11.8,F,None
1437,WCA3A-HD_Canal,26.8,97.6,187.6,37.7,NA,NA,22,F,None
1438,WCA3A-HD_Canal,21.5,80.7,161.7,32.5,NA,NA,12.2,F,None
1439,WCA3A-HD_Canal,19.3,72.3,146.4,27.3,NA,NA,8,F,None
1440,Lox_Marsh,32.1,114.9,223.9,39.2,NA,NA,25.1,M,Left front leg amputated-right eye cataract
1441,Lox_Marsh,32.5,116.8,233.5,47.3,NA,NA,30,M,None
1442,Lox_Marsh,28.2,106.7,212.4,43.7,NA,NA,25.2,F,None
1443,ENP-EST,28.8,103.1,205,41.7,NA,NA,25,M,Old Scarring on R side of tail.
1444,ENP-EST,38.7,139.5,276.6,63.2,NA,NA,72,M,None
1445,ENP-EST,26.6,95.2,194.6,39.2,NA,NA,21.5,F,None
1446,ENP-EST,29.2,103.7,203.8,41.7,NA,NA,23.5,M,Missing Frong L Leg.
1447,ENP-EST,32.4,117.2,229.1,46.8,NA,NA,40.1,M,Festering wounds/old scar on back.
1448,ENP-EST,33.2,124.3,236.7,44,NA,NA,38,M,None
1449,ENP-EST,35,128.5,247,41,NA,NA,36,M,Funny nob btw eyes.
1450,ENP-EST,31.7,114.5,219,45.6,NA,NA,34.5,M,Open wound back left leg front thigh.
1451,ENP-EST,28,104.6,202.1,38.7,NA,NA,22,M,None
1452,ENP-EST,27.5,97.2,192.3,39.9,NA,NA,20,M,None
1453,ENP-EST,26,94.5,199.3,34.8,NA,NA,18,F,None
1454,ENP-EST,36.3,136.4,265,50.3,NA,NA,51,M,Right hind foot missing 2nd and 3rd toe/claw
1455,ENP-EST,32.5,120.1,235,47.6,NA,NA,41,M,None
1456,ENP-EST,31.4,112.5,216,28.8,NA,NA,20.5,M,Missing left front leg open would on left rear hip/pubic bone
1457,Lox_L40,31.8,116.2,224.9,44.9,NA,NA,37,M,4th single cut
1458,Lox_L40,26.7,99,197.3,38.1,NA,NA,22.5,M,None
1459,Lox_L40,42.5,152,294,55.2,NA,NA,74,M,Right rear leg broken (compound fracture)
1460,Lox_L40,35.8,128.1,247.5,45.9,NA,NA,42,M,None
1461,Lox_L40,37,138.4,278,58.7,NA,NA,65,M,None
1462,Lox_L40,30.7,116.5,220.2,46.5,NA,NA,31,F,None
1463,Lox_L40,24.6,88.3,174.8,35.1,NA,NA,8.6,M,None
1464,Lox_L40,30.9,110.4,224,45.7,NA,NA,27.5,M,None
1465,Lox_L40,21.6,77.9,163.4,32.3,NA,NA,11.6,M,None
1466,Lox_L40,28,102.2,202.8,40.2,NA,NA,22.5,F,None
1467,Lox_L40,33.1,120.4,239.2,40.3,NA,NA,34.2,M,None
1468,Lox_L40,32.6,120.1,228,45,NA,NA,36,M,None
1469,Lox_L40,32.1,115.2,230,45.5,NA,NA,36.5,F,None
1470,Lox_L40,30.5,116.2,182.8,45.5,NA,NA,33,F,Incomplete tail
1471,Lox_L40,34,128.6,258.2,50.4,NA,NA,47,M,None
1472,Lox_L40,34,126.2,249.4,46.6,NA,NA,44.5,M,"Left eye deformed
open wound on top of pelvic girdle"
1473,Lox_L40,22.9,80.4,158.2,29.9,NA,NA,12,M,None
1474,Lox_Marsh,32.2,118.9,234.7,44,NA,NA,32,M,None
1475,Lox_Marsh,27,96.1,182,38.8,NA,NA,21,F,None
1476,Lox_Marsh,26.6,100,197.3,33.1,NA,NA,17,F,None
1477,ENP-SS,27.9,102.1,201,40,NA,NA,25,F,None
1478,ENP-SS,30.8,112,223.1,42.5,NA,NA,28,M,Bites on Tail.
1479,ENP-SS,23.4,85.5,171.4,32.4,NA,NA,14,F,None
1480,ENP-SS,25.2,89.2,180,37.5,NA,NA,16,M,None
1481,ENP-SS,25.2,90.8,178.5,33.7,NA,NA,15.5,M,None
1482,ENP-SS,25.5,94.9,188.6,31.2,NA,NA,14.5,F,None
1483,ENP-SS,37,133.5,225.7,47.2,NA,NA,45,M,None
1484,ENP-SS,36.1,131.8,258.2,47.7,NA,NA,50,M,None
1485,ENP-SS,29.9,104.9,210.1,37.2,NA,NA,24.5,F,None
1486,ENP-SS,25.5,98.1,195.3,37.8,NA,NA,17.5,F,None
1487,ENP-SS,21,77.3,156,27.7,NA,NA,9,F,None
1488,ENP-SS,27.1,108.1,199.1,46.6,NA,NA,32,F,None
1489,ENP-SS,26.8,103.9,191.5,40.1,NA,NA,21.5,M,Incomplete tail
1490,ENP-SS,33,127.2,246.7,44.5,NA,NA,38,M,None
1491,ENP-SS,36,132.7,231,51.7,NA,NA,53,M,Incomplete tail
1492,WCA3B_Marsh,18.8,72.9,133.4,28.7,NA,NA,7.5,F,None
1493,WCA3B_Marsh,34.3,121,233,38.5,NA,NA,32,M,Left rear foot and lower leg missing
1494,WCA3B_Marsh,29.8,109,216.5,37.5,NA,NA,24.5,M,None
1495,WCA3B_Marsh,17.9,66.6,129.6,24.4,NA,NA,6,M,ND
1496,WCA3B_Marsh,27.9,109.9,207.5,45,NA,NA,29,M,NA
1497,WCA3B_Marsh,12.1,42.1,83.7,14.9,NA,NA,1.4,M,None
1498,WCA3B_Marsh,25.7,94.3,187.2,40.5,NA,NA,22,M,None
1499,WCA3A-TW_Marsh,43,152.5,288,57.5,NA,NA,82.5,M,None
1500,WCA3A-TW_Marsh,12.8,46.4,95.2,17.9,NA,NA,2.05,F,None
1501,WCA3A-TW_Marsh,11.8,43,89.6,16.2,NA,NA,1.4,M,None
1502,WCA3A-TW_Marsh,25.3,92.6,191,38.8,NA,NA,20.5,F,None
1503,WCA3A-TW_Marsh,14.4,54.9,107.7,22.5,NA,NA,3.3,M,None
1504,WCA3A-TW_Marsh,13.8,52,105.75,19.5,NA,NA,3,M,None
1505,WCA3A-TW_Marsh,23.6,88.2,173.5,38,NA,NA,16,F,None
1506,WCA3A-TW_Marsh,25.7,97.6,197.1,38.7,NA,NA,20,M,None
1507,WCA3A-TW_Marsh,28.7,102.1,209.4,44,NA,NA,22.5,M,Torn webbing on back L. foot.
1508,WCA3A-TW_Marsh,26.9,94.1,185.8,40.4,NA,NA,19.5,F,Some marks on tail.
1509,BICY_Marsh,15.1,52.6,110,22.7,NA,NA,3.5,M,None
1510,BICY_Marsh,25.1,92.3,188.4,35,NA,NA,15.5,M,None
1511,BICY_Marsh,14,50.4,98,17.3,NA,NA,2.5,M,None
1512,BICY_Marsh,18,67.1,129.9,24.3,NA,NA,5.25,M,None
1513,BICY_Marsh,13.2,49.6,99.6,18.9,NA,NA,2.5,M,None
1514,BICY_Marsh,22,79.3,158.4,30.9,NA,NA,9.5,F,None
1515,BICY_Marsh,23.9,88.3,175.8,35.4,NA,NA,14.75,M,None
1516,BICY_Marsh,11.7,44,90.4,17.8,NA,NA,1.8,F,None
1517,BICY_Marsh,11.1,38.4,79.8,13.5,NA,NA,1.01,M,None
1518,BICY_Marsh,23,82.2,162,34.7,NA,NA,13.6,M,None
1519,BICY_Marsh,21.3,75.1,156.8,30.5,NA,NA,10,F,None
1520,BICY_Marsh,42.2,151.5,286.4,61.1,NA,NA,84,M,None
1521,BICY_Marsh,17.7,68.6,138.5,26.9,NA,NA,6.2,F,None
1522,BICY_Marsh,14.6,54.9,110.5,23.2,NA,NA,3.55,F,None
1523,BICY_Marsh,17.9,60.8,121.5,24.2,NA,NA,4.52,F,None
1524,Lox_Marsh,21,74,147.5,27.5,NA,NA,8.45,F,None
1525,Lox_Marsh,23.3,82,168.4,33.2,NA,NA,12.5,M,None
1526,BICY_Marsh,27.9,101.5,203.7,43.9,NA,NA,23.5,M,None
1527,BICY_Marsh,12.9,47.2,92.5,17.6,NA,NA,2.1,M,None
1528,BICY_Marsh,31.5,113.5,222.5,38.7,NA,NA,24.5,M,None
1529,BICY_Marsh,23.9,90.3,181.2,37.5,NA,NA,17,F,None
1530,BICY_Marsh,40.4,141,277,60.7,NA,NA,74,M,None
1531,BICY_Marsh,24.2,88.6,178.1,38.2,NA,NA,16,F,None
1532,BICY_Marsh,20.2,75.4,151.3,28.2,NA,NA,8.2,M,None
1533,BICY_Marsh,23.5,87,172.2,29.2,NA,NA,12.2,M,None
1534,BICY_Marsh,27.2,98.4,194.3,39.4,NA,NA,20.5,F,None
1535,ENP-EST,27.2,98.9,198.7,39.6,NA,NA,21,M,None
1536,ENP-EST,32.7,117,182,46.9,NA,NA,35,M,Incomplete tail
1537,ENP-EST,32.5,125.2,237.8,48.9,NA,NA,41.5,M,None
1538,ENP-EST,35,126.8,246.8,45,NA,NA,42.5,M,None
1539,ENP-EST,34,125.8,247.1,42.4,NA,NA,35.5,M,Tail torn and hanging off after 11th single.
1540,ENP-FC,26.2,96.6,157,40.2,NA,NA,18,M,Incomplete tail
1541,WCA2A_Marsh,15.8,58.4,120.3,22.8,NA,NA,3.7,M,None
1542,WCA2A_Marsh,18.4,63.4,130.4,23.4,NA,NA,4.5,M,None
1543,WCA2A_Marsh,33.9,123.8,235.5,51.9,NA,NA,44,M,Incomplete tail
1544,WCA2A_Marsh,36.5,126.5,228.1,38.1,NA,NA,33,M,Incomplete tail
1545,WCA2A_Marsh,17.5,62.8,130.1,24.8,NA,NA,4.9,F,None
1546,WCA2A_Marsh,22.1,79.7,158.4,31.2,NA,NA,10.25,F,2nd claw RF toe missing
1547,WCA2A_Marsh,13.7,46.8,94.4,17.4,NA,NA,2,M,None
1548,WCA2A_Marsh,17,61,125.7,22.9,NA,NA,4.5,M,None
1549,WCA2A_Marsh,36,126.9,255.9,48.4,NA,NA,45,M,None
1550,WCA2A_Marsh,33.9,123.2,247.8,50.4,NA,NA,42,M,None
1551,WCA2A_Marsh,29.3,110.4,221.7,47.2,NA,NA,31,F,None
1552,WCA2A_Marsh,34.6,124.4,240.4,44.1,NA,NA,35.5,M,Tail chewed up
1553,WCA2A_Marsh,27.7,100.6,193.9,36.9,NA,NA,18,F,FL foot missing
1554,WCA2A_Marsh,32.8,118.3,236,45.2,NA,NA,33,M,None
1555,WCA2A_Marsh,17.8,67.4,127.5,24.6,NA,NA,4.8,M,None
1556,WCA3A-HD_Marsh,39,133.5,254,48.5,NA,NA,54,M,None
1557,WCA3A-HD_Marsh,29.5,113,223,48.5,NA,NA,14.4,F,Back Rt outside toe hole in webbing
1558,WCA3A-HD_Marsh,29,107.5,214,40.5,NA,NA,24.5,M,"FL foot deformed, nubs for toes. Not a bite"
1559,WCA3A-HD_Marsh,15.5,55.5,114,21,NA,NA,3.8,F,None
1560,WCA3A-HD_Marsh,39.5,140,266,47,NA,NA,52,M,? A swollen bottom third of tail
1561,WCA3A-HD_Marsh,21,77.5,162,33,NA,NA,11.4,M,None
1562,WCA3A-HD_Marsh,29.4,108.7,218,49.5,NA,NA,37,F,None
1563,WCA3A-HD_Marsh,16,60.3,127.2,22.4,NA,NA,4.8,F,None
1564,WCA3A-HD_Marsh,22.2,83.6,168.8,35.4,NA,NA,14.4,M,None
1565,WCA3A-HD_Marsh,19.2,71.6,145.2,28.1,NA,NA,7.4,F,None
1566,WCA3A-HD_Marsh,36.2,131.5,253.4,49.9,NA,NA,47,M,Broken jaw
1567,WCA3A-HD_Marsh,16.4,61.7,125.4,22.5,NA,NA,4.25,F,None
1568,ENP-FC,31.8,122.5,235.9,50.4,NA,NA,33,M,None
1569,ENP-FC,23.8,88.5,173.2,33.5,NA,NA,13,M,None
1570,ENP-FC,26.2,100,196.9,35.5,NA,NA,16.9,M,None
1571,ENP-FC,26.6,97.8,197.5,38.5,NA,NA,18,F,None
1572,ENP-FC,30.7,113,228.5,44.3,NA,NA,28,M,None
1573,ENP-FC,27.5,97.2,197.8,38.3,NA,NA,18,M,None
1574,ENP-FC,24.4,87.6,173.8,34.9,NA,NA,14.5,F,None
1575,ENP-FC,24.6,92.1,180.1,33,NA,NA,14.2,M,None
1576,ENP-FC,24,84.4,170.1,33.7,NA,NA,12.2,F,Extra flap/toe on RF foot
1577,ENP-FC,18.6,69.9,141.7,27.5,NA,NA,6.8,F,None
1578,ENP-FC,19.8,70.3,143.2,27.5,NA,NA,7,F,None
1579,ENP-FC,24.5,90.8,181.9,34.7,NA,NA,15,M,None
1580,ENP-FC,21.9,82.4,165.1,31.6,NA,NA,12.5,F,None
1581,ENP-FC,36.2,133.9,261.8,48.4,NA,NA,50,M,None
1582,ENP-SS,34.9,126.7,257,50.6,NA,NA,42.5,M,None
1583,ENP-SS,29.6,106.5,211.8,36.7,NA,NA,20,M,Scraps on back
1584,ENP-SS,29.2,108.5,212.2,36.6,NA,NA,25,F,None
1585,ENP-SS,25.2,95.9,192.4,39.2,NA,NA,20.5,F,"Single 3 cut a bit, no clean cut scarson tail (teethmarks)"
1586,ENP-SS,33.6,125.4,245.6,48.3,NA,NA,41,M,None
1587,ENP-SS,28.7,104.7,204.8,42.4,NA,NA,24,M,None
1588,WCA3A-HD_Marsh,15,52.5,111,21,NA,NA,3.2,F,None
1589,WCA3A-HD_Marsh,12.8,47.5,99,17.5,NA,NA,2.1,F,None
1590,WCA3A-HD_Marsh,17.5,61.5,123,20.5,NA,NA,3.7,F,None
1591,WCA3B_Marsh,21.8,79.6,156,30.8,NA,NA,9.4,F,None
1592,WCA3B_Marsh,25.4,96.8,192.5,37,NA,NA,16.75,F,Some scrapes
1593,WCA3B_Marsh,27.7,102.3,203.6,43.9,NA,NA,28.6,F,None
1594,WCA3B_Marsh,27.1,95.5,191.3,39.2,NA,NA,21,F,None
1595,WCA3B_Marsh,33.5,121.9,235.8,50.8,NA,NA,43.5,M,None
1596,WCA3B_Marsh,28,98.2,192.7,35.8,NA,NA,22.5,M,None
1597,WCA3B_Marsh,22.8,83.8,167.1,31.7,NA,NA,12.4,F,None
1598,WCA3B_Marsh,28.9,109.4,216.5,42.4,NA,NA,26,M,None
1599,WCA3B_Marsh,28.2,106,207.7,42.4,NA,NA,26,U,None
1600,WCA3B_Marsh,29.7,110.2,211.4,46.1,NA,NA,30.5,M,None
1601,WCA3B_Marsh,25.2,96.5,191.4,40.3,NA,NA,21,F,None
1602,WCA3B_Marsh,26.5,100.7,195.2,40.9,NA,NA,23,F,None
1603,WCA3B_Marsh,33.8,120.5,243.5,49.1,NA,NA,43,M,None
1604,WCA3B_Marsh,29.2,108.3,216.6,37.7,NA,NA,24,M,None
1605,WCA3B_Marsh,18,64.9,129.6,24.2,NA,NA,5.1,F,None
1606,Lox_Marsh,25,91,181.9,33.8,NA,NA,16,M,None
1607,Lox_Marsh,32.5,120.8,235.5,49.6,NA,NA,40,F,None
1608,Lox_Marsh,30.5,112.3,222,42.5,NA,NA,30,M,None
1609,Lox_Marsh,19,70,144,26.5,NA,NA,7,F,None
1610,Lox_Marsh,20,72.5,145.5,26,NA,NA,7.2,F,None
1611,Lox_Marsh,14.7,53,106.5,19.5,NA,NA,2.7,M,None
1612,Lox_Marsh,36,131,241,37,NA,NA,36,M,Incomplete tail
1613,WCA3A-TW_Marsh,33.5,119.2,220.9,42.4,NA,NA,33,M,Incomplete tail
1614,WCA3A-TW_Marsh,20.9,78.4,156,31.9,NA,NA,10.5,M,None
1615,WCA3A-TW_Marsh,32,120.9,242.5,54.9,NA,NA,45,F,Right eye deformed.
1616,WCA3A-TW_Marsh,27.9,101,204.5,43.1,NA,NA,23.5,M,None
1617,WCA3A-TW_Marsh,18.9,67,134.7,27.2,NA,NA,5.9,M,None
1618,WCA3A-TW_Marsh,17.9,63.8,126.8,24.5,NA,NA,5,F,Missing LF foot.
1619,WCA3A-TW_Marsh,13.2,47.4,93.8,18.1,NA,NA,2,F,None
1620,WCA3A-TW_Marsh,21.3,75.2,149.6,30.9,NA,NA,8.8,M,None
1621,WCA3A-TW_Marsh,11.4,40.9,81.7,16,NA,NA,1.4,F,None
1622,WCA3A-TW_Marsh,12.5,43.5,88.9,17,NA,NA,1.7,M,None
1623,WCA3A-N41_Marsh,22.2,84.4,169.5,34.8,NA,NA,13.2,M,None
1624,WCA3A-N41_Marsh,25.8,94.5,189.3,37.7,NA,NA,16.5,M,None
1625,WCA3A-N41_Marsh,22.9,83.1,167.4,32.6,NA,NA,13.2,F,None
1626,WCA3A-N41_Marsh,23.2,87.2,172.8,33.6,NA,NA,14.25,F,None
1627,WCA3A-N41_Marsh,28.5,105.7,208.6,43,NA,NA,26,M,None
1628,WCA3A-N41_Marsh,34.6,127.1,245.9,51,NA,NA,47.5,M,None
1629,WCA3A-N41_Marsh,26.4,95.1,195.4,39.3,NA,NA,18.8,F,None
1630,WCA3A-N41_Marsh,25.1,89.4,173,35,NA,NA,14.6,M,None
1631,WCA3A-N41_Marsh,29.1,105.9,206.8,41.5,NA,NA,27,F,"Bite marks at base of tail
scarring along tail"
1632,WCA3A-N41_Marsh,17.7,61,123.9,23.1,NA,NA,4.9,M,None
1633,BICY_Marsh,50.7,184.2,356.5,81.1,NA,NA,164,M,"Scars on tail, snout, left eye missing"
1634,BICY_Marsh,29.3,109.7,201.5,45.1,NA,NA,31,F,Incomplete tail
1635,BICY_Marsh,28.8,109.1,218.1,47.8,NA,NA,31,F,Large bump on Right Rear leg
1636,BICY_Marsh,29.5,111,211.5,43,NA,NA,30,F,None
1637,BICY_Marsh,19.9,74.2,150,29.5,NA,NA,9.1,F,None
1638,BICY_Marsh,32.5,123.5,247,61,NA,NA,56,F,None
1639,ENP-SS,24.6,89.9,177.8,35.8,NA,NA,15.2,F,None
1640,ENP-SS,28.5,104,204.2,33.1,NA,NA,21,F,None
1641,ENP-SS,20.5,75.5,149.8,27.4,NA,NA,8.2,M,None
1642,ENP-SS,18.5,72,144.2,26.2,NA,NA,7,M,None
1643,ENP-SS,24.4,92.2,182.5,31.4,NA,NA,13.8,M,None
1644,ENP-SS,20.2,73,147.5,27.6,NA,NA,8.2,F,None
1645,ENP-SS,25.7,99,187,31.5,NA,NA,16.8,F,None
1646,WCA3A-N41_Marsh,30.3,111.2,216.1,45.6,NA,NA,29,M,ND
1647,WCA3A-N41_Marsh,18.7,69,139.7,28.2,NA,NA,7.2,M,None
1648,WCA3A-N41_Marsh,33.1,121.6,241.3,50.9,NA,NA,46,M,"Lower jaw shorter than upper
Top jaw comes to a bit of a point."
1649,WCA3A-N41_Marsh,22.5,81.1,162.7,31.4,NA,NA,11,F,None
1650,WCA3A-N41_Marsh,28.5,104.9,211.9,43.6,NA,NA,27,F,None
1651,ENP-FC,24.2,92.7,181.1,33.7,NA,NA,15.1,F,Single torn and 9th cut
1652,ENP-SS,26.4,98.1,194.4,37.8,NA,NA,19.4,M,"Left shoulder deformed scutes, look like flap"
1653,ENP-SS,23.9,90.9,176.5,35.8,NA,NA,15.5,F,Missing second toe on right foot
1654,Lox_Marsh,21,76.7,158.6,27.5,NA,NA,9,M,None
1655,Lox_Marsh,16,56,117.3,19.6,NA,NA,3.9,F,None
1656,Lox_Marsh,19,67,135.3,23.7,NA,NA,5.9,F,None
1657,Lox_Marsh,28.5,101,203.7,38.3,NA,NA,22.5,M,First Single Creased
1658,Lox_Marsh,22.5,77.5,158,30.5,NA,NA,10.5,M,None
1659,Lox_Marsh,18,64.6,133,23.8,NA,NA,5.7,M,None
1660,Lox_Marsh,26.2,97.4,192.2,36.6,NA,NA,20,F,Third Left Double is short
1661,Lox_Marsh,20.5,76,152,27.8,NA,NA,8.5,F,None
1662,ENP-EST,27.5,103,208.5,40.5,NA,NA,25.5,M,Right front foot missing. Right single scute two missing/torn.
1663,ENP-EST,27.4,99.7,204.2,NA,NA,NA,23,M,None
1664,ENP-EST,27.3,100.5,200.8,38.1,NA,NA,21.5,M,None
1665,ENP-EST,35.2,129.3,232.4,52.2,NA,NA,57,M,Incomplete tail
1666,ENP-EST,22.9,82.5,167.7,33.8,NA,NA,14,M,None
1667,ENP-EST,30.5,109.1,210.2,41.2,NA,NA,31,M,None
1668,ENP-EST,29,107.5,205.2,44.6,NA,NA,31,M,None
1669,ENP-EST,35.5,130.9,253.5,56.2,NA,NA,56,M,None
1670,ENP-EST,23.6,86.2,168.5,31.6,NA,NA,13,M,None
1671,ENP-EST,31.3,113.5,219.6,45.2,NA,NA,37.5,M,None
1672,WCA3A-HD_Marsh,12.1,43.2,89.4,16.4,NA,NA,1.4,M,N/A
1673,WCA3A-TW_Marsh,22.8,85,173.3,35.6,NA,NA,14,F,None
1674,WCA3A-TW_Marsh,30.3,111.9,225,47.9,NA,NA,34,F,None
1675,WCA3A-TW_Marsh,33.2,119.9,241.5,53.3,NA,NA,41,M,None
1676,WCA3A-TW_Marsh,16.2,56.8,115.9,21.2,NA,NA,3.4,F,None
1677,WCA3A-TW_Marsh,36.1,130.8,260.5,55.6,NA,NA,55.5,M,None
1678,ENP-FC,35.5,130.3,262.9,51.4,NA,NA,48,M,None
1679,ENP-FC,27.5,101.9,203.5,41.3,NA,NA,21,F,None
1680,ENP-FC,13,48.2,94.6,17.7,NA,NA,2.1,M,None
1681,ENP-FC,25,94.7,192,37.4,NA,NA,15,F,None
1682,ENP-FC,32.4,120.1,240.5,44.5,NA,NA,31,M,None
1683,ENP-FC,26.5,102.8,206.5,38.3,NA,NA,19,F,Small abnormality (raised) behind head.  ~10c piece size.
1684,ENP-FC,34.6,127.5,246.5,39.5,NA,NA,32,M,None
1685,ENP-FC,20.6,75.9,152.6,30,NA,NA,8.25,F,None
1686,ENP-FC,30.3,111.8,217.4,36.4,NA,NA,24,M,None
1687,ENP-FC,26.4,97.3,188.4,40.1,NA,NA,19.5,F,None
1688,ENP-SS,30,105.9,211.5,35.8,NA,NA,17,F,None
1689,ENP-SS,30,112.5,224.5,46.4,NA,NA,28,F,Missing 1/2 of palate on bottom jaw.
1690,ENP-SS,21.2,76.4,144.5,26.6,NA,NA,9,F,None
1691,ENP-SS,25.6,92.9,185.2,36.3,NA,NA,16.25,M,None
1692,ENP-SS,20.4,73.4,139.9,28.8,NA,NA,7.8,F,None
1693,ENP-SS,26.8,103.3,203.3,30.2,NA,NA,17.5,F,Puncture in left nictitating membrane.  Puncture in right rear leg.  Emaciated.
1694,ENP-SS,29.5,107.6,212.8,36.5,NA,NA,17,M,None
1695,ENP-SS,26.9,95.6,195.8,36.9,NA,NA,19,M,None
1696,WCA3A-N41_Marsh,18.4,67.6,135.4,26.3,NA,NA,6.1,F,None
1697,WCA3A-N41_Marsh,38,136.2,269.4,60.3,NA,NA,65,M,None
1698,BICY_Marsh,31.4,114.7,225.8,46.6,NA,NA,30.5,M,None
1699,BICY_Marsh,22.5,83.9,174,35.6,NA,NA,12.75,F,None
1700,BICY_Marsh,18.4,66.9,135.7,27.6,NA,NA,7,M,None
1701,BICY_Marsh,21.4,77.4,159.1,34,NA,NA,11.75,F,Missing front right foot.
1702,BICY_Marsh,28.5,100.6,199.4,42,NA,NA,22.5,M,None
1703,BICY_Marsh,28,105.7,218,46.1,NA,NA,26,M,None
1704,BICY_Marsh,28.9,108.5,207.4,45.4,NA,NA,25.5,F,None
1705,BICY_Marsh,19.8,72.8,141.2,28.3,NA,NA,7.8,F,None
1706,BICY_Marsh,13.2,45.9,92.4,17.7,NA,NA,2,M,None
1707,BICY_Marsh,25.3,91.7,181.7,35.2,NA,NA,15.5,M,None
1708,BICY_Marsh,21.1,77.1,155.5,30.2,NA,NA,8.8,M,None
1709,BICY_Marsh,27.1,97.2,190.8,30.9,NA,NA,17,F,None
1710,BICY_Marsh,34.1,125.5,238.4,46.4,NA,NA,38,M,Small scar on right front shoulder
1711,BICY_Marsh,19.1,69.4,138.1,27.7,NA,NA,6.4,M,None
1712,BICY_Marsh,21.4,78.8,154.1,30.3,NA,NA,10.2,M,None
1713,Lox_L40,19.2,75.2,139.5,28.5,NA,NA,8.5,M,None
1714,Lox_L40,24.2,87.2,172.4,34,NA,NA,13.25,F,None
1715,Lox_L40,20.4,71.4,146.1,28.2,NA,NA,8,M,None
1716,Lox_L40,28.5,105.4,206,43.5,NA,NA,28.5,F,None
1717,Lox_L40,27.6,102,191.9,33.1,NA,NA,19.25,F,Incomplete tail
1718,Lox_L40,33.2,120.6,235.9,48.6,NA,NA,39,M,None
1719,Lox_L40,30.7,106.7,193.2,42,NA,NA,24.5,F,Incomplete tail
1720,Lox_L40,28.6,101.2,205.5,45.1,NA,NA,25,F,None
1721,Lox_L40,30.6,107.7,214.2,41.9,NA,NA,25,F,None
1722,Lox_L40,28.8,102.8,210.1,46.6,NA,NA,27.5,F,None
1723,Lox_L40,19.6,71.1,143.1,29.8,NA,NA,7.7,F,None
1724,Lox_L40,28.2,98.7,203.4,40.4,NA,NA,19,F,None
1725,Lox_L40,18.7,67.9,132.7,27,NA,NA,6.1,F,None
1726,Lox_L40,26,94.7,188.7,41.2,NA,NA,17.5,F,Slight snaggle tooth on LHS (misalignment of lower jaw w/ upper jaw)
1727,Lox_L40,24.6,89.7,181.5,39,NA,NA,16.6,F,None
1728,WCA3A-N41_Marsh,15,52.8,101.4,18.8,NA,NA,2.9,F,Incomplete tail
1729,WCA3A-N41_Marsh,31.8,110.9,219.4,45.8,NA,NA,32,F,Missing inner toe on FR foot
1730,WCA3A-N41_Marsh,29.4,108.5,225.8,47.5,NA,NA,31,F,None
1731,WCA3A-N41_Marsh,26.4,98,193.8,38.6,NA,NA,19.8,M,None
1732,WCA3A-N41_Marsh,37.4,131.6,254.2,48.1,NA,NA,48,F,None
1733,WCA3A-N41_Marsh,18,63.9,128.1,25.5,NA,NA,5.8,M,None
1734,WCA3A-N41_Marsh,29.4,109.8,214.6,43.4,NA,NA,30.5,F,None
1735,WCA3A-N41_Marsh,18.2,64.9,127.5,23.6,NA,NA,5.4,F,None
1736,WCA3A-N41_Marsh,41.5,150.8,302.5,61.8,NA,NA,86,M,"Missing Front Right Thumb. Lower jaw, left side scarred."
1737,WCA3A-N41_Marsh,25.3,94.4,185.6,37.2,NA,NA,21,M,None
1738,WCA3A-N41_Marsh,27.2,100.5,196.1,43.1,NA,NA,27,F,Rear right leg missing 2 toes.
1739,WCA3A-N41_Marsh,24.2,90,178.8,36.9,NA,NA,16.2,F,None
1740,WCA3A-N41_Marsh,27.9,101.5,195.6,40.5,NA,NA,24.5,F,None
1741,WCA3A-HD_Canal,24.1,88.8,175.3,35.3,NA,NA,15,F,None
1742,WCA3A-HD_Canal,29.2,106.4,208.8,40.5,NA,NA,23.5,F,Broken jaw
1743,WCA3A-HD_Canal,20.4,73.1,148.3,30.4,NA,NA,8.2,F,None
1744,WCA3A-HD_Marsh,16.8,61.2,121.1,22.4,NA,NA,4.1,F,None
1745,WCA3A-HD_Marsh,22.9,85.8,NA,33.8,NA,NA,13.5,F,None
1746,WCA3A-HD_Marsh,25.4,92.2,177.5,39.1,NA,NA,17,F,"Fish barb in chin
bites on tail"
1747,WCA3A-HD_Marsh,24.5,91.6,183.7,35.5,NA,NA,18,F,None
1748,WCA3A-HD_Marsh,25.6,94.4,186.2,35.6,NA,NA,17.2,M,None
1749,WCA3A-HD_Marsh,14.9,51.6,105.3,19.2,NA,NA,2.8,F,None
1750,WCA3A-HD_Marsh,26.2,97.5,191.2,39.4,NA,NA,21,F,None
1751,WCA3A-HD_Canal,30,107.4,208.2,45.8,NA,NA,29,F,"Bite mark on tail.  Foreign object (hard twig?) in ""vent area."""
1752,WCA3A-HD_Canal,31.2,113,223.9,42.2,NA,NA,30,F,None
1753,WCA3A-HD_Canal,31.4,115.8,228.1,48.9,NA,NA,40.5,F,Right ear torn open (healed).
1754,WCA3A-HD_Canal,26.6,98.9,181.9,39.8,NA,NA,22,F,Incomplete tail
1755,WCA3A-HD_Canal,26.2,96.8,188.1,40,NA,NA,19.5,F,None
1756,WCA3A-HD_Canal,25.5,95.6,188.6,41.4,NA,NA,20.5,F,None
1757,WCA3A-HD_Marsh,27.9,106.8,208.2,39.5,NA,NA,21,M,None
1758,WCA3A-HD_Marsh,28.2,103.8,208.5,40.3,NA,NA,18.5,F,None
1759,WCA3A-HD_Marsh,19.2,74.1,148.2,28.5,NA,NA,8.1,M,None
1760,WCA3A-HD_Marsh,28,104.1,203.8,41.3,NA,NA,22,F,None
1761,WCA3A-HD_Marsh,29.7,113.7,220.6,46.4,NA,NA,31,F,Broken jaw
1762,ENP-EST,25.7,93.5,186.9,40.3,NA,NA,18.6,M,None
1763,ENP-EST,32.9,122.8,247.7,46.6,NA,NA,39,M,None
1764,ENP-EST,29.6,107,210,38.2,NA,NA,26.5,F,None
1765,ENP-EST,24.3,90.9,178.5,34.7,NA,NA,14.8,M,Slight scarring (bite marks) on R side of tail.
1766,ENP-EST,24.1,86,171.2,35.5,NA,NA,13.6,M,None
1767,ENP-EST,25,92.1,179.9,35.7,NA,NA,15.6,M,Light scarring on nose
1768,Lox_Marsh,26.5,94.4,198.8,37.9,NA,NA,19,M,None
1769,Lox_Marsh,27,101,192.9,35.8,NA,NA,22,F,Incomplete tail
1770,Lox_Marsh,29.3,106.1,214,40.6,NA,NA,28,F,"Double scutes 9, 10, 11 on right side deformed.  1st scute slightly split."
1771,Lox_Marsh,20.2,75.8,148.9,29.6,NA,NA,8.95,M,None
1772,Lox_Marsh,19.5,71.5,143.7,27,NA,NA,7.7,F,9th scute slightly shredded
1773,Lox_Marsh,23.5,82.6,165.1,31,NA,NA,11.5,M,Missing left front leg.  8th scute has hole in it.
1774,Lox_Marsh,26.5,98,194.9,36.4,NA,NA,19,F,None
1775,Lox_Marsh,32,119,215,37.5,NA,NA,31.25,M,Incomplete tail
1776,Lox_Marsh,25.5,94.3,187.3,38.6,NA,NA,20.5,M,None
1777,Lox_Marsh,19.5,67,139.3,26.5,NA,NA,7.1,M,Notch in 11th scute.
1778,Lox_Marsh,16,56.4,112.2,22.8,NA,NA,4.6,F,1st scute curled
1779,WCA3A-HD_Canal,16.7,59.4,122.6,24.7,NA,NA,NA,F,None
1780,WCA3A-HD_Canal,20.1,70.1,143.5,29,NA,NA,8,F,None
1781,WCA3A-HD_Canal,26.8,100.3,195.6,34.8,NA,NA,19.8,F,None
1782,WCA3A-HD_Canal,26.8,98.6,190.1,39.3,NA,NA,18,M,None
1783,WCA3A-HD_Marsh,36.9,127.1,200.1,56.5,NA,NA,50,M,Incomplete tail
1784,WCA3A-HD_Marsh,35.1,125.2,242.4,54.5,NA,NA,46,M,"Lower jaw deformed, 3-4 teeth curving out on the front right side."
1785,WCA3A-HD_Marsh,26.9,97,192.5,42.3,NA,NA,19,F,None
1786,Lox_Marsh,29,110.6,221.8,44.2,NA,NA,31,F,None
1787,Lox_Marsh,34.5,126,255.4,49.7,NA,NA,39,M,None
1788,Lox_Marsh,30.4,111.7,224.2,45.6,NA,NA,30,M,None
1789,Lox_Marsh,31.1,114,226.4,43.1,NA,NA,28,M,Missing left eye
1790,Lox_Marsh,31.6,119.3,229.2,46.5,NA,NA,36,M,None
1791,ENP-EST,18.5,68.5,135.6,28.1,NA,NA,6.6,F,None
1792,ENP-EST,25.2,89.8,177.8,36.2,NA,NA,15.6,M,None
1793,ENP-EST,38.4,137,257.4,59.9,NA,NA,69,M,Incomplete tail
1794,ENP-EST,24.9,92,179.9,33.2,NA,NA,15,M,None
1795,ENP-EST,34,121.5,249.9,49.6,NA,NA,42,M,None
1796,ENP-EST,34.1,122.6,246.2,51.2,NA,NA,41,M,None
1797,ENP-EST,30.1,110.6,219.4,43.5,NA,NA,29,M,None
1798,ENP-EST,27.7,101.4,204.1,44.8,NA,NA,26,M,None
1799,ENP-EST,28.1,99.1,201.6,40.1,NA,NA,23,M,None
1800,ENP-EST,26.3,94.1,188.9,38.6,NA,NA,19.4,M,None
1801,WCA3A-HD_Canal,20.7,76.7,151.2,30.6,NA,NA,9.4,F,None
1802,WCA3A-HD_Canal,22.6,84,171.9,38,NA,NA,14.4,F,None
1803,ENP-SS,28.1,103.5,204.9,41,NA,NA,24,F,None
1804,ENP-SS,23.2,86.5,169,31.6,NA,NA,13,F,None
1805,ENP-SS,28.2,106.4,204.1,45.2,NA,NA,23.5,F,Incomplete tail
1806,ENP-SS,28.1,104.4,211.4,33.7,NA,NA,21,F,None
1807,ENP-SS,23.4,84.9,165.8,32.7,NA,NA,12.8,F,None
1808,ENP-SS,26.5,96.3,191.8,35.8,NA,NA,17,F,None
1809,ENP-SS,22.2,81.7,166.8,32.5,NA,NA,12,F,None
1810,ENP-FC,24.8,92,179.8,31.6,NA,NA,13.8,F,None
1811,ENP-FC,17,63.4,127.1,25.3,NA,NA,5.1,M,None
1812,ENP-FC,23.2,85.3,171.8,33.6,NA,NA,13,F,None
1813,ENP-FC,24.2,91.8,176.5,34.1,NA,NA,16,F,None
1814,ENP-FC,31.8,117.8,229.2,48.5,NA,NA,39,M,None
1815,ENP-FC,38.5,141.3,278.1,47.1,NA,NA,NA,M,Wounded on Left side of head 1 inch wound
1816,WCA2A_Marsh,24.6,92.1,182.1,35.2,NA,NA,17.25,F,None
1817,WCA2A_Marsh,26.2,93.9,180.4,37.5,NA,NA,22,M,None
1818,WCA2A_Marsh,18.8,67.8,137.5,25.1,NA,NA,6.6,M,None
1819,WCA2A_Marsh,25.2,93,182.4,37.4,NA,NA,19.5,F,None
1820,WCA2A_Marsh,18.9,65.7,127.5,23.9,NA,NA,5.5,M,Right Hind foot mising
1821,WCA2A_Marsh,13.8,47.9,96.1,16,NA,NA,1.9,M,None
1822,WCA2A_Marsh,25.9,93.8,183.7,36.6,NA,NA,16.8,M,None
1823,WCA2A_Marsh,36.4,130.8,258.2,42.5,NA,NA,40.3,M,Single #2 scute missing
1824,WCA3B_Marsh,32.3,114.6,221.8,44.9,NA,NA,32,M,None
1825,WCA3B_Marsh,27.3,96.9,198.9,38,NA,NA,19.8,M,None
1826,WCA3B_Marsh,32.3,112.8,225.2,48,NA,NA,38.5,M,None
1827,WCA3B_Marsh,28,98.5,196.9,36.8,NA,NA,22.5,F,None
1828,WCA3B_Marsh,32.5,113.2,153.4,28.3,NA,NA,18.2,M,Incomplete tail
1829,WCA3A-N41_Marsh,24,89.4,178,37.1,NA,NA,15,M,None
1830,WCA3B_Marsh,18,67.1,132,27.7,NA,NA,6.4,F,None
1831,WCA3B_Marsh,22.5,85.4,175.2,33.8,NA,NA,15,M,None
1832,WCA3B_Marsh,24.9,91.1,182.3,39.8,NA,NA,19.8,F,None
1833,WCA3B_Marsh,30,110.1,218.6,48.2,NA,NA,33,M,None
1834,WCA3B_Marsh,21.5,78.1,165.8,32.4,NA,NA,11.75,F,None
1835,WCA3B_Marsh,26.4,96,192,38.6,NA,NA,30,M,Front upper jaw slightly short/flat at an angle. Lower tooth sticking out.
1836,WCA3B_Marsh,33.8,121.7,230.1,37.5,NA,NA,33.25,M,Upper jaw deformed infront. Two lower jaw teeth sticking up
1837,WCA3B_Marsh,31.3,112.2,227.2,35,NA,NA,26.5,F,None
1838,WCA3B_Marsh,20.2,71.4,141.6,27.3,NA,NA,6.9,M,None
1839,WCA2A_Marsh,15.6,56.4,112.8,20.4,NA,NA,3.2,M,None
1840,WCA2A_Marsh,17.7,65.7,133.5,25,NA,NA,5.5,F,None
1841,WCA2A_Marsh,14.3,52.8,106.9,19.9,NA,NA,2.8,M,None
1842,WCA2A_Marsh,29,103.5,203.7,44.4,NA,NA,29,F,None
1843,WCA2A_Marsh,32.7,121.2,243.9,50.1,NA,NA,39.5,M,None
1844,WCA2A_Marsh,22.8,82.7,167.4,33,NA,NA,12.8,M,None
1845,WCA2A_Marsh,13.6,47.7,97.2,NA,NA,NA,2.2,M,None
1846,WCA2A_Marsh,29,107.8,218.3,45.4,NA,NA,29.75,M,None
1847,Lox_Marsh,30.5,117.2,235.6,44.8,NA,NA,30.5,M,None
1848,Lox_Marsh,27,105.4,205.8,38.2,NA,NA,21.25,F,"First single scute split
3rd single w/notch"
1849,WCA3A-N41_Marsh,24,91,172.8,35.5,NA,NA,16.4,M,None
1850,WCA3A-N41_Marsh,38.7,144,290,54,NA,NA,56,M,None
1851,WCA3A-N41_Marsh,26,94.8,183,31.4,NA,NA,15.2,F,None
1852,WCA3A-N41_Marsh,19,70,141,25.4,NA,NA,6.4,F,None
1853,WCA3A-N41_Marsh,28,104,202,39.5,NA,NA,25.5,M,None
1854,WCA3A-N41_Marsh,13.5,46.7,94,17.5,NA,NA,1.95,F,None
1855,WCA3A-N41_Marsh,26.5,97.5,195.5,41,NA,NA,20.5,F,None
1856,WCA3A-N41_Marsh,19,70.2,141.4,27.5,NA,NA,7,F,None
1857,WCA3A-N41_Marsh,14.8,52,106.4,20.5,NA,NA,3.1,F,None
1858,WCA3A-N41_Marsh,25,91.2,182.5,35.1,NA,NA,15,F,None
1859,WCA3A-N41_Marsh,27.5,99,193.6,41.5,NA,NA,21,M,None
1860,WCA3A-N41_Marsh,29,102.8,205.7,40,NA,NA,25.5,F,None
1861,WCA3A-N41_Marsh,16.9,60.8,125.1,23.4,NA,NA,4.4,F,None
1862,WCA3A-N41_Marsh,25.2,87.5,166.8,33.6,NA,NA,13.2,M,None
1863,WCA3A-N41_Marsh,29.4,104.4,203,40.5,NA,NA,27,F,None
1864,WCA3A-N41_Marsh,29.2,101.4,198.5,41,NA,NA,25.5,M,None
1865,ENP-EST,37.4,139.4,274.8,47.4,NA,NA,67,M,None
1866,ENP-EST,26.7,100.4,192.5,35.3,NA,NA,21,F,None
1867,ENP-EST,30.7,109.9,221.7,42.1,NA,NA,31,M,None
1868,ENP-EST,29.1,105.7,212.2,38.5,NA,NA,28,M,None
1869,ENP-EST,25.9,92,183.1,36,NA,NA,18,M,None
1870,ENP-EST,31,109.5,215.5,40.3,NA,NA,28,M,None
1871,ENP-EST,28,102,206.4,40.3,NA,NA,24,M,None
1872,ENP-EST,34.7,130.4,254.7,48.3,NA,NA,51,M,Superficial Bite marks
1873,ENP-EST,27.5,96.5,194,32,NA,NA,17,F,Kink in tail
1874,Lox_Marsh,17.5,63.2,128.9,23.6,NA,NA,4.9,M,None
1875,Lox_Marsh,21.7,81,160.2,28.8,NA,NA,9.6,M,None
1876,Lox_Marsh,33.5,123.3,237,32.9,NA,NA,24,M,None
1877,Lox_Marsh,21.2,79,153.2,28.5,NA,NA,8.7,M,None
1878,Lox_Marsh,18.8,67.3,133.3,24,NA,NA,5.3,M,None
1879,Lox_Marsh,20.6,77.5,157.5,30,NA,NA,9.1,F,None
1880,Lox_Marsh,18,69.7,135.3,24.4,NA,NA,6.3,F,None
1881,Lox_Marsh,14.2,53,105.8,18.8,NA,NA,2.9,M,Indentation of tail between double 7 and double 8
1882,WCA3B_Marsh,25.9,94.4,192.8,38.3,NA,NA,18.5,F,None
1883,WCA3B_Marsh,17.5,64,122.5,24.7,NA,NA,5,F,Left arm deformed / healed injury
1884,WCA3B_Marsh,27.3,104.2,201.4,38.3,NA,NA,24,F,None
1885,WCA3B_Marsh,32.5,115.8,224.7,37,NA,NA,27,M,None
1886,WCA3B_Marsh,24.5,91,176.7,35.7,NA,NA,15.2,F,Front left foot - toe missing
1887,WCA3B_Marsh,26,91.8,186.6,39,NA,NA,18.8,M,None
1888,WCA3B_Marsh,28.4,103.3,208,40.6,NA,NA,22.5,F,"Scute on top back has 1"" cut"
1889,WCA3B_Marsh,26.8,96.5,193.4,36,NA,NA,19.5,M,None
1890,WCA3B_Marsh,25.5,88.8,179,35.9,NA,NA,15.5,F,None
1891,WCA3B_Marsh,18.5,66.3,138.7,24.6,NA,NA,6.6,M,None
1892,WCA3B_Marsh,28.3,101.6,200.5,39.7,NA,NA,28,F,None
1893,ENP-SS,39.5,139.6,268.3,54.2,NA,NA,63,M,None
1894,ENP-SS,25.5,96,186.5,24.5,NA,NA,12.6,F,None
1895,ENP-SS,26.5,98,195,29.5,NA,NA,16.6,F,None
1896,ENP-SS,36.3,131.5,260,45.5,NA,NA,44,M,Scarring along tail and both front legs and behind eyes
1897,ENP-SS,44.5,163.1,307.8,60.1,NA,NA,NA,M,Incomplete tail
1898,ENP-SS,28.2,102.5,206.6,39.8,NA,NA,24,F,None
1899,ENP-SS,22.1,82.2,162.5,29.5,NA,NA,10.25,M,None
1900,WCA3A-TW_Marsh,22,84.1,161.7,33.3,NA,NA,11.6,M,None
1901,WCA3A-TW_Marsh,30.5,108.1,214.8,44,NA,NA,29,F,None
1902,WCA3A-TW_Marsh,37.3,133,266.1,52.8,NA,NA,54.6,M,Right side buckteeth
1903,WCA3A-TW_Marsh,31,109.5,218,47.8,NA,NA,33,F,None
1904,WCA3A-TW_Marsh,22.8,81.2,158.1,32,NA,NA,12,F,Tail bite / necrotic tissue
1905,WCA3A-TW_Marsh,36,122.3,236.2,52,NA,NA,48,M,None
1906,WCA3A-TW_Marsh,37.2,130.1,247.4,55.1,NA,NA,50,M,None
1907,WCA2A_Marsh,24.5,87.8,170.9,33.8,NA,NA,14.2,M,None
1908,WCA2A_Marsh,16.4,57.2,118.3,21.7,NA,NA,3.7,M,None
1909,WCA2A_Marsh,20.5,74,147.5,27,NA,NA,8.2,M,None
1910,WCA2A_Marsh,17.5,63,129.2,22.1,NA,NA,4.5,F,None
1911,WCA2A_Marsh,28.4,103.4,213,37.8,NA,NA,22,F,None
1912,WCA2A_Marsh,14.3,50.5,101.9,18.4,NA,NA,2.3,M,None
1913,WCA2A_Marsh,16.1,60.2,120.5,21.2,NA,NA,4.2,M,None
1914,WCA2A_Marsh,17.1,60.4,121.4,21.5,NA,NA,3.75,M,None
1915,WCA2A_Marsh,28.1,98,191.4,34.3,NA,NA,16.95,F,Left Front Foot Missing
1916,WCA2A_Marsh,29.1,107.1,206.9,42.8,NA,NA,27.5,F,None
1917,WCA2A_Marsh,18,63,128.6,23.8,NA,NA,4.8,F,None
1918,WCA2A_Marsh,34.8,125.8,249.5,46.9,NA,NA,38,M,LF Foot middle toe missing
1919,WCA2A_Marsh,34.2,121.4,232.4,39,NA,NA,33,M,None
1920,Lox_Marsh,28.5,103,203,35.1,NA,NA,23,F,None
1921,Lox_Marsh,24,90.4,181.3,35.8,NA,NA,15.5,M,None
1922,Lox_Marsh,12.3,44.5,90.5,15.9,NA,NA,1.4,F,None
1923,Lox_Marsh,13,47.9,93.5,16.5,NA,NA,2.2,F,None
1924,Lox_Marsh,28.5,110.9,222.4,40,NA,NA,29.5,F,8 S and 12 S are damaged
1925,Lox_Marsh,28,104.8,218.4,38.5,NA,NA,27,F,Notch on single scute #7
1926,Lox_Marsh,23.2,88,176.6,34,NA,NA,14,M,None
1927,BICY_Marsh,14.5,51.3,103.6,19.3,NA,NA,2.5,F,Left (front) foot deformed
1928,BICY_Marsh,13.8,49.8,103.1,19.4,NA,NA,2.6,M,None
1929,BICY_Marsh,43,154.7,302.9,64.8,NA,NA,NA,M,None
1930,BICY_Marsh,38,139.9,268.3,55.9,NA,NA,64.5,M,None
1931,BICY_Marsh,34.9,124.1,229.2,38.5,NA,NA,35,M,None
1932,BICY_Marsh,25.5,95.2,192.4,38.5,NA,NA,18.4,F,None
1933,BICY_Marsh,26.3,99.1,199.4,41.1,NA,NA,24,F,Hole in outside webbing of Right Rear foot
1934,BICY_Marsh,13.3,48.2,99.1,17.6,NA,NA,2.1,F,None
1935,BICY_Marsh,20.4,74.5,148,26.5,NA,NA,7.1,M,None
1936,BICY_Marsh,32.5,124.7,243.4,48.4,NA,NA,38.5,M,None
1937,BICY_Marsh,30.9,115.6,228.9,51.2,NA,NA,37.5,F,None
1938,ENP-FC,20.1,72.5,144.3,28.5,NA,NA,8.2,F,Right hind foot missing toe
1939,ENP-FC,29,105.2,203.7,42,NA,NA,26,M,Open wound under jaw; covered w/ leaches
1940,ENP-FC,20.5,69.5,138.9,28,NA,NA,7.2,M,None
1941,ENP-FC,24.4,87.9,176.9,32.2,NA,NA,13.8,F,None
1942,ENP-FC,31.7,112.5,218.5,43,NA,NA,29.5,M,None
1943,ENP-FC,23.2,84,170,31.2,NA,NA,12.2,M,None
1944,ENP-FC,25.4,91,187.5,34.2,NA,NA,16.2,F,None
1945,ENP-FC,28,96.6,193.5,36.6,NA,NA,17.6,M,None
1946,ENP-FC,28.1,99,165.9,34.2,NA,NA,19.8,F,Incomplete tail
1947,ENP-FC,34.4,124.2,243,49.7,NA,NA,42,M,None
1948,ENP-FC,21.9,79.7,164.7,31.8,NA,NA,10.8,F,None
1949,ENP-FC,20.6,78.3,155.2,30.5,NA,NA,10,F,None
1950,ENP-FC,25.4,92.7,182.8,38,NA,NA,20.5,M,None
1951,ENP-FC,29.7,108,207.5,41.2,NA,NA,30.6,F,None
1952,ENP-FC,27.2,98.2,192.3,39.1,NA,NA,21,M,None
1953,ENP-SS,37,135.6,267.8,54.5,NA,NA,67,M,None
1954,ENP-SS,29.4,109.8,222.5,29.2,NA,NA,20.5,F,Old injury in middle of tail - gash
1955,ENP-SS,27.8,100.4,196.2,26.5,NA,NA,16.2,F,None
1956,ENP-SS,13.2,45.8,91.7,16.5,NA,NA,1.7,M,None
1957,ENP-SS,22.4,85,166.6,32.3,NA,NA,12.2,F,None
1958,ENP-SS,26.9,96.4,194.1,34.6,NA,NA,17,F,None
1959,ENP-SS,27.3,104,200.9,26.6,NA,NA,15.6,F,None
1960,ENP-SS,21.3,79.7,160.7,29.7,NA,NA,10.2,F,None
1961,WCA2A_Marsh,17.6,64.9,129.5,23,NA,NA,4.8,F,None
1962,WCA2A_Marsh,17.4,63,121,21.5,NA,NA,4.3,F,None
1963,WCA2A_Marsh,18.8,68.8,135.7,26.6,NA,NA,6.4,M,None
1964,WCA3A-HD_Marsh,12.7,46.6,96.7,17.5,NA,NA,1.9,F,None
1965,WCA3A-HD_Marsh,13.6,49.9,101.3,18.9,NA,NA,2.5,F,None
1966,WCA3A-HD_Marsh,27.5,98.1,194.8,38.1,NA,NA,19.4,M,None
1967,WCA3A-HD_Marsh,25.2,93,184.9,36.1,NA,NA,16,M,None
1968,WCA3A-HD_Marsh,24.5,90.1,180.1,34.7,NA,NA,15,F,"Single scutes 11 and 12 missing.  Has a hole in webbing of Right Rear foot, possibly from tag"
1969,WCA3A-HD_Marsh,30.2,109.4,219.2,42.4,NA,NA,28,M,7th Double Right scute missing/ deformed
1970,WCA3A-HD_Marsh,25.6,92.6,182,39.9,NA,NA,19,F,None
1971,WCA3A-HD_Marsh,13.6,49.7,100.2,18.4,NA,NA,2.25,M,None
1972,WCA3A-HD_Marsh,13.8,50,100.4,17.5,NA,NA,2.35,M,None
1973,WCA3A-HD_Marsh,13.8,52,105.6,20.4,NA,NA,2.75,F,None
1974,WCA3A-HD_Marsh,24.9,88.3,171.8,35.6,NA,NA,15.8,M,None
1975,WCA3A-HD_Marsh,25.4,92.6,191.2,35.5,NA,NA,16,M,"Left Front second digit detached, hanging by skin; Left Front toothy mess to upper jaw"
1976,WCA3A-HD_Marsh,23.8,90.5,178.5,37.6,NA,NA,16.8,M,None
1977,WCA3A-HD_Marsh,35.2,133.7,270.1,54.9,NA,NA,60.1,M,Right Front foot broken @ wrist
1978,WCA3B_Marsh,29.8,105.6,207.2,40.2,NA,NA,23,M,None
1979,WCA3B_Marsh,29.8,108.1,218.1,38.2,NA,NA,24.5,M,Bite marks on left side of jaw
1980,WCA3B_Marsh,21.8,82.4,161.5,32.1,NA,NA,11.8,M,Old injury on Left side of tail; 2 scutes missing
1981,WCA3B_Marsh,19.3,70.5,141.6,27,NA,NA,6.8,M,None
1982,ENP-EST,29.2,103.2,207,37.9,NA,NA,25.5,M,Puncture wound on snout
1983,ENP-EST,27.8,105.8,211.2,41,NA,NA,24.5,M,None
1984,ENP-EST,27.5,101.8,203.9,42.2,NA,NA,22,M,None
1985,ENP-EST,35,136.7,262.1,40.2,NA,NA,45,M,None
1986,ENP-EST,25.5,89.3,183.9,34.9,NA,NA,15.6,M,None
1987,ENP-EST,25.5,94.5,188.4,38.2,NA,NA,18,M,None
1988,WCA3A-HD_Marsh,29.6,108.1,217.2,44.1,NA,NA,26.5,M,None
1989,ENP-EST,35.1,119.9,249,47.5,NA,NA,NA,M,None
1990,ENP-EST,35.2,121.2,243.6,48.1,NA,NA,NA,M,None
1991,ENP-EST,30,105.5,218.6,42.9,NA,NA,NA,M,None
1992,WCA3A-TW_Marsh,24.7,85.4,170.6,32,NA,NA,12.5,F,Missing Left Front digit (pointer finger)
1993,WCA3A-TW_Marsh,27.8,98.8,199.6,41.8,NA,NA,23.5,F,None
1994,WCA3A-TW_Marsh,25.7,96,187.7,40,NA,NA,21,F,None
1995,WCA3A-TW_Marsh,44.2,151.2,291.8,64.9,NA,NA,68.8,M,Small Snaggle on front right of snout
1996,WCA3A-TW_Marsh,33.3,115.3,231.5,37.6,NA,NA,31.5,F,"Puncture wound to right eye, really old"
1997,WCA3A-TW_Marsh,32.1,111.6,217.9,50.5,NA,NA,31,F,None
1998,WCA3A-TW_Marsh,26.3,92.4,186.2,32.2,NA,NA,15.5,M,Missing nail/claw on middle to; Right Front leg
1999,WCA3A-TW_Marsh,28.2,102.4,204,42.7,NA,NA,24,M,None
2000,BICY_Marsh,19.8,72.7,144.3,27.1,NA,NA,7.4,M,None
2001,BICY_Marsh,25.1,95.6,195.9,37.2,NA,NA,17,M,Raw marks on dorsal side of both hind legs
2002,BICY_Marsh,18.9,66.8,133.6,25.9,NA,NA,5.8,M,None
2003,BICY_Marsh,24.7,91.8,186.5,38.5,NA,NA,17.1,F,Missing half of toe on left hind foot
2004,BICY_Marsh,17.2,61.8,124.2,21.5,NA,NA,4.2,F,None
2005,ENP-EST,NA,99.9,234,47.1,NA,NA,NA,M,None
2006,ENP-EST,NA,115,234,51.2,NA,NA,NA,M,None
2007,ENP-EST,NA,102.2,213.8,49,NA,NA,NA,M,None
2008,ENP-EST,NA,104,211.2,40.3,NA,NA,NA,M,missing front right leg at elbow
2009,ENP-EST,31.1,113.2,230.2,44.9,NA,NA,NA,M,None
2010,ENP-EST,31.3,104.1,205.2,43.1,NA,NA,NA,M,None
2011,WCA3A-HD_Marsh,34,122.8,242.5,47.4,NA,NA,43,F,Front left leg missing
2012,WCA3A-HD_Marsh,15.7,57.5,114.8,20.8,NA,NA,3.2,M,None
2013,WCA3A-HD_Marsh,30.6,112.9,216.4,41.7,NA,NA,33,F,Incomplete tail
2014,WCA3A-HD_Marsh,23.4,87.2,172.1,32.7,NA,NA,14.2,M,None
2015,WCA3A-HD_Marsh,24,85.5,175.3,35,NA,NA,14.4,F,None
2016,WCA3A-N41_Marsh,32.4,118.7,238.4,48.9,NA,NA,40.5,M,None
2017,WCA3A-N41_Marsh,26.4,95.5,187.5,37.5,NA,NA,17,M,None
2018,WCA3A-N41_Marsh,21.9,82.5,164.4,30.3,NA,NA,10.6,M,None
2019,WCA3A-N41_Marsh,15.2,52.9,107.7,19.2,NA,NA,2.9,M,None
2020,WCA3A-N41_Marsh,30.4,113,231.5,44.5,NA,NA,32.5,F,None
2021,WCA3A-N41_Marsh,15.7,55.8,113.4,20.1,NA,NA,3.25,F,None
2022,WCA3A-N41_Marsh,20,73.8,145.2,30.6,NA,NA,9.8,F,None
2023,WCA2A_Marsh,28.6,100.7,204,37.5,NA,NA,20,M,None
2024,WCA2A_Marsh,21.3,77.9,156.7,33.9,NA,NA,11.6,M,None
2025,WCA2A_Marsh,21.9,78.5,156.8,28.4,NA,NA,8.8,M,None
2026,WCA2A_Marsh,33.5,117.7,235.2,49.8,NA,NA,39.5,M,None
2027,WCA2A_Marsh,25,87.3,173.6,33.5,NA,NA,14,F,None
2028,WCA2A_Marsh,20.5,73.4,146.9,27.3,NA,NA,7.8,M,One deformed osteoderm
2029,WCA2A_Marsh,17.7,65,131.1,22.3,NA,NA,4.9,F,None
2030,WCA2A_Marsh,23.9,84.5,167.9,32.5,NA,NA,12.2,F,None
2031,ENP-EST,29,104.1,215,44.1,NA,NA,NA,M,missing front left leg at shoulder
2032,ENP-EST,35,120,244.2,47.9,NA,NA,NA,M,possible tumor/growth on belly
2033,ENP-EST,27.2,93.2,196.1,38.9,NA,NA,NA,F,None
2034,ENP-EST,28,95.1,190.7,35.9,NA,NA,NA,F,None
2035,Lox_Marsh,19,70.5,141,26.6,NA,NA,7.2,F,None
2036,Lox_Marsh,32,115.9,232,47.9,NA,NA,38,F,Front left tooth deformed.  1st single slightly split
2037,ENP-EST,28.8,102.6,215.2,42.4,NA,NA,NA,M,missing middle finger on front right foot
2038,ENP-EST,23.9,86,178.4,35.9,NA,NA,NA,M,None
2039,Lox_Marsh,33.5,126.1,242.2,47.8,NA,NA,40,M,None
2040,Lox_Marsh,27.5,104.2,197.2,41.5,NA,NA,23.5,F,Tail shorter than normal.
2041,Lox_Marsh,32.6,121.5,241.1,46.4,NA,NA,36.5,M,None
2042,ENP-EST,37.8,129,255,49,NA,NA,42.5,M,None
2043,ENP-EST,NA,114.2,239.2,54,NA,NA,53.5,M,None
2044,ENP-EST,NA,140.2,280.6,60,NA,NA,72.5,M,None
2045,Lox_L40,26.7,102.9,202.9,41.5,NA,NA,23.5,F,None
2046,Lox_L40,34.4,122.5,239.8,48,NA,NA,37,M,None
2047,Lox_L40,28,103.4,202.3,39.5,NA,NA,22.5,F,None
2048,Lox_L40,22.8,83.7,169.5,34.1,NA,NA,12.75,M,Front Left arm broken
2049,Lox_L40,29.4,111.1,216.3,39.9,NA,NA,29.5,F,Incomplete tail
2050,Lox_L40,35.1,129.4,256.4,54.4,NA,NA,48.75,M,None
2051,Lox_Marsh,20.3,77,150.2,28.5,NA,NA,8.9,M,None
2052,Lox_Marsh,31.7,119.5,232.5,35,NA,NA,27.5,M,None
2053,Lox_Marsh,17.6,59.7,121.4,22.2,NA,NA,4.4,F,None
2054,Lox_Marsh,27,98,191.8,38.2,NA,NA,23,F,None
2055,Lox_Marsh,20.3,75.2,149,28.5,NA,NA,8.6,F,None
2056,Lox_Marsh,18,62.6,127.9,23.4,NA,NA,5,M,None
2057,Lox_Marsh,33.5,124.7,243.8,40.4,NA,NA,36,M,Wound (scrape/slash) on left shoulder
2058,Lox_Marsh,30,106.5,216.5,41.8,NA,NA,29.5,F,None
2059,Lox_Marsh,28.5,103.2,198.5,36.2,NA,NA,21.5,M,Tip of tail shredded.
2060,Lox_Marsh,26.3,97.7,198.5,38.6,NA,NA,20.75,F,None
2061,ENP-EST,34.8,120,252.4,52.6,NA,NA,51,M,None
2062,WCA2A_Marsh,28.6,103.4,205.6,39.7,NA,NA,24.5,F,None
2063,WCA2A_Marsh,15.5,56.7,113.4,19.9,NA,NA,3.4,F,ND
2064,WCA2A_Marsh,29.9,110.1,222.2,37.4,NA,NA,32.5,F,None
2065,WCA2A_Marsh,34.2,125.1,249.6,47.5,NA,NA,41,M,None
2066,WCA3A-HD_Marsh,30.7,108.3,221.5,42.5,NA,NA,28,F,None
2067,WCA3A-HD_Marsh,22.2,81.2,166.8,32.6,NA,NA,12,M,None
2068,WCA3A-HD_Marsh,41.4,144.8,282.7,56.8,NA,NA,67.8,M,None
2069,WCA3A-HD_Marsh,20,72.2,145.6,28.9,NA,NA,8.25,M,None
2070,WCA3A-HD_Marsh,14.3,53.5,109.6,19.4,NA,NA,2.8,F,None
2071,WCA3A-HD_Canal,29.1,108.6,215.3,45,NA,NA,28.5,F,Half of bottom jaw broken and hanging loose from jaw.  Right forearm missing at elbow. Scarring on head
2072,WCA3A-HD_Canal,26.8,98.5,189.8,41.8,NA,NA,22.5,F,None
2073,WCA3A-HD_Canal,24.3,89.6,174.4,37.2,NA,NA,16.4,F,Incomplete tail
2074,WCA3A-HD_Canal,30.6,110.9,220.1,38.6,NA,NA,NA,F,None
2075,WCA3A-HD_Canal,44.5,152.4,294.9,61.5,NA,NA,81,M,None
2076,WCA3A-HD_Canal,24.5,90,178.5,36,NA,NA,17.25,F,None
2077,WCA3A-HD_Canal,29.4,113.5,226,44.5,NA,NA,34.9,F,None
2078,WCA3A-HD_Canal,31.8,111.8,226.8,47.2,NA,NA,35,F,None
2079,WCA3A-N41_Marsh,22.8,81.7,165.3,33.8,NA,NA,11.4,F,None
2080,WCA3A-N41_Marsh,32.4,116.9,230.5,54,NA,NA,35,M,None
2081,WCA3A-N41_Marsh,24.5,91.5,167,35.8,NA,NA,15.8,M,Incomplete tail
2082,WCA3A-N41_Marsh,18.4,65.4,130.3,25.3,NA,NA,5.6,F,None
2083,WCA3A-N41_Marsh,37.5,135.9,264.5,49,NA,NA,48,F,None
2084,WCA3A-N41_Marsh,18.3,67,129.6,25.5,NA,NA,6.2,F,None
2085,WCA3A-N41_Marsh,21,75.8,146.9,27.2,NA,NA,7.6,F,None
2086,WCA3A-N41_Marsh,14.9,53.9,106.4,20.6,NA,NA,2.9,F,None
2087,WCA3A-TW_Marsh,27.2,99.2,195.1,36.7,NA,NA,21.5,F,None
2088,WCA3A-TW_Marsh,32.4,121.1,241.5,36.9,NA,NA,56,F,Right eye deformed.  Going blind.
2089,WCA3A-TW_Marsh,28.7,108.3,215.4,45.2,NA,NA,31,F,None
2090,WCA3A-TW_Marsh,26.8,99.4,194.9,40.4,NA,NA,24,M,None
2091,WCA3A-TW_Marsh,31.6,111,225,49.8,NA,NA,35,F,None
2092,WCA3A-TW_Marsh,27.4,100.3,196.9,42.4,NA,NA,22,F,None
2093,WCA3A-TW_Marsh,24.8,88.2,179.6,34,NA,NA,14.5,F,None
2094,WCA3A-TW_Marsh,15.2,56.9,113,23.3,NA,NA,3.75,F,None
2095,WCA3A-TW_Marsh,19.1,68.3,135.5,27,NA,NA,6.25,F,None
2096,WCA3A-TW_Marsh,12.5,42.6,86.3,16.2,NA,NA,1.7,M,None
2097,WCA3A-TW_Marsh,21.1,80.5,166.7,31.3,NA,NA,11.2,F,None
2098,WCA3A-TW_Marsh,29.9,110,213.2,47,NA,NA,30,M,None
2099,WCA3A-TW_Marsh,34.5,123.5,241.4,42.8,NA,NA,38,M,None
2100,WCA3A-TW_Marsh,21.8,79,157.5,29.7,NA,NA,10.6,F,None
2101,WCA3A-TW_Marsh,35.7,128,253.9,43.7,NA,NA,41,F,None
2102,WCA3A-HD_Canal,25.3,92.7,183.2,36.8,NA,NA,15.6,M,None
2103,WCA3A-HD_Canal,22.9,83.5,169.8,33.6,NA,NA,12.2,F,None
2104,WCA3A-HD_Canal,29.5,108.3,209.9,38.3,NA,NA,25.6,F,None
2105,WCA3A-HD_Canal,26.6,97.3,192,42.5,NA,NA,22.5,F,None
2106,WCA3A-HD_Canal,22.4,80.4,164.1,32.9,NA,NA,12.2,M,None
2107,WCA3A-HD_Canal,32.1,122,240,49.1,NA,NA,42,M,None
2108,WCA3A-HD_Canal,31.8,110.7,225,41.6,NA,NA,34,F,Part of right eyelid missing.
2109,WCA3A-HD_Marsh,28.8,107.8,212.3,44.3,NA,NA,28,F,"Right eye damaged, scars on head"
2110,WCA3A-HD_Marsh,39.3,136.4,273.2,57.7,NA,NA,60,M,None
2111,WCA3A-HD_Marsh,30,111.5,219.6,44.6,NA,NA,31,F,Broken/ Crooked tail.  Scarring on tail.
2112,WCA3A-HD_Marsh,28.9,102.8,205.6,33.8,NA,NA,19.75,F,Emaciated
2113,WCA3A-HD_Marsh,22.9,82.2,169.4,34.2,NA,NA,14,F,None
2114,WCA2A_Marsh,31.5,114.4,228,48.6,NA,NA,38,M,None
2115,WCA2A_Marsh,37.3,130,261.2,53.1,NA,NA,55,M,None
2116,WCA2A_Marsh,36.2,128.5,250.4,50.2,NA,NA,48,M,None
2117,Lox_L40,28.1,101.4,202.3,43.6,NA,NA,25,M,None
2118,Lox_L40,25.3,91.7,186.9,36.1,NA,NA,16.25,M,None
2119,Lox_L40,25.9,93.6,186.9,37.9,NA,NA,17,M,None
2120,Lox_L40,28.9,105.8,210.6,41.8,NA,NA,23.5,M,Front Left foot missing middle 3 fingers.  Front Right foot missing 4th finger.
2121,Lox_L40,34.8,125.4,247.7,52.1,NA,NA,44,M,"Missing Right Front foot, cut on back"
2122,Lox_L40,49,176.8,345.4,83.2,NA,NA,125,M,Prop scars
2123,Lox_L40,29.4,110.3,215.3,45.5,NA,NA,31,M,"Right Front foot, 3 & 4 digit missing"
2124,Lox_L40,21,76,151.4,30.6,NA,NA,9,M,None
2125,Lox_L40,27.5,98.4,194.7,34.8,NA,NA,17.4,M,"Tail broken, twisted, and healed."
2126,ENP-EST,20.6,75.4,148.5,30.6,NA,NA,9.6,M,None
2127,ENP-EST,25.5,92,183.3,35.5,NA,NA,16.8,M,None
2128,ENP-EST,30,111.3,216.8,40.5,NA,NA,27,M,None
2129,ENP-EST,26,93.1,181.9,34.3,NA,NA,16.9,M,Old scar hole in webbing on right rear foot
2130,ENP-EST,31.5,114.7,232.5,47.5,NA,NA,35.5,M,None
2131,ENP-EST,34.2,122.7,240.2,49.8,NA,NA,47,M,None
2132,ENP-EST,23,83.7,169,32.1,NA,NA,11.6,F,None
2133,ENP-EST,25.6,92.5,186.9,40.5,NA,NA,19.8,M,None
2134,ENP-FC,26.3,96.7,197.5,34.2,NA,NA,19.5,F,Missing toe on back right foot
2135,ENP-FC,19.4,70.1,142,27.9,NA,NA,8,F,None
2136,ENP-FC,28.6,107.3,213,44.1,NA,NA,33,F,None
2137,ENP-FC,24.5,88.6,178.1,34.3,NA,NA,14,M,Front right foot missing
2138,ENP-FC,28,100.5,202.2,41.5,NA,NA,25,F,None
2139,ENP-FC,26.8,98.1,190.6,38.1,NA,NA,19.5,M,None
2140,ENP-FC,21.5,79.1,157.1,30.1,NA,NA,9.8,F,None
2141,ENP-FC,15.4,55.1,113,21.4,NA,NA,3.6,F,Right front foot missing one toe
2142,ENP-FC,23.3,84.6,150.7,32.6,NA,NA,12.5,F,Incomplete tail
2143,ENP-FC,16.5,60.4,116.6,20.7,NA,NA,3.75,F,None
2144,ENP-FC,27.1,100.3,199.8,38.1,NA,NA,21.5,M,None
2145,ENP-FC,26.1,95.9,189.3,38,NA,NA,18,M,None
2146,ENP-FC,32.7,116,233.8,46.2,NA,NA,31.5,M,None
2147,ENP-FC,38.8,143.5,283.8,60.2,NA,NA,76,M,Tongue hanging out of tear in lower jaw.  Partially healed.  Torn scutes near base of tail.
2148,ENP-FC,20.8,72,142.7,29.8,NA,NA,8.2,M,None
2149,WCA3B_Marsh,31.8,116,228.7,35,NA,NA,26,M,NA
2150,WCA3B_Marsh,27.5,99.5,202.1,36.1,NA,NA,17.8,M,None
2151,WCA3B_Marsh,21.4,76.6,156,30.8,NA,NA,9.4,F,None
2152,WCA3B_Marsh,27.2,95.8,186.7,37.9,NA,NA,19.6,F,Incomplete tail
2153,WCA3B_Marsh,17,63.6,126.8,25.3,NA,NA,4.9,M,None
2154,WCA3B_Marsh,11.5,43.2,84,16.3,NA,NA,1.5,M,None
2155,WCA3B_Marsh,31.1,112.2,220.8,44.5,NA,NA,31,M,None
2156,WCA3B_Marsh,30.6,117.6,232.4,49.2,NA,NA,39,M,None
2157,WCA3B_Marsh,29.8,109,211.1,36.3,NA,NA,24.5,M,NA
2158,WCA3B_Marsh,33,123.1,237.6,45.8,NA,NA,40.5,M,Scarring on back and side. Right eye chewed up
2159,WCA3B_Marsh,23.5,85.4,175.1,34.6,NA,NA,13.8,F,None
2160,WCA3B_Marsh,26.9,95,190,35,NA,NA,17,F,None
2161,WCA3B_Marsh,18.7,70.3,139.4,26,NA,NA,6.4,M,None
2162,WCA3B_Marsh,21.4,76.5,149.9,28.4,NA,NA,8,F,None
2163,WCA3B_Marsh,26.6,99.2,196.8,36.1,NA,NA,20,F,None
2164,BICY_Marsh,28.9,100.4,192.2,41.5,NA,NA,23,M,Incomplete tail
2165,BICY_Marsh,28.5,104.6,203.4,40.5,NA,NA,23,M,None
2166,BICY_Marsh,26.8,101.5,201.6,40.7,NA,NA,23.5,F,None
2167,BICY_Marsh,28.7,108.1,208.4,43.9,NA,NA,27.5,F,Bite mark above right hind leg.  Right front foot missing second digit
2168,BICY_Marsh,30.4,111.4,219.6,44.9,NA,NA,27,M,None
2169,BICY_Marsh,25.6,92,181.5,36.7,NA,NA,16,M,None
2170,BICY_Marsh,19.1,71.3,143,29.5,NA,NA,8.2,F,None
2171,BICY_Marsh,21.5,80.7,163.2,32.8,NA,NA,11.6,M,None
2172,BICY_Marsh,21.1,76.4,156.1,31,NA,NA,9.8,M,None
2173,BICY_Marsh,19.7,73,132.9,27.7,NA,NA,7.4,F,Incomplete tail
2174,BICY_Marsh,25.1,88.5,176.8,34.1,NA,NA,14.8,M,Scarring on snout
2175,BICY_Marsh,14.8,55.8,111.4,22.7,NA,NA,3.6,M,None
2176,BICY_Marsh,38.9,136.7,262.7,51,NA,NA,58,M,None
2177,BICY_Marsh,33.4,120.8,236.7,47.8,NA,NA,37,M,None
2178,BICY_Marsh,30.2,108.2,210.1,43.6,NA,NA,27,M,None
2179,ENP-SS,26.8,100.8,199.7,35.8,NA,NA,21,F,None
2180,ENP-SS,24.6,92.4,182.7,32.3,NA,NA,15,F,None
2181,ENP-SS,28.7,102.9,202.3,28.7,NA,NA,17,F,None
2182,ENP-SS,38.1,136.3,260.6,52.9,NA,NA,59.2,M,Fight wounds on tail
2183,ENP-SS,22.8,81.2,170.7,33,NA,NA,12,F,None
2184,ENP-SS,25.1,91.6,184.8,35.3,NA,NA,15.8,M,None
2185,ENP-SS,23.4,85.7,163.3,31.9,NA,NA,12.4,F,Incomplete tail
2186,ENP-SS,25.8,90.4,175.9,35.5,NA,NA,15,F,"Club feet, missing toe nails."
2187,ENP-SS,25.6,89.9,181.5,35.1,NA,NA,14,M,None
2188,ENP-SS,19.5,68.6,137.9,24.9,NA,NA,6,F,None
2189,ENP-SS,28.5,105.3,194.7,35.5,NA,NA,19.5,M,Incomplete tail
2190,ENP-SS,20.3,75.1,153.1,27.8,NA,NA,7.75,F,None
2191,ENP-SS,22.5,84.1,170.8,32,NA,NA,12,F,None
2192,ENP-EST,31.1,112,224.2,45.4,NA,NA,30,M,None
2193,ENP-EST,32.9,121.6,239,42.2,NA,NA,42,M,None
2194,ENP-EST,35.8,129.7,261.6,50.1,NA,NA,50,M,"Scar on tail, possible bite wound"
2195,ENP-EST,25.1,95.9,195.6,38.3,NA,NA,21,F,None
2196,ENP-EST,34.5,129.9,262.6,41.8,NA,NA,44,M,None
2197,ENP-EST,38.2,146.2,281.5,57.9,NA,NA,72,M,None
2198,ENP-SS,24.8,93.1,182.8,33.1,NA,NA,17,F,None
2199,ENP-SS,29.5,101.8,202.1,39.4,NA,NA,21,M,None
2200,ENP-EST,33.2,124,242.2,41.8,NA,NA,37,M,None
2201,ENP-EST,31.2,111,226.4,47.4,NA,NA,35,M,None
2202,ENP-EST,37.5,138,261.5,51.6,NA,NA,52.4,M,None
2203,ENP-EST,36,125,261.2,46.8,NA,NA,48.5,M,None
2204,ENP-EST,24.4,85.5,184,38,NA,NA,25,F,None
2205,Lox_Marsh,27.5,103,204.5,32.5,NA,NA,20.5,F,1st single scute is creased/ lots of algae.
2206,Lox_Marsh,30.5,112,222.6,39.4,NA,NA,29,F,None
2207,Lox_Marsh,31,112,218.3,41.5,NA,NA,26.5,M,None
2208,Lox_Marsh,25,91,180.7,34,NA,NA,15.5,M,None
2209,WCA3A-HD_Marsh,28.8,107.5,206.5,40.5,NA,NA,27,F,None
2210,WCA3A-HD_Marsh,23.7,89.6,171,33.9,NA,NA,14.4,F,2nd double scute missing
2211,WCA3A-HD_Marsh,30,107.4,210.8,42.3,NA,NA,28,F,Blind left eye
2212,WCA3A-HD_Marsh,20.8,78.3,151.4,30.2,NA,NA,9.6,F,None
2213,WCA3A-HD_Marsh,27.8,105.1,204.8,38.4,NA,NA,18,F,None
2214,WCA3A-HD_Marsh,26.8,98.8,190.7,38.4,NA,NA,20,F,None
2215,WCA3A-HD_Marsh,13.1,47.5,98.5,17.2,NA,NA,2,F,None
2216,WCA3A-HD_Marsh,13.8,50.4,102.2,17.9,NA,NA,2.2,F,None
2217,WCA3A-HD_Marsh,31.3,112.5,221.6,42,NA,NA,34,F,None
2218,WCA3A-HD_Marsh,30,109.2,210.1,41.3,NA,NA,27.5,F,None
2219,WCA3A-HD_Marsh,24.5,87.7,178.1,34.6,NA,NA,14.2,F,None
2220,WCA3A-HD_Marsh,16.8,61.5,124.9,24,NA,NA,5,F,None
2221,WCA3A-HD_Marsh,20.5,73.2,144.5,27.2,NA,NA,7.8,F,None
2222,WCA3A-HD_Marsh,22.1,85.7,170.2,32.6,NA,NA,12.6,F,None
2223,WCA3A-HD_Marsh,19.4,70.7,146.7,27.7,NA,NA,7.6,M,None
2224,WCA3B_Marsh,29.1,104.8,200.1,29.2,NA,NA,15.8,M,Broken jaw
2225,WCA3B_Marsh,18.5,73.1,145.8,26.7,NA,NA,7.8,M,None
2226,WCA3B_Marsh,29.7,109.5,221.7,41.2,NA,NA,26.5,M,None
2227,WCA3B_Marsh,35.8,128.5,253,50.4,NA,NA,45,M,None
2228,WCA3B_Marsh,20.1,75.3,147.4,26.2,NA,NA,7.8,M,None
2229,WCA3B_Marsh,32.4,114.9,224.7,34.4,NA,NA,25,F,Only 3 toes on left rear foot
2230,WCA3B_Marsh,30.2,105.8,204.1,39.9,NA,NA,25.5,M,None
2231,WCA3B_Marsh,30,106.9,205.1,34.3,NA,NA,21,M,None
2232,WCA3B_Marsh,20.1,75.4,154.2,27.2,NA,NA,8.4,F,None
2233,WCA3B_Marsh,21.3,79.6,158.5,30,NA,NA,10,M,ND
2234,WCA3B_Marsh,33.5,121.7,244.2,38.7,NA,NA,33.5,M,None
2235,WCA3B_Marsh,25.4,89,171.5,33.4,NA,NA,13.5,F,None
2236,WCA3B_Marsh,26.1,92.7,182.8,35.7,NA,NA,16.2,F,None
2237,WCA3B_Marsh,22.8,78.3,158.2,30.6,NA,NA,10,M,None
2238,WCA3B_Marsh,34.8,120.2,227.4,39.7,NA,NA,25.6,M,None
2239,WCA3B_Marsh,20.8,73.1,147.5,26.5,NA,NA,7.5,M,None
2240,WCA3B_Marsh,28.1,100.3,189,36.1,NA,NA,15.5,M,None
2241,WCA3A-TW_Marsh,25.8,95.5,184.1,34.6,NA,NA,16.8,M,None
2242,WCA3A-TW_Marsh,29.9,107.9,212.9,46.4,NA,NA,32.5,F,None
2243,WCA3A-TW_Marsh,33.6,119.4,221.1,39.2,NA,NA,31.5,M,Incomplete tail
2244,WCA3A-TW_Marsh,15.9,58.1,117.3,21.4,NA,NA,3.7,M,None
2245,WCA3A-TW_Marsh,41.5,142,271.8,48.3,NA,NA,62,M,None
2246,WCA3A-TW_Marsh,16.1,58.7,116.1,20.9,NA,NA,3.7,F,Tail deformed from single 1 to single 6
2247,WCA3A-TW_Marsh,28.2,101.5,196.6,39.9,NA,NA,21.5,M,None
2248,WCA3A-TW_Marsh,22.4,82.8,163.2,33.4,NA,NA,11.2,M,None
2249,WCA3A-TW_Marsh,26.8,97.5,190.8,35.5,NA,NA,10.5,F,None
2250,WCA3A-TW_Marsh,24.6,89.3,175.6,36.3,NA,NA,14.6,F,None
2251,WCA3A-TW_Marsh,26.5,100,199.3,38.6,NA,NA,22,M,None
2252,WCA3A-TW_Marsh,31.6,118,227.2,47.4,NA,NA,39.5,F,None
2253,BICY_Marsh,49.5,181,354.4,76.5,NA,NA,166,M,Left eye damaged
2254,BICY_Marsh,29.9,112,220.5,43,NA,NA,29,M,None
2255,BICY_Marsh,33,121.4,234.1,46.4,NA,NA,35,M,None
2256,BICY_Marsh,27.4,102.5,207,38.5,NA,NA,24,F,None
2257,BICY_Marsh,31.3,114,221.2,43.6,NA,NA,32,M,None
2258,BICY_Marsh,40,146.2,273.8,60.9,NA,NA,74,M,Incomplete tail
2259,BICY_Marsh,27.2,99.1,191.1,40.7,NA,NA,21,M,None
2260,BICY_Marsh,21.6,80.5,159.7,31,NA,NA,11,F,None
2261,BICY_Marsh,30.4,103.3,208.4,39.2,NA,NA,21.5,M,None
2262,BICY_Marsh,25.4,88,179.2,36.1,NA,NA,15.75,F,None
2263,BICY_Marsh,27.6,102.7,202.6,41.7,NA,NA,22.5,M,None
2264,BICY_Marsh,24.3,86.9,173.5,32.7,NA,NA,12.6,M,None
2265,BICY_Marsh,28.4,105.2,214.4,40.8,NA,NA,25,M,None
2266,BICY_Marsh,31.4,114.1,236.6,45.9,NA,NA,38,M,None
2267,BICY_Marsh,26.8,92.5,187.8,35.7,NA,NA,17,M,None
2268,WCA3A-TW_Marsh,30,106.5,205.5,43.2,NA,NA,28,F,None
2269,WCA3A-TW_Marsh,27.1,101.6,202.9,41.5,NA,NA,24,F,None
2270,WCA3A-TW_Marsh,29.3,108.5,211.1,39,NA,NA,23.5,M,None
2271,WCA2A_Marsh,32.1,116.9,225.7,42.6,NA,NA,32.5,M,None
2272,WCA2A_Marsh,17.8,62.6,126.5,22.5,NA,NA,4.5,M,None
2273,WCA2A_Marsh,24.9,92.6,184.2,36.4,NA,NA,16.6,M,None
2274,WCA2A_Marsh,26.7,98.3,196.5,38,NA,NA,19.6,F,None
2275,WCA2A_Marsh,40.1,151.3,292.7,64.6,NA,NA,90,M,Incomplete tail
2276,WCA2A_Marsh,27.2,100.6,196.7,41.3,NA,NA,22,F,None
2277,WCA2A_Marsh,19.5,72.2,143.2,27.9,NA,NA,7.8,F,Front left middle toe deformed
2278,WCA2A_Marsh,38.4,133.8,262.2,46.3,NA,NA,57,M,None
2279,WCA2A_Marsh,16.2,57,118.5,22,NA,NA,4,F,None
2280,WCA2A_Marsh,17,62.2,128,23.6,NA,NA,4.7,F,None
2281,WCA2A_Marsh,25.6,92.2,188.2,34.2,NA,NA,14,M,None
2282,WCA2A_Marsh,35.2,123.3,195.7,35.9,NA,NA,30,M,Incomplete tail
2283,WCA2A_Marsh,33.9,123,247.1,45.1,NA,NA,40,M,None
2284,WCA2A_Marsh,24.5,86,171.5,32.4,NA,NA,11.75,M,None
2285,WCA2A_Marsh,16.8,61.6,120.1,20.7,NA,NA,4,F,None
2286,WCA2A_Marsh,13.5,47,97,17.3,NA,NA,2.1,M,None
2287,WCA2A_Marsh,26.4,89.6,178.9,34,NA,NA,13.75,F,None
2288,WCA2A_Marsh,33.3,122.2,231.7,47.1,NA,NA,43,M,Incomplete tail
2289,ENP-EST,20.7,75.5,138.7,30.1,NA,NA,9.8,M,Incomplete tail
2290,ENP-EST,37.5,129.4,256.9,52.9,NA,NA,59,M,Incomplete tail
2291,ENP-EST,30.2,111.1,227.2,44,NA,NA,31.5,M,None
2292,ENP-EST,29.3,109,214.3,41.6,NA,NA,30.5,M,Missing front left hand.
2293,ENP-EST,28.7,104,201.7,41.8,NA,NA,28.5,M,None
2294,ENP-EST,25.1,92,183.1,37.8,NA,NA,20,M,None
2295,ENP-EST,20,72.7,143.7,30.6,NA,NA,10.5,F,None
2296,ENP-EST,33,118.9,234.5,48.5,NA,NA,40,M,None
2297,ENP-EST,32,111,221.1,45.1,NA,NA,32.5,M,None
2298,ENP-FC,24,89.7,176.4,34,NA,NA,14.5,M,None
2299,ENP-FC,33.8,121.6,234.6,46.5,NA,NA,37,M,None
2300,ENP-FC,19.8,72.1,148.5,NA,NA,NA,7.2,U,None
2301,ENP-FC,16.8,59,121.6,22.4,NA,NA,4.3,F,None
2302,ENP-FC,24.4,89.8,181.8,33.5,NA,NA,13.6,M,None
2303,ENP-FC,30.2,108.9,210,38.4,NA,NA,22,F,None
2304,WCA3A-N41_Marsh,16.9,61.3,122.4,21.4,NA,NA,4,F,None
2305,WCA3A-N41_Marsh,24,90.5,177.7,34.5,NA,NA,15.4,F,None
2306,WCA3A-N41_Marsh,12.6,47.5,94.5,15.7,NA,NA,1.7,M,None
2307,WCA3A-N41_Marsh,29.4,112.3,205,42.3,NA,NA,28,F,None
2308,WCA3A-N41_Marsh,24.4,95.5,185.1,37.9,NA,NA,18.2,F,None
2309,WCA3A-N41_Marsh,25,97,183.9,37.8,NA,NA,17.6,M,None
2310,WCA3A-N41_Marsh,21.9,82.7,157.2,29.8,NA,NA,10.2,M,None
2311,WCA3A-N41_Marsh,18.8,68.8,135.6,23.5,NA,NA,5.6,M,None
2312,WCA3A-N41_Marsh,13.6,48.4,100.1,17.2,NA,NA,2.1,F,None
2313,WCA3A-N41_Marsh,14.7,50.3,104.2,18.7,NA,NA,2.5,F,None
2314,WCA3A-N41_Marsh,20.3,77.6,156.8,27.4,NA,NA,8.2,M,None
2315,WCA3A-N41_Marsh,23.2,86.8,174.2,34.6,NA,NA,13.4,F,None
2316,WCA3A-N41_Marsh,20,73.4,143.1,27.6,NA,NA,7.2,M,None
2317,WCA3A-N41_Marsh,20.6,75.1,149.4,28,NA,NA,8.2,F,None
2318,WCA3A-N41_Marsh,18.5,67.5,131.3,25.2,NA,NA,5.5,M,None
2319,WCA3A-N41_Marsh,27,100.8,200.5,41.2,NA,NA,23.5,F,None
2320,ENP-FC,27,101,190.5,38.4,NA,NA,21,M,Incomplete tail
2321,ENP-FC,21.5,79.9,159.4,31,NA,NA,10.6,F,None
2322,ENP-FC,24.5,92.5,180.1,36.4,NA,NA,17,F,None
2323,ENP-FC,29.7,108.3,212.8,43.5,NA,NA,29,M,None
2324,ENP-FC,25.6,95.5,186.9,36,NA,NA,18,F,None
2325,ENP-FC,22.5,84.5,171.4,30.6,NA,NA,10,F,None
2326,ENP-FC,24.5,86,175.6,31.7,NA,NA,13.2,F,None
2327,ENP-FC,23.6,84.3,168.8,30.4,NA,NA,12.2,F,None
2328,ENP-FC,39.3,141.9,273.7,51,NA,NA,59,M,None
2329,Lox_Marsh,19,70.7,142.2,26.9,NA,NA,6.7,M,None
2330,Lox_Marsh,16.7,62.7,121.5,22.7,NA,NA,4.8,M,Incomplete tail
2331,Lox_Marsh,29,109.6,220.8,37.9,NA,NA,25,F,Incomplete tail
2332,Lox_Marsh,14.8,52.3,107.7,19.5,NA,NA,3.1,M,None
2333,Lox_Marsh,21.5,77.2,156.3,29.4,NA,NA,9.5,M,None
2334,Lox_Marsh,25.5,91.5,180.4,34.8,NA,NA,16,M,None
2335,Lox_Marsh,14.2,49.5,99.2,18,NA,NA,2.3,M,None
2336,Lox_Marsh,18.5,69,135,24,NA,NA,5.6,F,None
2337,Lox_Marsh,35.8,133.9,262.6,35.8,NA,NA,32.5,M,None
2338,Lox_Marsh,31.3,113.1,224.1,41.2,NA,NA,29,M,None
2339,Lox_Marsh,16.7,61.7,125.6,23.5,NA,NA,4.6,M,None
2340,ENP-SS,15.9,57.6,115.3,14.5,NA,NA,2.5,F,None
2341,ENP-SS,26.5,98,194.3,40,NA,NA,22,F,None
2342,ENP-SS,18.8,71.9,145.5,24.5,NA,NA,6.4,M,None
2343,ENP-SS,18.9,72.6,147.1,27.1,NA,NA,7.6,F,None
2344,ENP-SS,34.8,120.9,240.1,47.1,NA,NA,41,M,None
2345,ENP-SS,24.9,89.5,171.7,21.4,NA,NA,9.6,F,None
2346,ENP-SS,22.2,81.9,162.6,30.1,NA,NA,11.4,M,Missing nail on front right 2nd digit
2347,ENP-SS,23.6,88.3,169.9,31,NA,NA,13,F,None
2348,ENP-SS,29.5,109,217.8,42.4,NA,NA,26,F,None
2349,ENP-SS,31.6,114.1,226.6,43,NA,NA,29.5,M,None
2350,ENP-SS,24.2,91.9,185.9,31.8,NA,NA,14.4,F,None
2351,ENP-SS,35.2,125.8,243.7,47.8,NA,NA,42,M,Front right foot missing
2352,ENP-SS,30.5,111.7,216.2,42.7,NA,NA,31,M,None
2353,ENP-SS,19.7,71.1,142.9,23.1,NA,NA,5.75,F,None
2354,ENP-EST,25.3,90.6,182.1,33.7,NA,NA,15.8,M,None
2355,ENP-EST,25.9,91.9,184.2,34.5,NA,NA,16.6,M,Missing left rear foot
2356,ENP-EST,32,118.2,228.4,41.3,NA,NA,30.5,M,None
2357,ENP-EST,28.4,100.5,199.4,41.4,NA,NA,25.5,M,Missing front right foot.
2358,ENP-EST,14.6,50.7,104.4,19.2,NA,NA,2.65,M,None
2359,ENP-EST,25.9,91.8,184.4,41.3,NA,NA,22,M,None
2360,ENP-SS,25.8,97.5,196.4,34.8,NA,NA,18,F,None
2361,ENP-SS,23.8,88.5,171.3,32,NA,NA,12,M,None
2362,ENP-EST,27.2,101,214,44.2,NA,NA,33,M,None
2363,ENP-EST,21.2,78.8,156.4,34.8,NA,NA,14,M,None
2364,ENP-EST,32.2,120,246.6,48,NA,NA,44.5,M,None
2365,ENP-EST,26,95,197,33.2,NA,NA,19,F,None
2366,ENP-EST,25.4,92,191,35.2,NA,NA,22,F,None
2367,ENP-EST,32.8,114.2,233.6,52,NA,NA,46,M,None
2368,ENP-EST,24.6,87,186,34.8,NA,NA,19,M,None
2369,ENP-EST,30.8,111.8,234,47.8,NA,NA,44,M,None
2370,ENP-EST,30,103,219,41.6,NA,NA,31.5,M,None
2371,ENP-EST,28.6,100,211.2,42.2,NA,NA,30.5,M,None
2372,ENP-EST,31.4,110,227.6,44.8,NA,NA,38,M,None
2373,ENP-EST,31.8,114,236,45,NA,NA,44.5,M,Broken jaw
2374,ENP-FC,15.8,57.2,116.5,22.8,NA,NA,4.2,F,None
2375,ENP-FC,19.6,71.4,146.3,27.3,NA,NA,7.5,U,None
2376,ENP-FC,26.4,94.5,188.4,37.3,NA,NA,19,M,None
2377,ENP-FC,22.8,85,168,31.5,NA,NA,12.2,M,None
2378,ENP-FC,21.6,81.8,161.5,NA,NA,NA,11.4,F,ND
2379,ENP-FC,24,92.5,184.6,33.5,NA,NA,20,F,None
2380,ENP-FC,25.2,93.9,182.4,33,NA,NA,16,F,ND
2381,ENP-FC,21.6,79,157.8,31.6,NA,NA,11.5,F,None
2382,ENP-FC,19.3,69.3,141.2,26.4,NA,NA,7.25,F,ND
2383,ENP-FC,20.7,76.5,154.1,26.9,NA,NA,9,F,ND
2384,ENP-FC,24.4,92,181.1,39.4,NA,NA,12,F,None
2385,ENP-FC,29.4,107,208.2,40,NA,NA,27,M,None
2386,ENP-FC,27.4,98.4,198.8,43,NA,NA,23.5,F,Single 8 missing
2387,ENP-FC,30.1,108.4,209.3,38.2,NA,NA,22.5,F,None
2388,ENP-FC,25.7,96.3,189.3,37.2,NA,NA,18.4,M,None
2389,WCA3A-N41_Marsh,26.3,101,201.2,39.2,NA,NA,22.5,F,ND
2390,WCA3A-N41_Marsh,20.2,73.3,147,29.4,NA,NA,8.2,F,ND
2391,WCA3A-N41_Marsh,16.2,56.9,113.9,19.6,NA,NA,3.4,F,ND
2392,WCA3A-N41_Marsh,16.3,59.7,118.7,21,NA,NA,4,F,ND
2393,WCA3A-N41_Marsh,31,114.1,225,47.2,NA,NA,34.5,F,ND
2394,WCA3A-N41_Marsh,18.3,68.1,135.5,26.9,NA,NA,7.5,F,ND
2395,WCA3A-N41_Marsh,24.3,89.3,181.4,34.7,NA,NA,15.5,M,ND
2396,WCA3A-N41_Marsh,43.1,150,298.5,60.2,NA,NA,78,M,ND
2397,WCA3A-N41_Marsh,19,70.6,137.3,25.3,NA,NA,6.4,F,None
2398,WCA3A-N41_Marsh,40.9,141.1,280.2,57.2,NA,NA,66,M,ND
2399,WCA3A-N41_Marsh,20.4,73,146.6,28.4,NA,NA,8.4,F,ND
2400,WCA3A-N41_Marsh,25.7,88.9,177.6,34,NA,NA,14.2,M,ND
2401,WCA3A-N41_Marsh,20.9,76.1,148.7,29.7,NA,NA,9,F,ND
2402,WCA3A-N41_Marsh,25,91.4,182.2,35.6,NA,NA,17.8,M,None
2403,WCA3A-N41_Marsh,25.5,97.6,195.9,38,NA,NA,19.4,F,None
2404,WCA3A-HD_Marsh,44.6,153,308,62.4,NA,NA,NA,M,"Front left foot clubbed. Chunk out of snout, right of center. 7th single deformed."
2405,WCA3A-HD_Marsh,25.5,96.3,191.1,38.5,NA,NA,19,F,None
2406,WCA3A-HD_Marsh,36.4,133.3,269.9,53.6,NA,NA,52,M,None
2407,WCA3A-HD_Marsh,26,98,183.2,42,NA,NA,24,F,None
2408,WCA3A-HD_Marsh,21,78,154.9,29.2,NA,NA,9.6,F,None
2409,WCA3A-HD_Marsh,30.7,112.2,219.8,46.5,NA,NA,34.5,F,None
2410,WCA3A-HD_Marsh,25.6,94.4,189.9,40.4,NA,NA,19,F,ND
2411,WCA3A-HD_Marsh,23.6,88.3,179,35.4,NA,NA,15.8,F,None
2412,WCA3A-HD_Marsh,16.9,61.8,126,23.9,NA,NA,4.75,F,None
2413,WCA3A-HD_Marsh,25,89.9,181.6,37.6,NA,NA,16.8,F,None
2414,WCA3A-HD_Marsh,23.1,85.4,169.5,35,NA,NA,13.4,F,None
2415,WCA3A-HD_Marsh,35.7,126,254.9,50.6,NA,NA,46,M,None
2416,WCA3A-HD_Marsh,21.7,78.8,153.7,31.6,NA,NA,11.2,F,None
2417,WCA3A-HD_Marsh,18.8,64.4,127.8,23.5,NA,NA,4.6,F,None
2418,WCA3A-HD_Marsh,16.7,58,114.2,20.6,NA,NA,3.3,M,None
2419,WCA3A-HD_Marsh,26.6,98.6,197.7,39.8,NA,NA,22,F,None
2420,ENP-EST,30.1,107.1,222,42.1,NA,NA,27,M,ND
2421,ENP-EST,26.6,94.4,188.8,34.3,NA,NA,16.5,M,ND
2422,ENP-EST,26.2,92,179.6,41.3,NA,NA,21.7,M,ND
2423,ENP-EST,29.1,101,202.9,42.6,NA,NA,26.5,M,None
2424,ENP-EST,25.5,89.2,182.8,38.4,NA,NA,17.8,M,None
2425,ENP-EST,32.3,119.4,192.5,43.9,NA,NA,33,M,Incomplete tail
2426,ENP-EST,40.3,142.3,272.4,57.3,NA,NA,75,M,ND
2427,ENP-EST,27.9,104.1,206.8,43.5,NA,NA,25.5,M,ND
2428,ENP-EST,37.8,136.2,262.2,55.1,NA,NA,60,M,Right 3rd digit (front right foot) missing
2429,ENP-EST,31.4,117.6,236,45.7,NA,NA,35,M,ND
2430,ENP-EST,25.6,92.4,180.9,36.7,NA,NA,16,M,Missing tip of 4th digit on right rear foot.
2431,ENP-EST,36.3,133.7,260.4,41.8,NA,NA,41,M,Missing more than 1/2 of front left leg.  Bites on head.  Cut out of tail between 11 and 12 singles.
2432,ENP-EST,23,83,167.3,31.9,NA,NA,12.2,M,None
2433,ENP-EST,28,100.3,180.8,31.5,NA,NA,18,F,Incomplete tail
2434,ENP-EST,23.9,85.6,171,34.9,NA,NA,15.4,M,ND
2435,ENP-EST,35.2,126.8,243.6,49.4,NA,NA,45,M,None
2436,WCA3A-HD_Canal,38.2,138.1,265.4,48.3,NA,NA,49,M,Broken tail
2437,WCA3A-HD_Canal,42.7,148.5,291.6,62.6,NA,NA,82,M,None
2438,WCA3A-HD_Canal,27.7,98.2,192.3,40.7,NA,NA,21,F,ND
2439,WCA3A-HD_Canal,29.4,106.2,202.5,37,NA,NA,23,F,ND
2440,WCA3A-HD_Canal,37.6,129.4,252.3,49.4,NA,NA,38,M,Deformed at 3rd scute row
2441,WCA3A-HD_Canal,30.4,106.3,203.1,42.4,NA,NA,26.5,M,ND
2442,WCA3A-HD_Canal,28.6,99.9,195.7,38.3,NA,NA,21.5,F,None
2443,WCA3A-HD_Canal,31,114.1,223.3,46,NA,NA,32,M,ND
2444,WCA3A-HD_Canal,31.2,114.6,229.2,44.4,NA,NA,31,M,ND
2445,WCA3A-HD_Canal,38,131.4,267.2,48.4,NA,NA,45,M,ND
2446,WCA3A-HD_Canal,30.6,120,228.2,33.6,NA,NA,26,F,"Right rear foot, 3rd digit broken"
2447,WCA3A-HD_Canal,27.8,101.6,202,37.8,NA,NA,22,F,ND
2448,WCA3A-HD_Canal,23.6,84.9,167.5,34.6,NA,NA,13.8,M,ND
2449,WCA3A-HD_Canal,26.9,98.1,189.6,39.4,NA,NA,19.8,M,None
2450,WCA3A-HD_Canal,18.7,68.1,135.8,26.6,NA,NA,6.4,F,ND
2451,WCA3A-HD_Canal,27.1,99.9,189.1,38.2,NA,NA,19.5,M,ND
2452,Lox_L40,28.9,109,214.4,35.8,NA,NA,22,F,None
2453,Lox_L40,29.3,109.7,214.5,30,NA,NA,22.5,F,None
2454,Lox_L40,27.5,103.2,201.6,40.8,NA,NA,23,M,ND
2455,Lox_L40,24.1,85.5,177.5,NA,NA,NA,14.2,M,ND
2456,Lox_L40,35.9,129.8,251.1,56.1,NA,NA,55,M,"Eye abnormalty, possiblly blind in left eye."
2457,Lox_L40,37.5,131.3,253.3,50,NA,NA,50,M,Scarring on tail. Bite on left rear leg
2458,Lox_L40,28.5,100.9,198.1,40.5,NA,NA,22,F,None
2459,Lox_L40,29.9,109.1,215.3,38.6,NA,NA,26,F,None
2460,Lox_Marsh,22,78.8,156.1,30.2,NA,NA,11,M,None
2461,Lox_Marsh,28,101.8,203.5,38,NA,NA,23.5,M,None
2462,Lox_Marsh,30,109,212.9,40.6,NA,NA,31.5,F,None
2463,Lox_Marsh,15,54,108.7,19.4,NA,NA,3.1,F,None
2464,Lox_Marsh,34.8,122.9,232.1,38.5,NA,NA,33,M,1st single scute slightly double.
2465,Lox_Marsh,12,42,85,14.5,NA,NA,1.3,F,None
2466,Lox_Marsh,19,66.9,136.6,25.9,NA,NA,6.9,M,None
2467,Lox_Marsh,25.5,90.2,180.5,35.8,NA,NA,18,F,None
2468,Lox_Marsh,19.2,68.4,139.4,26.9,NA,NA,7.7,M,None
2469,Lox_L40,31.4,111.5,219.9,43.7,NA,NA,29,M,None
2470,Lox_L40,41.6,145,263.6,58.5,NA,NA,71,M,Incomplete tail
2471,Lox_L40,23.2,83,165,32.7,NA,NA,12,M,ND
2472,Lox_L40,27.4,96,189.7,35.4,NA,NA,17.2,M,Missing front Right foot.
2473,Lox_L40,29.9,106.8,210.2,42.5,NA,NA,24.5,M,None
2474,Lox_L40,29.2,110.3,213.4,42.1,NA,NA,27,M,None
2475,Lox_L40,27.2,93.6,188.7,37,NA,NA,15.4,M,None
2476,Lox_L40,29.5,109.5,223.3,42.5,NA,NA,29,F,Front Right leg missing at elbow and bite wound on dorsal Right side mid thorax area.
2477,Lox_Marsh,21.2,75,148.5,28.7,NA,NA,9,M,1st single scute partially split.
2478,Lox_Marsh,34.5,123.1,244,39.8,NA,NA,34,M,None
2479,Lox_Marsh,21.7,78.5,154.7,30.5,NA,NA,11.5,M,None
2480,Lox_Marsh,14.7,49,100.2,17.5,NA,NA,2.4,M,None
2481,Lox_Marsh,28.2,102.1,192,35.6,NA,NA,21.5,F,Incomplete tail
2482,Lox_Marsh,27,98.5,196.5,36.3,NA,NA,20.5,M,None
2483,Lox_Marsh,30,110.6,220,41,NA,NA,31.5,F,None
2484,ENP-EST,33.5,123,252,50,NA,NA,45.5,M,"missing a few fingers on left hand, very mangled up"
2485,ENP-EST,27,100,203,43,NA,NA,27,M,None
2486,WCA3A-HD_Canal,31.5,117.9,230.2,49.7,NA,NA,38.5,M,None
2487,WCA3A-HD_Canal,28.5,101.1,191.8,40.5,NA,NA,24.5,M,None
2488,WCA3A-HD_Canal,30.7,111.5,219.2,45.3,NA,NA,31,F,Broken right rear foot
2489,WCA3A-HD_Canal,26.9,101.4,197.9,43.6,NA,NA,28.5,M,None
2490,WCA3A-HD_Canal,26.4,94.8,186.1,38.2,NA,NA,18.8,F,Missing front left forelimb
2491,ENP-EST,32,117.9,237.2,41.4,NA,NA,30.5,M,None
2492,WCA3A-TW_Marsh,32.6,116.5,226,42.2,NA,NA,32.5,F,None
2493,WCA3A-TW_Marsh,20.8,76.6,153.9,30,NA,NA,9,F,None
2494,WCA3A-TW_Marsh,28.1,102.1,198.8,43.3,NA,NA,24,M,None
2495,WCA3A-TW_Marsh,30,106.2,205.5,47.8,NA,NA,33.5,F,None
2496,WCA3A-TW_Marsh,30.4,105.9,182,44.4,NA,NA,27.5,F,Incomplete tail
2497,WCA3A-TW_Marsh,39.5,133.6,258.7,43.3,NA,NA,45,M,None
2498,WCA3A-TW_Marsh,38.4,137.2,267.3,60,NA,NA,68,M,Broken jaw
2499,WCA3A-TW_Marsh,28.7,105.8,207.5,43.3,NA,NA,26,F,None
2500,ENP-SS,30.7,114.6,221.7,49.1,NA,NA,36,M,None
2501,ENP-SS,29.2,108.5,213.8,40.2,NA,NA,25,M,ND
2502,ENP-SS,20.9,79.9,160,29.5,NA,NA,9.6,M,None
2503,ENP-SS,27.3,99.5,199.7,41.8,NA,NA,23,F,None
2504,ENP-SS,19.5,74.4,149.3,27.8,NA,NA,8,M,ND
2505,ENP-SS,29.1,107.1,211.8,42.5,NA,NA,26.5,M,ND
2506,ENP-SS,20,74.9,151.2,30.5,NA,NA,9,M,ND
2507,ENP-SS,20.6,76.9,153.5,29.7,NA,NA,9.4,F,ND
2508,ENP-SS,25.5,92.5,181.2,33.5,NA,NA,16,M,None
2509,WCA3A-TW_Marsh,31.7,115.9,230.3,51.7,NA,NA,40.5,F,Club foot - front left.  Bite marks on tail.
2510,WCA3A-TW_Marsh,33.7,122.5,253.5,54.2,NA,NA,48,F,None
2511,WCA3A-TW_Marsh,32.4,116.2,229.5,44.6,NA,NA,35,M,Front left foot missing / deformed.
2512,WCA3A-TW_Marsh,23.1,85.8,173.3,33.8,NA,NA,13.4,F,None
2513,WCA3A-TW_Marsh,23,80.4,160.5,34.9,NA,NA,12.2,F,Missing toe on right rear.
2514,WCA3A-TW_Marsh,17.7,63,124.2,24.3,NA,NA,5,F,None
2515,WCA3A-TW_Marsh,30.8,109.3,216.2,47.7,NA,NA,32.5,F,None
2516,WCA3B_Marsh,17.8,64.2,130.2,25.7,NA,NA,5.8,F,None
2517,WCA3B_Marsh,31.3,114.6,228.2,36.5,NA,NA,26.5,F,None
2518,WCA3B_Marsh,21,73.5,152.6,28.5,NA,NA,8.4,F,None
2519,WCA3B_Marsh,23.9,87.9,175.1,36.2,NA,NA,15,F,None
2520,WCA3B_Marsh,28.6,102.8,196.5,35,NA,NA,18.8,M,None
2521,WCA3B_Marsh,27.2,98.2,190.4,37.8,NA,NA,20.5,F,None
2522,WCA3B_Marsh,20.6,75.2,150.2,28.7,NA,NA,8.2,M,None
2523,WCA2A_Marsh,33.8,124.7,237,47.2,NA,NA,42,M,None
2524,WCA2A_Marsh,35.5,127,244.5,49.3,NA,NA,44,M,Missing part of osteoderms on back.
2525,WCA2A_Marsh,19.8,73,146.7,29.5,NA,NA,8.4,M,None
2526,WCA2A_Marsh,24.8,91.9,184.8,38,NA,NA,19,F,None
2527,WCA2A_Marsh,24.1,89.9,174.5,34.6,NA,NA,15.2,F,None
2528,WCA2A_Marsh,33.5,120.7,239.2,48.2,NA,NA,40,M,None
2529,WCA2A_Marsh,32.4,113,217.1,41.7,NA,NA,27,M,None
2530,WCA3B_Marsh,20,75.9,146.5,30.3,NA,NA,10,M,None
2531,WCA2A_Marsh,34.9,124,241.5,52.5,NA,NA,50,M,Incomplete tail
2532,WCA2A_Marsh,28.2,107,210.1,39.2,NA,NA,26,F,None
2533,WCA2A_Marsh,34.4,127,244.3,50.4,NA,NA,44.2,M,None
2534,WCA2A_Marsh,32.4,118,236.6,46.4,NA,NA,32.5,M,None
2535,WCA2A_Marsh,25.1,88,175,33.5,NA,NA,14,F,Missing right eye
2536,WCA2A_Marsh,24.1,90.7,183.3,35.5,NA,NA,14.4,F,None
2537,WCA2A_Marsh,21.5,77.4,152.2,29.7,NA,NA,9.6,F,None
2538,WCA2A_Marsh,25.9,91.1,184.1,38.7,NA,NA,18.4,F,None
2539,WCA3B_Marsh,33.4,127.9,250.7,61.5,NA,NA,63,F,None
2540,WCA3B_Marsh,30.1,112.9,222.7,51.7,NA,NA,39,M,None
2541,WCA3B_Marsh,29,108,218,42.5,NA,NA,29,F,None
2542,WCA3B_Marsh,32.2,120.8,235.6,53.7,NA,NA,44,M,None
2543,WCA3B_Marsh,25.3,97.1,184.3,34.9,NA,NA,17.8,F,Tumor like bulb on mouth
2544,WCA3B_Marsh,27.4,105.6,211.1,45.8,NA,NA,29,F,Tumor like bulb on mouth.
2545,WCA3B_Marsh,13.5,52.3,102.4,20.2,NA,NA,3,M,None
2546,ENP-SS,38.4,133.1,265,52.1,NA,NA,60,M,Missing right front of snout
2547,ENP-SS,25.1,94.4,187.8,35,NA,NA,15.6,F,None
2548,BICY_Marsh,21.2,77.3,157.1,31.8,NA,NA,9.8,F,ND
2549,BICY_Marsh,33.7,127.8,250.3,53.3,NA,NA,46,F,None
2550,BICY_Marsh,31.6,120.3,231.5,46.2,NA,NA,34,M,None
2551,BICY_Marsh,32.3,120.6,239.1,49.5,NA,NA,36.5,M,ND
2552,BICY_Marsh,27.8,99,193.1,37.9,NA,NA,19.4,M,None
2553,BICY_Marsh,27,98.5,196.8,37.5,NA,NA,18.4,M,ND
2554,BICY_Marsh,32.9,119.7,233.9,46.3,NA,NA,37,M,None
2555,BICY_Marsh,23.6,88.8,178.1,37.3,NA,NA,15.8,M,None
2556,BICY_Marsh,34,125.6,255.3,56.6,NA,NA,50,M,None
2557,BICY_Marsh,24.9,89.3,177.2,33.5,NA,NA,14,F,None
2558,BICY_Marsh,26.9,96.5,190.8,41,NA,NA,22,F,None
2559,ENP-SS,28.7,104.5,207.5,43.2,NA,NA,25.5,F,NA
2560,ENP-SS,28.3,102.2,199.6,40.6,NA,NA,25,F,NA
2561,ENP-SS,30.6,119.5,226.4,58.8,NA,NA,49,F,NA
2562,ENP-FC,30.8,115.4,230.6,48.6,NA,NA,40.5,F,NA
2563,ENP-SS,28.2,103.2,199.8,40.5,NA,NA,21.5,M,None
2564,ENP-SS,24.3,89.6,173.8,31.4,NA,NA,11.4,M,None
2565,ENP-SS,30.3,112.4,224.7,43,NA,NA,29.5,M,None
2566,ENP-SS,28.1,104.6,203.9,39.5,NA,NA,24,F,None
2567,ENP-SS,32.2,120.9,227.8,57,NA,NA,51.5,F,NA
2568,ENP-SS,31.6,121.5,240.6,55.4,NA,NA,53,F,NA
2569,ENP-FC,29.5,112.4,230.2,50.1,NA,NA,38.1,F,NA
2570,ENP-SS,27.8,101.9,203,44.5,NA,NA,29.5,F,NA
2571,ENP-SS,28.5,103,211,46,NA,NA,28,F,NA
2572,ENP-SS,32,115.4,216.5,54.6,NA,NA,45,F,Incomplete tail
2573,BICY_Marsh,29.1,105.1,203.8,43.9,NA,NA,25.2,M,None
2574,BICY_Marsh,37.1,129.3,254,53.6,NA,NA,51,M,None
2575,BICY_Marsh,29.3,107.5,208.7,46.5,NA,NA,27.5,M,None
2576,BICY_Marsh,27.4,98.5,192.9,41.6,NA,NA,23,F,None
2577,ENP-SS,31,121.1,231.5,46.5,NA,NA,38,F,NA
2578,ENP-SS,21.5,81.8,154.9,31.5,NA,NA,12.6,F,Incomplete tail
2579,ENP-FC,30,113.9,223,38.8,NA,NA,26,F,NA
2580,ENP-SS,27.5,106.9,209,40.1,NA,NA,27.5,F,NA
2581,ENP-SS,24.1,90.7,181,36.4,NA,NA,16.8,F,NA
2582,Lox_Marsh,27.7,103.7,202.5,37.5,NA,NA,20.5,F,ND
2583,Lox_Marsh,27.5,100,197,38.5,NA,NA,21,M,None
2584,Lox_Marsh,15.5,56.6,114.8,19.4,NA,NA,3.1,F,ND
2585,Lox_Marsh,27,97.5,197,36,NA,NA,18.5,M,9th single scute is notched
2586,Lox_Marsh,15.7,55.3,113.9,20.5,NA,NA,3.4,M,ND
2587,ENP-EST,27.5,101.1,202,36,NA,NA,20.5,M,ND
2588,ENP-EST,27.4,100.1,201.5,39.9,NA,NA,21.5,M,ND
2589,ENP-EST,25,91,182.9,35,NA,NA,16,M,ND
2590,ENP-EST,24.5,90.5,176.8,35.5,NA,NA,16.6,M,None
2591,ENP-EST,31.5,118.7,227.2,44.4,NA,NA,35.5,M,None
2592,ENP-EST,30.1,113,218.6,40,NA,NA,30,M,None
2593,ENP-EST,23,85.9,169,33.9,NA,NA,18.2,M,ND
2594,ENP-EST,32.5,120.9,244.9,45.9,NA,NA,42,M,None
2595,ENP-EST,29.7,106.3,207.5,40.9,NA,NA,27.5,M,ND
2596,ENP-EST,39.5,144.1,279.8,57.6,NA,NA,69,M,None
2597,ENP-EST,34,122.7,249,52.3,NA,NA,46,M,None
2598,ENP-EST,31.9,119.9,239.5,46.5,NA,NA,41.5,M,Missing chunk of snout
2599,ENP-EST,28.9,102.6,205.7,43.9,NA,NA,27,M,ND
2600,ENP-EST,29.3,105.3,208.7,38.1,NA,NA,23.5,M,ND
2601,ENP-EST,28.7,104,208.7,41.4,NA,NA,26,M,None
2602,ENP-EST,31.4,116.3,231.9,47.6,NA,NA,40.5,M,None
2603,ENP-EST,20.6,74.2,146.5,28,NA,NA,8.7,F,None
2604,Lox_Marsh,24.2,88.7,180,32.5,NA,NA,14.5,F,None
2605,Lox_Marsh,15.5,54.5,109.1,19.4,NA,NA,3,M,ND
2606,Lox_Marsh,23.5,88.3,172.8,33.9,NA,NA,14.5,F,Incomplete tail
2607,Lox_Marsh,28,106.2,210,37,NA,NA,24,F,1st single scute abnormality
2608,Lox_Marsh,22.6,81.9,163.8,32,NA,NA,12,F,None
2609,ENP-SS,33,127.4,243.6,38.8,NA,NA,30,M,ND
2610,ENP-SS,22.8,88.3,178.2,25.3,NA,NA,10.6,F,ND
2611,ENP-SS,32,122.5,236.8,46,NA,NA,32,M,None
2612,ENP-SS,33.9,125,249.8,50.9,NA,NA,46,M,Incomplete tail
2613,ENP-SS,38.5,142.1,291.8,58.6,NA,NA,64.2,M,None
2614,ENP-SS,28.3,101.9,202.2,26.4,NA,NA,14,M,None
2615,ENP-SS,22.3,82.4,165.2,29.6,NA,NA,10,M,None
2616,ENP-SS,23.9,84.5,168.9,30.6,NA,NA,11.4,M,None
2617,ENP-SS,25.6,96.4,197.8,36.7,NA,NA,19,F,None
2618,ENP-SS,39.4,139,267.6,55.1,NA,NA,62,M,Incomplete tail
2619,ENP-SS,21.6,78.8,156.5,29.6,NA,NA,9.6,F,None
2620,ENP-SS,29.5,110.3,218,42.3,NA,NA,27,M,None
2621,ENP-SS,31.3,111.8,220,44.7,NA,NA,31.5,M,None
2622,ENP-SS,24.3,91.6,177.7,36.6,NA,NA,17,M,Right rear missing 2 toes. Missing 3rd claw on both front feet.
2623,ENP-SS,30.4,110.5,217.7,37.7,NA,NA,24,M,Missing scute (8th single)
2624,WCA2A_Marsh,15.8,56.5,115.8,20.5,NA,NA,3.25,M,None
2625,WCA2A_Marsh,27.9,102.2,202.5,39.1,NA,NA,13.2,F,ND
2626,WCA2A_Marsh,17.5,62.7,126.8,23.5,NA,NA,4.65,F,ND
2627,WCA2A_Marsh,20.4,75.1,150.7,26.8,NA,NA,7.8,M,None
2628,WCA2A_Marsh,23.7,87.1,170.5,30.4,NA,NA,11,M,ND
2629,WCA2A_Marsh,14.1,53,110.5,18.5,NA,NA,2.55,F,None
2630,WCA2A_Marsh,27.4,102.9,202.9,37.4,NA,NA,22,F,None
2631,WCA2A_Marsh,30.9,114.4,228.7,46.3,NA,NA,31.5,F,ND
2632,WCA2A_Marsh,28.9,103.2,207.1,43.1,NA,NA,28,F,ND
2633,WCA2A_Marsh,19.1,67.7,141.8,24,NA,NA,5.2,M,None
2634,WCA2A_Marsh,28.7,106.2,212.4,39.5,NA,NA,23.5,F,ND
2635,WCA2A_Marsh,26.8,96.5,190.8,42.6,NA,NA,22.5,F,ND
2636,WCA2A_Marsh,23.6,85.6,175.1,34.9,NA,NA,13.2,F,Missing right hind leg. Hole in webbing of left hind leg.
2637,WCA2A_Marsh,25.8,91.6,190.6,37.2,NA,NA,16.6,F,ND
2638,WCA2A_Marsh,22.8,83.9,173.1,33.5,NA,NA,12.4,F,None
2639,WCA3A-HD_Marsh,21.1,76.8,152,33.3,NA,NA,10.9,F,ND
2640,WCA3A-HD_Marsh,21.2,79,159.4,31.6,NA,NA,10.2,F,None
2641,WCA3A-HD_Marsh,31.4,113.3,215.2,51.7,NA,NA,36,F,Incomplete tail
2642,WCA3A-HD_Marsh,19.9,74.4,149.3,29.9,NA,NA,8.2,F,None
2643,WCA3A-HD_Marsh,24.6,90.1,176.7,38.2,NA,NA,17,F,Missing left rear leg below knee
2644,WCA3A-HD_Marsh,22.7,83.8,167.5,33.6,NA,NA,12.2,M,None
2645,WCA3A-HD_Marsh,27.8,102.6,201.3,45.2,NA,NA,27,F,None
2646,WCA3A-HD_Marsh,19.8,70.9,143.2,27.8,NA,NA,7.2,M,None
2647,WCA3A-HD_Marsh,24.7,91.8,183.2,37,NA,NA,16.5,F,None
2648,WCA3A-HD_Marsh,31.7,114.8,231.4,47.7,NA,NA,35.5,F,Broken jaw
2649,WCA3A-HD_Marsh,18.1,65.2,131.8,23.7,NA,NA,5,F,None
2650,WCA3A-HD_Marsh,30.1,104.9,202.4,36.5,NA,NA,22.5,F,Missing bottom left jaw along with skin. (tongue is hanging freely and is slightly gangrene
2651,WCA3A-HD_Marsh,19.6,72.4,145.4,28.2,NA,NA,8.4,F,None
2652,WCA3A-HD_Marsh,22,80,165.2,32,NA,NA,11.6,F,None
2653,WCA3A-HD_Marsh,41.5,144.7,284.8,59.9,NA,NA,72,M,None
2654,BICY_Marsh,23.8,86.8,172.3,34.9,NA,NA,13.2,F,None
2655,BICY_Marsh,26.5,95.3,187,38.7,NA,NA,19.5,F,LR foot missing
2656,BICY_Marsh,46.5,156.8,305.6,70.4,NA,NA,112,M,None
2657,BICY_Marsh,31,113.3,205.6,50.8,NA,NA,33.5,F,Incomplete tail
2658,BICY_Marsh,39.3,141,280.5,62.4,NA,NA,71,M,None
2659,BICY_Marsh,36.4,132.8,263.5,55.9,NA,NA,57,M,None
2660,BICY_Marsh,24.7,92.5,182.5,37.4,NA,NA,17,F,Missing right third nail.
2661,BICY_Marsh,28.7,104.5,209.7,40.5,NA,NA,24,M,None
2662,BICY_Marsh,28.9,108.1,190.6,42,NA,NA,24.5,M,Incomplete tail
2663,BICY_Marsh,23.4,89.9,178,35,NA,NA,15.2,M,None
2664,BICY_Marsh,32,116.3,230.6,47.5,NA,NA,35,M,None
2665,BICY_Marsh,33,122.7,248.2,61.8,NA,NA,59,F,None
2666,BICY_Marsh,44.6,156.9,296.5,67.9,NA,NA,104,M,None
2667,BICY_Marsh,40.6,145.4,270.4,58.3,NA,NA,73,M,Incomplete tail
2668,BICY_Marsh,23.9,87.9,172.6,35.8,NA,NA,14.6,F,None
2669,WCA3A-TW_Marsh,26.2,95,188.6,38,NA,NA,18.6,F,None
2670,WCA3A-TW_Marsh,16.8,59.4,119.9,22.1,NA,NA,4.2,F,ND
2671,WCA3A-TW_Marsh,16.9,62,123.1,22.1,NA,NA,4.2,F,ND
2672,WCA3A-TW_Marsh,13.4,46.2,93,16.3,NA,NA,1.95,M,ND
2673,WCA3A-TW_Marsh,23.7,86.4,169.5,35.1,NA,NA,14,F,None
2674,WCA3A-TW_Marsh,34.2,119.6,248.2,53.9,NA,NA,50.5,F,None
2675,WCA3A-TW_Marsh,40.7,137.5,271.6,59.8,NA,NA,69,M,None
2676,WCA3A-TW_Marsh,28.3,101,199.8,39.3,NA,NA,21,F,None
2677,WCA3A-TW_Marsh,27.8,99.6,196.1,37.7,NA,NA,22,F,None
2678,WCA3A-TW_Marsh,28.4,106.9,207.6,42.3,NA,NA,26,F,None
2679,WCA3A-TW_Marsh,31.7,108.4,205.4,41,NA,NA,27.5,F,None
2680,WCA3A-TW_Marsh,32.8,116.8,231,48.5,NA,NA,34.5,M,ND
2681,WCA3A-TW_Marsh,27.9,102.7,196.5,41.8,NA,NA,25,F,ND
2682,WCA3A-TW_Marsh,20.2,72.5,140.1,26.3,NA,NA,7,M,ND
2683,WCA3A-TW_Marsh,25.5,92,180.2,37.1,NA,NA,17.4,F,None
2684,WCA3A-TW_Marsh,13.6,50,104.1,19.6,NA,NA,2.55,M,ND
2685,ENP-EST,29.8,107.4,221.4,39.2,NA,NA,36.5,M,None
2686,ENP-FC,19.2,68.9,141.2,26.3,NA,NA,6.2,M,None
2687,ENP-FC,29.6,108.1,214.5,40.8,NA,NA,25.5,M,None
2688,ENP-FC,29.6,109.1,217.5,47.8,NA,NA,30.5,M,None
2689,ENP-FC,26,96.3,191,40.9,NA,NA,22.5,F,None
2690,ENP-FC,26.1,90.9,181.3,34.4,NA,NA,15,F,None
2691,ENP-FC,36.4,128.2,258.3,50.8,NA,NA,54,M,Single (6) split down middle to base of the same scute.
2692,ENP-FC,24.6,92.9,175.8,34.6,NA,NA,16.2,F,3 of 5 digits have no nail on each front limb
2693,ENP-FC,29.1,106.1,215.7,39.4,NA,NA,27,F,None
2694,ENP-FC,24,90.7,178.9,32.8,NA,NA,13.4,M,None
2695,ENP-FC,36.8,130.8,236.5,31.9,NA,NA,30,M,Incomplete tail
2696,ENP-FC,25.5,95.5,194.1,38.5,NA,NA,18,F,None
2697,ENP-FC,32.1,115.6,230,37.8,NA,NA,26.5,M,None
2698,ENP-FC,24.2,94.3,190.5,35.9,NA,NA,17,F,7th single half ripped off.
2699,ENP-FC,20.1,75.3,152.6,29.1,NA,NA,8.4,M,None
2700,ENP-FC,23.3,85.3,175.5,31.9,NA,NA,12.4,F,None
2701,ENP-FC,19.7,71.7,145.1,27.2,NA,NA,7.4,F,None
2702,WCA3A-N41_Marsh,18.9,67.5,134.9,25.2,NA,NA,6,F,None
2703,WCA3A-N41_Marsh,35.8,131,254.8,43.9,NA,NA,44.5,M,None
2704,WCA3A-N41_Marsh,22.9,83.3,167.1,32.9,NA,NA,12.2,F,None
2705,WCA3A-N41_Marsh,16.4,59.8,121.6,22.3,NA,NA,4.1,F,None
2706,WCA3A-N41_Marsh,30.2,111.8,226.5,43.8,NA,NA,28.5,F,None
2707,WCA3A-N41_Marsh,24.3,88.4,174,36.7,NA,NA,14.6,F,None
2708,WCA3A-N41_Marsh,24.9,90.3,179.7,37.4,NA,NA,16.9,F,None
2709,WCA3A-N41_Marsh,22.7,80.1,161.3,28.3,NA,NA,10.4,F,None
2710,WCA3A-N41_Marsh,21.8,81.5,163.3,30.9,NA,NA,10.8,M,None
2711,WCA3A-N41_Marsh,28.4,105.2,214.2,43.5,NA,NA,25,F,None
2712,WCA3A-N41_Marsh,23.3,84,168.8,33.5,NA,NA,12.4,F,None
2713,WCA3A-N41_Marsh,19.1,70.3,142.4,25.6,NA,NA,6.8,F,None
2714,WCA3A-N41_Marsh,21,75.4,146.8,28.3,NA,NA,8.6,F,None
2715,WCA3A-N41_Marsh,27.6,103.7,198.2,36.5,NA,NA,21,F,None
2716,WCA3A-N41_Marsh,24.6,85.5,175.1,35.5,NA,NA,15,F,None
2717,Lox_Marsh,21,78.2,158.3,31.5,NA,NA,12,F,Incomplete tail
2718,Lox_Marsh,27,99.3,194.8,34.9,NA,NA,20,F,None
2719,Lox_Marsh,29.7,109,210,44.5,NA,NA,32,M,ND
2720,Lox_Marsh,38,135.7,257.5,49,NA,NA,49,M,None
2721,Lox_Marsh,23.5,85,173.9,32.5,NA,NA,14.5,F,12th single scute is flat
2722,WCA3B_Marsh,45.4,164.5,325,78.3,NA,NA,144,M,Missing single #3 scute
2723,WCA3B_Marsh,27.1,99.4,199.2,34,NA,NA,17.5,M,None
2724,WCA3B_Marsh,29.6,106.3,204.1,35.6,NA,NA,23,M,None
2725,WCA3B_Marsh,23.7,85.4,169.8,32.2,NA,NA,13,F,None
2726,WCA3B_Marsh,29.6,108.7,216.5,42.3,NA,NA,27,F,None
2727,WCA3B_Marsh,24.2,87.9,162.6,33.1,NA,NA,12.8,M,Hole in single #9 scute
2728,WCA3B_Marsh,29.3,104.5,198.5,35.6,NA,NA,19.8,M,None
2729,WCA3B_Marsh,25.7,90.6,182.5,36.4,NA,NA,16.6,F,None
2730,WCA3B_Marsh,39.7,140.8,276.4,60.5,NA,NA,72,M,None
2731,WCA3B_Marsh,24.9,97,184.2,32.9,NA,NA,14.5,F,None
2732,WCA3B_Marsh,26.3,97.5,193.5,40.5,NA,NA,21,F,None
2733,WCA3B_Marsh,25.5,95.8,187.6,38,NA,NA,18.5,F,None
2734,WCA3B_Marsh,24.9,90,180.2,32.8,NA,NA,13.5,M,None
2735,WCA3B_Marsh,32.7,117.1,226.8,35.2,NA,NA,25,M,None
2736,WCA3B_Marsh,31.6,121.7,234,50.3,NA,NA,43,M,None
2737,ENP-EST,39,140,265,53,NA,NA,NA,M,ND
2738,ENP-EST,34.4,122,241,40,NA,NA,38.5,M,None
2739,WCA3A-HD_Canal,32.8,118.1,244,50.1,NA,NA,43.5,F,DR 9 scute missing
2740,WCA3A-TW_Marsh,33.8,116.8,219,41.5,NA,NA,33,M,None
2741,WCA3A-TW_Marsh,21.7,80.3,158.3,30,NA,NA,9.8,F,Missing right rear foot.
2742,WCA3A-TW_Marsh,30.7,110,216.8,45.4,NA,NA,31,F,None
2743,WCA3A-TW_Marsh,27.4,99.8,195.8,39.9,NA,NA,21.5,M,None
2744,WCA3A-TW_Marsh,27.5,101.9,202,41.9,NA,NA,28,F,None
2745,WCA3A-TW_Marsh,30.6,112.5,226.7,46.3,NA,NA,35,F,None
2746,WCA3A-TW_Marsh,28.1,99.3,196.2,42.6,NA,NA,23,F,None
2747,WCA2A_Marsh,36.4,124.2,245.1,51,NA,NA,47,M,None
2748,WCA2A_Marsh,24.1,93,183,35.7,NA,NA,16.8,F,None
2749,WCA2A_Marsh,23.5,84.1,172.5,32.9,NA,NA,12.8,F,None
2750,WCA2A_Marsh,18,62.8,130.7,24.9,NA,NA,5,F,None
2751,WCA2A_Marsh,24.5,87.2,175,34.4,NA,NA,14.6,F,None
2752,WCA2A_Marsh,39.1,135.5,263.5,53.2,NA,NA,56,M,None
2753,WCA2A_Marsh,27.3,99.5,202.7,37.4,NA,NA,22,F,None
2754,WCA2A_Marsh,24.5,87.8,176.3,33,NA,NA,14,M,None
2755,WCA2A_Marsh,25.5,90.4,181.3,37.3,NA,NA,18,F,None
2756,WCA2A_Marsh,24.6,89.2,176,33.4,NA,NA,13.4,M,None
2757,WCA2A_Marsh,32.4,111.2,221.9,43.9,NA,NA,33,M,Lower jaw skin swollen and full of fluid.
2758,WCA2A_Marsh,27.1,99.8,200.3,32.7,NA,NA,20.5,F,ND
2759,WCA2A_Marsh,32,116.3,233.3,46.6,NA,NA,34.5,M,None
2760,WCA2A_Marsh,29.7,106.5,203.7,39.9,NA,NA,28,F,ND
2761,WCA2A_Marsh,32.5,117.9,240.2,49.8,NA,NA,42.5,M,ND
2762,WCA2A_Marsh,38.4,136.9,276.6,58,NA,NA,67,M,"Double Left 7 scute half gone, and Double Right 8 scute half gone"
2763,ENP-EST,37.8,130,269,56.8,NA,NA,73.5,M,None
2764,ENP-EST,37.2,124,247.6,52,NA,NA,61,M,Missing right front leg at shoulder
2765,ENP-EST,32.4,114,236.4,49.6,NA,NA,48,M,None
2766,ENP-EST,33.2,117.6,239,45.8,NA,NA,44,M,None
2767,ENP-EST,27.8,102,202.4,37.8,NA,NA,26.5,F,Missing claw on back left leg
2768,ENP-EST,33,116.6,232.2,49.8,NA,NA,NA,F,Missing thumb on front right foot
2769,ENP-EST,32.2,112.4,240,50.4,NA,NA,NA,M,None
2770,ENP-EST,25.4,91,191.6,35.6,NA,NA,20.5,F,None
2771,ENP-EST,28.8,100,205.8,40.8,NA,NA,27.5,F,None
2772,ENP-EST,25.2,91,181,36.8,NA,NA,19.5,M,None
2773,WCA3A-N41_Marsh,25,92.6,181.4,36.6,NA,NA,17,M,None
2774,WCA3A-N41_Marsh,24.4,87.4,172.4,36.8,NA,NA,15,F,None
2775,WCA3A-N41_Marsh,34.7,125.4,238.4,48.9,NA,NA,38.5,M,Incomplete tail
2776,WCA3A-N41_Marsh,21.3,77,152.2,30.9,NA,NA,9.4,F,None
2777,WCA3A-N41_Marsh,20.8,77.7,157.1,30.2,NA,NA,9.2,F,None
2778,WCA3A-N41_Marsh,24.6,88.9,178.8,35.7,NA,NA,15.2,F,None
2779,WCA3A-N41_Marsh,20.6,73.2,145.2,28,NA,NA,8.6,M,None
2780,WCA3A-N41_Marsh,20.4,72.8,149.7,31,NA,NA,9.2,F,None
2781,WCA3A-N41_Marsh,19.6,72.9,145.6,28.2,NA,NA,7.6,F,None
2782,WCA3A-N41_Marsh,33.4,118.4,232.5,43.7,NA,NA,34,M,None
2783,WCA3A-N41_Marsh,24.3,84.3,170.5,32,NA,NA,11.6,M,None
2784,WCA3A-N41_Marsh,26.4,98.5,187.6,37.4,NA,NA,24,F,None
2785,WCA3A-N41_Marsh,23.4,85.5,174.3,34.2,NA,NA,14.5,F,None
2786,WCA3A-N41_Marsh,23,83.5,163,31.7,NA,NA,12.2,F,None
2787,WCA3A-N41_Marsh,37.9,129.4,249.6,51.1,NA,NA,48,M,None
2788,WCA3A-TW_Marsh,29.5,108.8,210.4,44,NA,NA,29,F,None
2789,WCA3A-TW_Marsh,22.9,83,168.1,32.7,NA,NA,12.2,F,None
2790,WCA3A-TW_Marsh,31.5,108.5,213.3,41.4,NA,NA,28.5,F,None
2791,WCA3A-TW_Marsh,27.7,104.9,209.5,42.2,NA,NA,26,F,None
2792,Lox_Marsh,28,102.8,209.5,33.5,NA,NA,21.5,F,None
2793,Lox_Marsh,27.8,102.2,201.4,37,NA,NA,24,F,None
2794,Lox_Marsh,29.6,108.9,212,42,NA,NA,29.5,F,None
2795,Lox_Marsh,29.6,107.7,214.4,38,NA,NA,29.5,F,None
2796,Lox_Marsh,29.7,107.3,214.5,40.6,NA,NA,27.5,F,None
2797,Lox_Marsh,29.7,109,213.5,40,NA,NA,26,M,Broken jaw
2798,Lox_Marsh,26.9,101,202.5,37.9,NA,NA,24.5,F,None
2799,Lox_Marsh,32.6,116,227,27.9,NA,NA,21.5,M,"Bad wound on tail, part of wound looks like tail is broken."
2800,Lox_Marsh,39,138.2,266.1,43.8,NA,NA,44,M,None
2801,Lox_Marsh,23,83.6,167.5,32.4,NA,NA,14,F,None
2802,Lox_Marsh,28.6,103.9,206.3,36.9,NA,NA,24.5,F,None
2803,Lox_Marsh,21.5,76.6,154.5,28.9,NA,NA,9.1,M,None
2804,Lox_Marsh,23.7,81.7,162.1,29.6,NA,NA,11.5,F,Missing right front foot and forearm.
2805,Lox_Marsh,32.3,115.9,225,34,NA,NA,26,M,None
2806,Lox_Marsh,31,107.7,212.3,36,NA,NA,23.5,M,Missing left front leg.
2807,WCA3A-TW_Marsh,40.5,138.5,274.5,58.6,NA,NA,64.5,M,Broken jaw
2808,WCA3A-TW_Marsh,28.2,104.7,206.6,43.8,NA,NA,27.5,F,None
2809,WCA3A-TW_Marsh,29.1,102.5,205.6,43.6,NA,NA,24.5,M,ND
2810,WCA3A-TW_Marsh,32.1,118.5,239.4,55,NA,NA,48,F,None
2811,WCA3A-HD_Marsh,21.8,77.2,156,30.1,NA,NA,9.4,F,None
2812,WCA3A-HD_Marsh,20.2,73.3,144.4,28.2,NA,NA,8.2,M,None
2813,WCA3A-HD_Marsh,33,117,222.8,45,NA,NA,35.3,F,None
2814,WCA3A-HD_Marsh,27.1,93.2,192.4,44.2,NA,NA,23,F,Concave depression on dorsum behind left front leg.
2815,WCA3A-HD_Marsh,29.4,105.9,209.3,45.7,NA,NA,31,F,ND
2816,WCA3A-HD_Marsh,20.2,72.2,146.2,29.4,NA,NA,7.6,M,ND
2817,WCA3A-HD_Marsh,24.9,92.3,182.9,37,NA,NA,17,F,None
2818,WCA3A-HD_Marsh,20.7,75.5,149.7,28.3,NA,NA,8,F,None
2819,WCA3A-HD_Marsh,30.8,114.9,228.3,46.9,NA,NA,35.5,F,None
2820,WCA3A-HD_Marsh,34.8,127.7,250.8,50.4,NA,NA,45,M,Small part of mouth missing. Snagle tooth
2821,WCA3A-HD_Marsh,21.9,80.6,163.2,31.1,NA,NA,11.4,F,None
2822,WCA3A-HD_Marsh,28.1,103.3,203.4,38.7,NA,NA,23,F,None
2823,WCA3A-HD_Marsh,31,110.8,214.4,44.7,NA,NA,31,F,Incomplete tail
2824,WCA3A-HD_Marsh,33.8,122.5,240.2,45.4,NA,NA,36.5,M,Right eye damaged
2825,WCA3A-HD_Marsh,24.9,90.8,180.9,35.3,NA,NA,16,F,None
2826,WCA3B_Marsh,27.9,101.6,197.7,38.8,NA,NA,23,M,None
2827,WCA3B_Marsh,34.5,124.3,245.3,46.6,NA,NA,40,M,None
2828,WCA3B_Marsh,27.1,100.2,197.3,34.8,NA,NA,17,M,None
2829,WCA3B_Marsh,19.9,72,145.1,26.9,NA,NA,7.4,M,None
2830,WCA3B_Marsh,17.3,64,125.3,22.6,NA,NA,4.6,M,None
2831,WCA3B_Marsh,23.5,88.3,179.1,32.4,NA,NA,14.8,F,None
2832,WCA3B_Marsh,30.5,111,221.1,44.1,NA,NA,28.5,M,None
2833,WCA3B_Marsh,21.6,77.2,155.5,29.5,NA,NA,8.8,F,None
2834,WCA3B_Marsh,26.8,98,197.6,39.2,NA,NA,21,F,None
2835,WCA3B_Marsh,24.5,86,171.8,32.4,NA,NA,13,F,None
2836,WCA3B_Marsh,24.5,87.2,171.4,31.5,NA,NA,13.4,F,None
2837,WCA3B_Marsh,25.6,92.3,182.5,33,NA,NA,15,F,None
2838,WCA3B_Marsh,22.9,81.7,166.7,28.9,NA,NA,11.2,F,None
2839,WCA3B_Marsh,34.7,123.2,239.5,44.4,NA,NA,37.5,M,Front Right 3rd digit - missing claw.  3rd and 4th whorl behind back legs - deformed where tail girth was measured so tail girth inaccurate.
2840,WCA3B_Marsh,29.5,104,200.2,34.5,NA,NA,19.5,M,Missing 17th single
2841,ENP-EST,20.5,77.1,156.1,29.5,NA,NA,9,F,None
2842,ENP-FC,37.6,139.2,284.9,63.2,NA,NA,70,M,None
2843,ENP-FC,24.8,94.6,193,33.5,NA,NA,16.5,F,None
2844,ENP-FC,22.6,81.7,159.8,30.8,NA,NA,10,M,None
2845,ENP-FC,26.4,99,198.1,38.7,NA,NA,20,M,None
2846,ENP-FC,21,78.1,159.5,29.6,NA,NA,9.4,F,None
2847,ENP-FC,24.6,92.5,191.7,38.8,NA,NA,19.2,F,None
2848,ENP-FC,27.5,100,196.9,34.6,NA,NA,19,F,None
2849,ENP-FC,37.9,134.2,266.4,54.5,NA,NA,55,M,None
2850,ENP-FC,28,103.5,206.6,40,NA,NA,25,F,None
2851,ENP-FC,24.6,92,183.4,36.8,NA,NA,17,M,None
2852,ENP-FC,24.2,91,178.9,35,NA,NA,14.8,M,None
2853,ENP-FC,22.4,82.5,165.5,34,NA,NA,13.5,F,None
2854,ENP-FC,21.3,79.2,160.5,29.3,NA,NA,11,M,None
2855,ENP-FC,39.5,145.5,279.5,58.5,NA,NA,70,M,None
2856,ENP-FC,24.9,92.6,187.4,34,NA,NA,17.2,F,None
2857,ENP-SS,28.2,104.1,201.4,35.1,NA,NA,21,F,None
2858,ENP-SS,25.3,94.1,185.3,37.2,NA,NA,18,F,None
2859,ENP-SS,25.7,96.1,189.6,34.8,NA,NA,16.8,M,None
2860,ENP-SS,35.4,130.8,249.2,47.4,NA,NA,44,M,Incomplete tail
2861,ENP-SS,44.3,155,311.4,69,NA,NA,107,M,None
2862,ENP-SS,24,87.8,175.9,32.4,NA,NA,14.6,F,None
2863,ENP-SS,31.2,112.2,219.6,44.4,NA,NA,31,M,None
2864,ENP-SS,25.1,90.5,176.3,32.5,NA,NA,14.6,M,None
2865,ENP-SS,27.9,102.1,199.6,39.7,NA,NA,22.5,M,None
2866,ENP-SS,24.6,87.2,171.8,33.9,NA,NA,14.2,M,None
2867,ENP-SS,24.9,92,188.4,33.4,NA,NA,15,F,None
2868,ENP-SS,26.9,102.9,205.4,38.1,NA,NA,22,M,None
2869,ENP-SS,26.8,97.8,191.4,33.2,NA,NA,18.6,F,None
2870,ENP-SS,34.5,120.9,233.5,45.9,NA,NA,36.5,M,None
2871,ENP-SS,25.1,92.5,184.7,34.2,NA,NA,16,M,None
2872,WCA3A-HD_Canal,26.4,97.9,192.1,40.3,NA,NA,19.5,M,Missing 3 toes on left rear foot.
2873,WCA3A-HD_Canal,26.1,95,191.9,37.3,NA,NA,17.25,F,None
2874,WCA3A-HD_Canal,31,113.5,227.8,44.2,NA,NA,32,F,None
2875,WCA3A-HD_Canal,26.5,96.7,192.9,41.5,NA,NA,21.5,F,None
2876,WCA3A-HD_Canal,21.9,84,167.7,33,NA,NA,12.4,F,None
2877,WCA3A-HD_Canal,28,105.8,206,44.9,NA,NA,29.5,F,None
2878,WCA3A-HD_Canal,24,87.4,179.2,39.3,NA,NA,16.4,F,None
2879,WCA3A-HD_Canal,25,94,180.2,40.4,NA,NA,20,F,None
2880,WCA3A-HD_Canal,27.7,103.5,209.4,41.5,NA,NA,22,F,None
2881,ENP-EST,28.4,106.4,226.2,49,NA,NA,45,M,None
2882,ENP-EST,25,91.8,189,31.8,NA,NA,21,F,None
2883,Lox_L40,31.3,110.6,213.9,44,NA,NA,32,M,First doubles are fused.
2884,Lox_L40,27.6,99.8,202.9,43.4,NA,NA,26,F,None
2885,Lox_L40,27.5,102.8,199.1,40.9,NA,NA,23,M,Bad left eye.
2886,Lox_L40,29,104.7,211.3,43.3,NA,NA,30,F,First Double fused.
2887,Lox_L40,40.5,144.5,284.7,66.2,NA,NA,86,M,Missing front left leg
2888,Lox_L40,35.6,128,215.8,51.2,NA,NA,47,M,Incomplete tail
2889,Lox_L40,24.5,90.7,182.3,38.6,NA,NA,19,F,None
2890,Lox_L40,23.8,89.5,177.2,32.4,NA,NA,16,F,None
2891,Lox_L40,33,119,235.8,51.7,NA,NA,36,M,Missing right front foot.
2892,Lox_L40,27,98,198.2,42.8,NA,NA,23,F,None
2893,Lox_L40,28.4,105.1,211,39.7,NA,NA,25,F,None
2894,Lox_L40,36.4,130.6,255.6,54.6,NA,NA,54,M,None
2895,ENP-EST,34.4,124.2,251.2,51.2,NA,NA,62,M,None
2896,ENP-EST,30,103.8,208.2,37,NA,NA,26.5,F,None
2897,Lox_L40,37.4,135.4,266.6,49.9,NA,NA,53,M,None
2898,Lox_L40,27.4,101.1,201.5,39.5,NA,NA,22,M,None
2899,Lox_L40,26.1,93.5,188,36.5,NA,NA,18,M,None
2900,Lox_L40,29.4,109,214.9,43,NA,NA,30,F,None
2901,WCA3A-HD_Canal,23.6,86.1,171.9,33.8,NA,NA,13.6,M,None
2902,WCA3A-HD_Canal,33.4,122.4,248.4,50.9,NA,NA,41,M,None
2903,WCA3A-HD_Canal,30.6,110.2,216.2,42.6,NA,NA,27,M,None
2904,WCA3A-HD_Canal,26.6,99.8,198.5,39.2,NA,NA,22,F,None
2905,WCA3A-HD_Canal,28.1,103.2,202.5,40.5,NA,NA,22,F,None
2906,BICY_Marsh,31.3,114.9,228.1,44.1,NA,NA,32.5,M,None
2907,BICY_Marsh,32.1,120.3,238.2,47.2,NA,NA,36.5,M,7th and 8th single are missing
2908,BICY_Marsh,24.6,90.1,181.4,35.2,NA,NA,15.4,M,None
2909,BICY_Marsh,29.6,108.1,216.5,45.4,NA,NA,27,M,None
2910,BICY_Marsh,28.7,107,210.1,42.8,NA,NA,24.5,M,None
2911,BICY_Marsh,49.2,176.4,348,87.1,NA,NA,178,M,None
2912,BICY_Marsh,35.3,127.1,247.8,51.5,NA,NA,44.5,M,None
2913,BICY_Marsh,22.6,83.1,174.8,35.5,NA,NA,14,F,None
2914,BICY_Marsh,38.9,137.4,255.8,56.2,NA,NA,55,M,Incomplete tail
2915,BICY_Marsh,40.2,141.3,281.2,60.3,NA,NA,69,M,Bite mark on snout
2916,BICY_Marsh,28.4,108.5,218.4,47.6,NA,NA,34,F,None
2917,BICY_Marsh,27.9,102.4,198.6,44,NA,NA,25.5,M,None
2918,BICY_Marsh,32.8,123,226.1,50.6,NA,NA,43,M,Incomplete tail
2919,BICY_Marsh,34.3,124,240.5,50.9,NA,NA,41,M,Bite marks on tail.
2920,BICY_Marsh,26.6,95,184,37.5,NA,NA,18,M,None
2921,ENP-SS,30.5,114.5,226.7,50.4,NA,NA,43,F,NA
2922,ENP-SS,33,118.8,231,42.1,NA,NA,37.5,F,NA
2923,ENP-SS,29.1,113.1,220.9,47.8,NA,NA,34,F,NA
2924,ENP-SS,31.6,116.2,230,48.8,NA,NA,40,F,NA
2925,ENP-FC,27.5,98,193.5,34.8,NA,NA,19.5,F,NA
2926,ENP-FC,27.5,103.2,205.8,41,NA,NA,26.5,F,NA
2927,ENP-SS,24.6,89.4,178,34.4,NA,NA,17.5,F,NA
2928,ENP-FC,29.1,104.9,209.2,39.8,NA,NA,25,F,NA
2929,ENP-FC,29.3,108.9,213.3,40.1,NA,NA,27.5,F,NA
2930,ENP-SS,32.5,119.3,237,46,NA,NA,48,F,NA
2931,ENP-SS,25.5,88.9,185.1,33.2,NA,NA,17,F,NA
2932,ENP-SS,27.4,99,195.5,40.7,NA,NA,23,F,NA
2933,ENP-SS,29.5,110.1,220.1,45.8,NA,NA,33,F,NA
2934,ENP-FC,27.1,99,194.8,36.1,NA,NA,55,F,NA
2935,ENP-SS,30.8,119.2,233,54.9,NA,NA,37,F,NA
2936,ENP-SS,29.4,106.4,213.6,44.3,NA,NA,30.5,F,NA
2937,ENP-SS,30.1,110,213.7,31.8,NA,NA,21.5,F,NA
2938,ENP-SS,24.5,90.9,185.9,34.9,NA,NA,17,F,NA
2939,ENP-SS,30.7,110.4,220.2,46,NA,NA,34,F,NA
2940,ENP-SS,28.8,106.1,212.9,40.2,NA,NA,27,F,NA
2941,ENP-SS,24.1,91,183.1,34.5,NA,NA,15.3,F,NA
2942,ENP-SS,26.3,99.6,191.9,29.4,NA,NA,18.4,F,NA
2943,WCA2A_Marsh,27.1,98.5,191,35,NA,NA,18,F,None
2944,WCA2A_Marsh,27.7,99.7,201.1,39.5,NA,NA,21,F,None
2945,WCA2A_Marsh,28.6,106.8,212.2,36.5,NA,NA,23,F,None
2946,WCA2A_Marsh,20.4,75.1,152.6,31.6,NA,NA,11.2,F,None
2947,WCA2A_Marsh,19.5,69.8,142.7,25,NA,NA,6.4,M,None
2948,WCA2A_Marsh,28.4,104.7,213.4,41.1,NA,NA,25,F,None
2949,WCA2A_Marsh,25.9,95.7,191.3,34.9,NA,NA,17,F,None
2950,WCA2A_Marsh,22,82.8,169.2,NA,NA,NA,12,F,None
2951,WCA2A_Marsh,26.5,95.9,186.3,35.6,NA,NA,16,M,None
2952,WCA2A_Marsh,25.6,94.6,189.9,32.7,NA,NA,15.2,F,None
2953,WCA2A_Marsh,23.5,86.4,175.1,33.1,NA,NA,13.2,F,Entire right rear leg missing.
2954,WCA2A_Marsh,26.5,95.1,187.5,34.4,NA,NA,16,M,None
2955,WCA2A_Marsh,28,101.3,197.2,39.5,NA,NA,20,M,None
2956,WCA2A_Marsh,27.6,100.4,200.5,38.4,NA,NA,19.5,M,None
2957,WCA2A_Marsh,29.6,109.6,214.4,38.3,NA,NA,25.5,F,None
2958,WCA3A-HD_Marsh,21.9,81,161.1,30.7,NA,NA,10.6,F,None
2959,WCA3A-HD_Marsh,24.4,89.5,175.8,32.6,NA,NA,13.8,F,# 5 Double Right scute missing
2960,WCA3A-HD_Marsh,24.8,89.9,181.5,35.3,NA,NA,16.4,F,None
2961,WCA3A-HD_Marsh,26.9,101,200.1,38.1,NA,NA,16.5,F,None
2962,WCA3A-HD_Marsh,33.9,118.8,237.1,47.1,NA,NA,39,M,None
2963,WCA3A-HD_Marsh,30.9,113.9,229.5,42.5,NA,NA,30,F,None
2964,WCA3A-HD_Marsh,24.6,93.2,184.2,37.8,NA,NA,16.8,F,None
2965,WCA3A-HD_Marsh,18.5,68.3,138.3,26.3,NA,NA,6.6,F,None
2966,WCA3A-HD_Marsh,25.5,94.2,188.9,36.8,NA,NA,15.8,F,None
2967,WCA3A-HD_Marsh,28.5,100.9,201.5,37.8,NA,NA,21,F,None
2968,WCA3A-HD_Marsh,29.3,106.7,214.7,43.6,NA,NA,26,F,None
2969,WCA3A-HD_Marsh,25.4,90.5,183.6,36.1,NA,NA,15,F,None
2970,WCA3A-HD_Marsh,33.8,122.7,239.8,44.5,NA,NA,33.5,M,None
2971,WCA3A-HD_Marsh,24.5,89.2,175.1,36.6,NA,NA,15.4,F,None
2972,WCA3A-HD_Marsh,25.4,90,178.7,35.7,NA,NA,15.2,F,Hole in webbing of right rear foot.
2973,WCA3B_Marsh,31.6,115,221.8,35.5,NA,NA,24.5,M,Missing left front limb.
2974,ENP-FC,26.1,95.2,189.4,34,NA,NA,15.4,M,None
2975,ENP-FC,33.4,123,248.9,49.8,NA,NA,39.5,M,None
2976,ENP-FC,38.6,145,282.4,55.1,NA,NA,66,M,None
2977,ENP-FC,25.3,93,183.6,30.9,NA,NA,16.8,F,None
2978,ENP-FC,27.9,99.3,200.5,37.4,NA,NA,21.5,F,None
2979,ENP-FC,26.8,100.2,209.1,35,NA,NA,19.8,F,None
2980,ENP-FC,28.2,104.3,205.6,41,NA,NA,27.5,F,"Bite marks on back, broken left arm."
2981,ENP-FC,22,82.6,165.3,30.1,NA,NA,10.6,F,None
2982,ENP-FC,29.1,95.5,189.5,34.1,NA,NA,16.6,F,None
2983,ENP-FC,25.3,91.5,181.4,37.2,NA,NA,17.2,F,None
2984,ENP-FC,34.7,123.2,243.2,45.9,NA,NA,38,M,Missing 2 claws on R front foot.
2985,ENP-FC,25.4,88.2,169.7,31.2,NA,NA,11.5,M,None
2986,ENP-FC,23.6,85.1,168.9,28.9,NA,NA,12,F,None
2987,ENP-FC,35.1,129.4,258.7,52.4,NA,NA,49,M,Scars on face.
2988,WCA3B_Marsh,21.5,79.8,158.4,22.5,NA,NA,8.2,F,Growth on right eyelid
2989,WCA3B_Marsh,22.9,83.5,165.8,31.4,NA,NA,11,M,None
2990,WCA3B_Marsh,27.4,97.6,192.5,35.5,NA,NA,16.6,M,None
2991,WCA3B_Marsh,30.5,108.2,212.5,32.5,NA,NA,19.8,M,None
2992,WCA3B_Marsh,23.9,88.8,174.2,31,NA,NA,12.8,F,1 inch hole in chin (skin)
2993,WCA3B_Marsh,31.9,116.2,230.5,40.2,NA,NA,27,M,None
2994,WCA3B_Marsh,26.7,95.2,186.4,30.1,NA,NA,16.2,F,None
2995,WCA3B_Marsh,19.5,70.7,140,23.8,NA,NA,6,M,None
2996,WCA3B_Marsh,26.5,97,191.3,33.2,NA,NA,16.5,F,None
2997,WCA3B_Marsh,26.8,100.9,203.5,38,NA,NA,20,F,None
2998,WCA3B_Marsh,29.2,106.7,202.9,38.6,NA,NA,24,M,None
2999,WCA3B_Marsh,23.5,84.4,168.1,NA,NA,NA,12.4,F,Missing one rear toe with second toe hanging on by skin.
3000,WCA3B_Marsh,30.5,111.1,220.3,39.9,NA,NA,28,M,None
3001,ENP-FC,25.4,94.3,187.4,32.8,NA,NA,15,F,None
3002,ENP-SS,29.9,113.5,220.7,45.1,NA,NA,29.5,F,None
3003,ENP-SS,33,123,245.6,50.4,NA,NA,43,M,None
3004,ENP-SS,27.2,104.3,208.2,36.1,NA,NA,20,F,Right front limb missing from elbow.
3005,WCA3A-N41_Marsh,21.1,75.7,148.5,27.5,NA,NA,8.4,F,None
3006,WCA3A-N41_Marsh,22.2,79,155,32.4,NA,NA,12,F,None
3007,WCA3A-N41_Marsh,25.2,92.4,179.5,31.3,NA,NA,15.2,F,Right Rear foot - hole in webbing like lost tag.
3008,WCA3A-N41_Marsh,29.5,108.5,214.6,40,NA,NA,27,F,None
3009,WCA3A-N41_Marsh,17.6,63.5,125.5,23.6,NA,NA,5,M,None
3010,WCA3A-N41_Marsh,22,81.6,164.2,32.3,NA,NA,12,F,None
3011,WCA3A-N41_Marsh,21.1,75.1,149.9,30.4,NA,NA,8.8,F,None
3012,WCA3A-N41_Marsh,23.8,89.8,177.3,34.9,NA,NA,14.4,M,None
3013,WCA3A-N41_Marsh,21.8,78.1,151.6,29.8,NA,NA,9.5,F,None
3014,WCA3A-N41_Marsh,22.9,83.6,167.5,31.4,NA,NA,11,F,None
3015,WCA3A-N41_Marsh,25.7,94,186.7,35.7,NA,NA,15.6,F,None
3016,WCA3A-N41_Marsh,26.4,97.2,190.4,37.7,NA,NA,18.2,M,None
3017,WCA3A-N41_Marsh,34,126,249.9,50.6,NA,NA,47,M,None
3018,WCA3A-N41_Marsh,24.9,90.6,175.8,36.8,NA,NA,15.2,F,Incomplete tail
3019,WCA3A-N41_Marsh,23.9,87.1,168.2,32.6,NA,NA,13.2,F,None
3020,WCA3B_Marsh,27.5,103.5,210.5,37.4,NA,NA,23.5,F,Skin tag on back and behind rear right leg
3021,WCA3A-TW_Marsh,30.7,111,218.1,43.7,NA,NA,26.5,M,None
3022,WCA3A-TW_Marsh,29.7,107.5,185.5,41.5,NA,NA,26,F,Incomplete tail
3023,WCA3A-TW_Marsh,28.3,104.2,200.2,39.8,NA,NA,22.5,F,Incomplete tail
3024,WCA3A-TW_Marsh,29.4,107.3,212.7,41.6,NA,NA,25,M,None
3025,WCA3A-TW_Marsh,31,110.6,221.2,40.9,NA,NA,27.5,F,None
3026,WCA3A-TW_Marsh,30.2,111.9,222.4,43.1,NA,NA,30,F,Puncture wound on base of tail- Right lateral side
3027,WCA3A-TW_Marsh,26.8,94.9,194.1,37.9,NA,NA,18,M,None
3028,WCA3A-TW_Marsh,32.3,118.5,220.1,41.6,NA,NA,34.5,F,Incomplete tail
3029,WCA3A-TW_Marsh,34.5,124.7,228.1,49.9,NA,NA,45,M,Incomplete tail
3030,WCA3A-TW_Marsh,18.9,67.1,133.7,24.3,NA,NA,5,M,None
3031,WCA3A-TW_Marsh,18.6,66,132,25,NA,NA,5.4,F,None
3032,WCA3A-TW_Marsh,17.6,64.9,128.7,23.7,NA,NA,4.55,F,None
3033,WCA3A-TW_Marsh,30.4,111.8,224.8,40.9,NA,NA,31.5,F,None
3034,WCA3A-TW_Marsh,26.3,97.9,192.6,37.3,NA,NA,18,F,None
3035,Lox_Marsh,27.3,101.1,197.8,34.9,NA,NA,24,F,None
3036,Lox_Marsh,27.7,93.5,186.9,34.9,NA,NA,17,M,None
3037,Lox_Marsh,22,80.2,163.5,28.1,NA,NA,10,M,One hole punched through scute 14 single.
3038,Lox_Marsh,22.9,80.1,164.2,30.2,NA,NA,11.5,F,Damaged tail scute #4 single.
3039,Lox_Marsh,29.5,109.4,213.7,37,NA,NA,27.5,F,None
3040,Lox_Marsh,19.5,68.4,136.9,25,NA,NA,6.3,F,None
3041,Lox_Marsh,21.9,78,157.2,29.6,NA,NA,10,M,"Seriously screwed up scutes. Fourth left double scute missing, 3rd double ??? To left"
3042,WCA3A-TW_Marsh,35,123.4,238.9,48.5,NA,NA,42,M,None
3043,WCA3A-TW_Marsh,24,88.4,164.5,33.6,NA,NA,13.6,M,Incomplete tail
3044,Lox_Marsh,18.6,61.2,125.6,22.7,NA,NA,5,M,4th left double scute has a slight notch in it.
3045,Lox_Marsh,29.5,108.8,221,35.9,NA,NA,25.5,F,None
3046,Lox_Marsh,26.3,95.3,187,34.7,NA,NA,17.5,F,None
3047,Lox_Marsh,18.1,63.5,129.1,23.5,NA,NA,5.8,M,None
3048,Lox_Marsh,26,96.2,187.8,35.6,NA,NA,17.5,M,6th double scute partially removed prior to capture.
3049,Lox_Marsh,29.7,101,195.8,38.4,NA,NA,21,M,None
3050,Lox_Marsh,19.7,70,137.6,26.7,NA,NA,7.3,M,None
3051,Lox_Marsh,21.5,77.5,151.5,27.5,NA,NA,8.5,M,None
3052,BICY_Marsh,28.5,107.5,213.2,44.1,NA,NA,28,F,Hole in left rear webbing.
3053,BICY_Marsh,25.5,92.3,185.1,38.3,NA,NA,18,F,None
3054,BICY_Marsh,30.5,111.7,217.9,43,NA,NA,28,M,None
3055,BICY_Marsh,31.9,114.2,177.6,43.6,NA,NA,31,M,Incomplete tail
3056,BICY_Marsh,25.3,92.7,190.4,36.3,NA,NA,16.8,F,None
3057,BICY_Marsh,24.2,90.9,181,34.8,NA,NA,15.4,M,None
3058,BICY_Marsh,27.5,102.5,201.4,39.3,NA,NA,22,F,None
3059,BICY_Marsh,31.2,111.2,202.7,40.9,NA,NA,29,F,Left back foot has 3 toes. 13 singles on tail. Doubles and singles shredded.
3060,BICY_Marsh,43.5,152,297,64.5,NA,NA,94.5,M,None
3061,BICY_Marsh,27.7,103.1,202.6,38.9,NA,NA,23,F,None
3062,BICY_Marsh,31,114.2,222.3,45.5,NA,NA,30,M,None
3063,BICY_Marsh,21,75.6,148.4,27.6,NA,NA,8.2,M,None
3064,BICY_Marsh,40,144.4,279.5,41,NA,NA,47.5,M,Broken jaw
3065,BICY_Marsh,26.6,98.5,197.9,38.9,NA,NA,21,F,None
3066,BICY_Marsh,41.7,151,296.6,55.4,NA,NA,71,M,2nd single scute cut/missing. Left eye injured not functional.
3067,BICY_Marsh,24.8,91.5,182.5,33.6,NA,NA,14.6,F,None
3068,BICY_Marsh,45.6,158.8,309.5,73.2,NA,NA,119,M,None
3069,ENP-SS,25.4,93.2,188.6,31.4,NA,NA,14.6,F,None
3070,ENP-SS,27.1,100.8,198,32.2,NA,NA,17.4,F,None
3071,ENP-SS,29.4,105.9,202.5,44.8,NA,NA,27.5,F,Incomplete tail
3072,ENP-SS,26.2,96.1,189.6,37.5,NA,NA,18.8,F,None
3073,ENP-SS,34.5,125.4,224.6,48.4,NA,NA,37,M,Incomplete tail
3074,ENP-SS,30,108,214.7,39.3,NA,NA,25,F,None
3075,ENP-SS,27.4,98.6,199.9,37.1,NA,NA,19,F,None
3076,ENP-SS,28.5,104.1,205,40.6,NA,NA,23.5,F,None
3077,ENP-SS,28.5,106.5,214.4,38.4,NA,NA,25,F,None
3078,ENP-SS,27,103.4,205.4,40.9,NA,NA,24,F,None
3079,ENP-SS,35,124.5,243.6,50.6,NA,NA,40.5,M,None
3080,ENP-SS,26.5,100.1,193.7,37.9,NA,NA,19,F,Incomplete tail
3081,ENP-SS,24,89.6,178,33.8,NA,NA,15,F,None
3082,ENP-EST,31.8,112.8,242.2,50.1,NA,NA,48,M,None
3083,ENP-EST,26,95.1,183.6,35.4,NA,NA,19,M,"Right rear foot missing, looks like old wound or maldeveoloped.  4 toes"
3084,ENP-EST,23.8,85.3,171,35.2,NA,NA,14.5,M,None
3085,ENP-EST,35.7,131.9,246.3,33.8,NA,NA,32,M,Severely skinny. Right Rear foot hole in webbing (no tag though)
3086,ENP-EST,36,131,259.2,54.7,NA,NA,55,M,15th single scute missing.
3087,ENP-EST,37.1,131.9,260,57,NA,NA,68,M,None
3088,ENP-EST,23.7,90.4,178.9,36.9,NA,NA,16,M,16th single cut
3089,ENP-EST,24.5,88,179.4,34,NA,NA,16,M,None
3090,ENP-EST,28.8,101.9,208.7,45.1,NA,NA,33,M,Hole in right rear foot middle webbing
3091,ENP-EST,35.5,128.1,247.2,47.5,NA,NA,44,M,Fresh bite marks on tail
3092,ENP-EST,25.8,98.1,193.2,29.9,NA,NA,15.8,F,"scutes rotting, tail rotting, kink in tail, emaciated. Hole in webbing where old tag could've been."
3093,ENP-EST,35.6,128.9,257.5,39.9,NA,NA,40.5,M,None
3094,ENP-EST,27.4,94.9,187.4,35.2,NA,NA,17.6,M,None
3095,ENP-EST,26.9,95.4,191.6,40.6,NA,NA,21,M,None
3096,ENP-EST,27.5,101.4,204.6,39.9,NA,NA,22,M,Snaggle tooth
3097,ENP-EST,35.9,126.8,255,50,NA,NA,48,M,None
3098,ENP-EST,26.9,100.1,198.8,39.9,NA,NA,23.5,M,Hole in webbing right rear foot from old tag location
3099,ENP-EST,31.2,114.4,228.2,45.3,NA,NA,38.5,M,None
3100,ENP-EST,28,101.5,199.7,38.3,NA,NA,23,M,None
3101,WCA3A-HD_Marsh,32.3,119.6,234.5,47,NA,NA,35,M,None
3102,WCA3A-HD_Marsh,21.1,74.9,147.3,27.2,NA,NA,8.25,M,None
3103,WCA3A-HD_Marsh,18.4,67.5,134.1,26.2,NA,NA,7,F,None
3104,WCA3A-HD_Marsh,32,111,221,42.5,NA,NA,32,F,Broken jaw
3105,WCA3A-HD_Marsh,24,88,174.8,33.8,NA,NA,13.2,F,None
3106,WCA3A-HD_Marsh,30.6,113.5,219.4,46.6,NA,NA,33,F,Broken jaw
3107,ENP-EST,30.4,111.5,218.8,49.4,NA,NA,35,F,None
3108,ENP-EST,28.6,100.7,206.3,40,NA,NA,21,M,None
3109,ENP-EST,34,121.7,224.2,49.4,NA,NA,42,M,None
3110,ENP-EST,25,94,181.4,37.6,NA,NA,19.6,F,None
3111,ENP-EST,35.5,128,246.8,34.2,NA,NA,35.5,M,None
3112,ENP-EST,28.1,100.4,196.2,38.1,NA,NA,20.5,M,Missing rear left foot (healed)
3113,ENP-EST,35.1,123.6,249.5,47.3,NA,NA,40,M,None
3114,ENP-EST,34.5,126.6,243.5,37.9,NA,NA,32.5,M,None
3115,ENP-EST,25.3,90,182.6,40.5,NA,NA,18.5,M,None
3116,ENP-EST,27.5,100.2,199.2,41,NA,NA,24,M,None
3117,ENP-EST,31.1,109.4,222.5,46.1,NA,NA,33,M,None
3118,ENP-EST,35.7,131.2,253.7,41.1,NA,NA,45,M,Broken toe on (rt) rear foot.
3119,ENP-EST,25.4,91.5,180.2,32.1,NA,NA,15,F,None
3120,ENP-EST,28.1,99.9,180.8,31.8,NA,NA,18,F,Incomplete tail
3121,ENP-EST,33,121.1,241.4,50.3,NA,NA,41,M,None
3122,ENP-EST,38.1,138.8,274.9,55,NA,NA,70,M,None
3123,ENP-EST,25.2,89.2,175.4,36.6,NA,NA,15.5,M,None
3124,Lox_Marsh,42.5,154.1,282.3,63.2,NA,NA,82,M,Incomplete tail
3125,Lox_Marsh,29.6,105,208.2,36.5,NA,NA,24,F,None
3126,Lox_Marsh,22.1,80.1,162.3,33.7,NA,NA,12.2,F,None
3127,Lox_Marsh,25.4,94.4,183.2,36.2,NA,NA,17.8,M,Single 6 scute has a hole in it.
3128,Lox_Marsh,30.4,109.1,221.2,46.6,NA,NA,30.5,M,None
3129,Lox_Marsh,30.6,108.5,213,40.4,NA,NA,27,F,None
3130,Lox_Marsh,24.2,87,154.5,34.5,NA,NA,13,M,Incomplete tail
3131,Lox_Marsh,18.6,68.9,135.9,25.4,NA,NA,6.4,F,None
3132,Lox_Marsh,33.8,121.3,236.9,38.5,NA,NA,31,M,None
3133,Lox_Marsh,24.5,89.7,179.4,36.3,NA,NA,17,F,None
3134,Lox_Marsh,26.5,100.9,205.1,39.5,NA,NA,21.5,F,None
3135,Lox_Marsh,30.6,112.6,228.8,36.4,NA,NA,25.5,F,None
3136,Lox_Marsh,24,85.2,167.3,34.8,NA,NA,12.6,F,None
3137,Lox_Marsh,25.4,92.6,183.4,36.6,NA,NA,16.4,F,None
3138,Lox_Marsh,30.1,108.9,214,38.3,NA,NA,25.5,F,Damage to Double Right scute 10.
3139,Lox_Marsh,25,90.2,178.6,33.9,NA,NA,14.6,F,None
3140,Lox_L40,31,110.6,218.7,37.8,NA,NA,23.5,M,Single 1 is fused
3141,Lox_L40,26.7,95.7,192.3,38.5,NA,NA,17.2,M,None
3142,Lox_L40,29.6,100.5,202,41.6,NA,NA,22.5,F,None
3143,Lox_L40,26.9,98.6,196.5,38.9,NA,NA,19.5,M,"Bite marks on head, back, tail"
3144,Lox_L40,25.9,94.8,188.2,35.1,NA,NA,16,F,Bite mark on tail
3145,Lox_L40,27,94.5,192.9,41.3,NA,NA,20,F,Missing front left leg
3146,Lox_L40,25.6,90.2,181,37.3,NA,NA,16.5,F,None
3147,Lox_L40,23.3,84.1,166.8,35.6,NA,NA,NA,M,None
3148,Lox_L40,37.3,131.7,256.1,56.4,NA,NA,56.25,M,None
3149,Lox_L40,28.9,106.4,205.3,41.2,NA,NA,24,M,None
3150,Lox_L40,29.5,104.9,205.9,43,NA,NA,25,M,None
3151,Lox_L40,25.7,91.8,185.3,40.5,NA,NA,19.8,F,None
3152,Lox_L40,26.7,92.9,184.7,40.2,NA,NA,20,M,None
3153,Lox_L40,17.7,61.7,125.2,24.9,NA,NA,5,F,None
3154,Lox_L40,29.9,101.7,199.4,34.8,NA,NA,20,F,None
3155,WCA3A-HD_Canal,25,91.1,182.6,35.2,NA,NA,15.8,F,None
3156,WCA3A-HD_Canal,25.2,92,179.2,35.3,NA,NA,15.2,M,None
3157,WCA3A-HD_Canal,26.8,95.8,190.1,39.5,NA,NA,17,M,None
3158,WCA3A-HD_Canal,20.6,73.5,150.3,31.2,NA,NA,9.6,F,ND
3159,WCA3A-HD_Canal,23.9,86.2,180.5,36.4,NA,NA,14.2,F,None
3160,WCA3A-HD_Canal,25.5,87.3,177.1,37.3,NA,NA,15.8,F,None
3161,WCA3A-HD_Canal,34.5,120.5,241.3,53,NA,NA,49,M,None
3162,WCA3A-HD_Canal,25.4,90.5,177.8,38.8,NA,NA,17.2,M,None
3163,WCA3A-HD_Canal,27.8,99.7,200.2,40.5,NA,NA,23,F,None
3164,WCA3A-HD_Canal,29.7,106.7,206,42.4,NA,NA,25.5,F,None
3165,WCA3A-HD_Canal,36.2,132.9,260.5,56.1,NA,NA,55,M,None
3166,WCA3A-HD_Canal,19.2,69.3,138.8,27.9,NA,NA,6.8,F,None
3167,WCA3A-HD_Canal,30.9,115,230,44.7,NA,NA,36,F,None
3168,WCA3A-HD_Canal,17.9,63,125.8,24.3,NA,NA,4.8,F,None
3169,WCA3A-HD_Canal,25.5,89.8,182.6,37.5,NA,NA,15.8,M,None
3170,Lox_L40,40.8,150.3,293.2,62.5,NA,NA,77,M,First single scute slight split down middle.
3171,ENP-EST,25.5,96,187.2,37.9,NA,NA,20,M,None
3172,ENP-FC,28.5,104.5,206,39.8,NA,NA,25.5,F,NA
3173,ENP-SS,27.8,103.3,204.4,33.9,NA,NA,22,F,NA
3174,ENP-SS,27.5,102.2,197.9,44.6,NA,NA,27,F,NA
3175,ENP-SS,30.1,114,223,NA,50.8,NA,40,F,NA
3176,ENP-SS,27.6,100.3,183.9,36.3,NA,NA,33,F,NA
3177,ENP-SS,32.4,120.7,237.1,43.2,NA,NA,40,F,NA
3178,ENP-SS,28.8,111.6,220,45.6,NA,NA,37,F,NA
3179,ENP-SS,27.6,106.2,195.2,48.4,NA,NA,34,F,Incomplete tail
3180,ENP-SS,26.8,101.2,194.8,40.9,NA,NA,23,F,NA
3181,ENP-SS,27.5,103,192,38,NA,NA,22.5,F,NA
3182,ENP-SS,31.7,123.4,236.2,49.3,NA,NA,51,F,NA
3183,ENP-SS,27.6,102.6,200.5,35.5,NA,NA,22,F,NA
3184,Lox_Marsh,26,89,191.5,37.5,NA,NA,19,M,None
3185,Lox_Marsh,19.5,64.1,138.5,25.7,NA,NA,7.1,F,None
3186,Lox_Marsh,25.2,85.2,183.5,30.8,NA,NA,14.5,M,"4th single scute damaged, only a small piece left."
3187,Lox_Marsh,27.4,91.2,190,34.8,NA,NA,20.5,M,None
3188,Lox_Marsh,16,52.7,113.1,20.9,NA,NA,3.9,M,None
3189,Lox_Marsh,28.5,96.1,202,35.5,NA,NA,19.5,M,None
3190,Lox_Marsh,22.5,75.4,162.2,30.6,NA,NA,11.5,F,None
3191,Lox_Marsh,19.3,64.6,135.7,24,NA,NA,6,M,None
3192,Lox_Marsh,26,87,187.7,35.4,NA,NA,16,M,None
3193,Lox_Marsh,21,71.5,154.2,30.5,NA,NA,9.9,F,None
3194,Lox_Marsh,19.2,64,138.9,26.5,NA,NA,7,F,None
3195,Lox_Marsh,35.2,120.1,252,40.6,NA,NA,37.5,M,4th single scute damaged.
3196,Lox_Marsh,26.2,89.2,187.1,32.5,NA,NA,16,F,9th single scute shredded
3197,Lox_Marsh,28.1,96,197.1,32.4,NA,NA,20.5,F,Growth on uppper right lip (small).  Hole in 11th single scute
3198,Lox_Marsh,19.5,56.5,139.8,26.1,NA,NA,7.7,M,None
3199,Lox_Marsh,22.5,76.8,156.3,32,NA,NA,12.5,M,None
3200,ENP-EST,34.6,121,235.7,47.1,NA,NA,40,M,"Growth on side, bite marks on head."
3201,ENP-EST,26.2,92,179.5,34.8,NA,NA,15.4,M,None
3202,ENP-EST,19.8,70.9,143.3,28.4,NA,NA,7.8,F,None
3203,ENP-EST,29.3,102.1,202,36.9,NA,NA,20.5,M,ND
3204,ENP-EST,24.1,83.1,163.4,30.7,NA,NA,12.6,F,ND
3205,BICY_Marsh,37.8,138.1,283.4,58.3,NA,NA,65,M,Missing 2nd and 3rd double
3206,BICY_Marsh,29.6,107.7,212.6,37.3,NA,NA,21.5,M,None
3207,BICY_Marsh,29.4,110.5,217.2,42.7,NA,NA,25.5,M,None
3208,BICY_Marsh,33.7,125.4,233.9,50.4,NA,NA,43,M,Incomplete tail
3209,BICY_Marsh,29.9,108.6,192.5,42.1,NA,NA,28,F,Incomplete tail
3210,BICY_Marsh,28.5,107.8,215.9,42.2,NA,NA,26,M,ND
3211,BICY_Marsh,28.5,109.2,216.9,42,NA,NA,25,M,ND
3212,BICY_Marsh,25.3,92.8,191.1,38.4,NA,NA,17,F,"Bites on tail, mouth banged up."
3213,BICY_Marsh,24.6,92.3,188.1,37.3,NA,NA,17.5,F,None
3214,BICY_Marsh,33.1,121.9,240.6,48.5,NA,NA,39,M,None
3215,BICY_Marsh,28.4,100.1,199.9,39.8,NA,NA,21.5,F,None
3216,BICY_Marsh,29.6,107.2,217.8,42.8,NA,NA,36.5,M,None
3217,ENP-EST,27.4,93.2,193.8,35.8,NA,NA,22.5,F,ND
3218,ENP-EST,33,118.2,245,49.2,NA,NA,NA,M,ND
3219,ENP-EST,23.8,81,180,32.4,NA,NA,15,F,ND
3220,BICY_Marsh,26.2,98.8,196.4,39,NA,NA,20.5,M,ND
3221,BICY_Marsh,27.2,99.1,196.4,39,NA,NA,21,M,None
3222,BICY_Marsh,27.6,104.3,207.1,39,NA,NA,22,F,None
3223,BICY_Marsh,31.8,113,222,42.9,NA,NA,30,M,None
3224,ENP-SS,28.6,105.8,211.2,39.5,NA,NA,23,F,None
3225,ENP-SS,24.6,88.7,175.9,35.9,NA,NA,15,F,None
3226,ENP-SS,29.6,107.6,208.8,41,NA,NA,24,M,Malformed osteoderm on upper left back near arm.
3227,ENP-SS,27.4,100.2,204.2,37.1,NA,NA,20,F,None
3228,ENP-SS,33.3,122.5,246.6,51.3,NA,NA,45,M,None
3229,ENP-SS,28.5,103.2,182.6,35.8,NA,NA,20,F,Incomplete tail
3230,ENP-SS,32,118,225.9,47.9,NA,NA,35,M,None
3231,ENP-SS,27,98.6,195.4,39.5,NA,NA,21.5,F,None
3232,ENP-EST,29.4,105.3,211.4,45.5,NA,NA,34,M,None
3233,ENP-EST,34.1,125.2,244,50,NA,NA,46,M,None
3234,ENP-EST,30.2,111.6,221.1,40.4,NA,NA,27,F,None
3235,ENP-EST,36,124.2,239.2,49.9,NA,NA,49.5,M,None
3236,ENP-EST,34.5,123.7,235.4,43.9,NA,NA,38,M,Spine is raised
3237,ENP-EST,25.3,92.7,186,38.2,NA,NA,19.6,M,None
3238,ENP-EST,30.7,112.5,216.6,41,NA,NA,28,M,None
3239,ENP-EST,28.9,103.2,201.6,39.5,NA,NA,25.5,M,ND
3240,ENP-SS,26.7,96.5,192.2,36.2,NA,NA,17.5,F,None
3241,ENP-SS,27.6,103.3,202.8,40.4,NA,NA,23.5,F,None
3242,ENP-SS,39,138.5,274,50.5,NA,NA,56,M,None
3243,ENP-SS,26.1,94.8,186.9,33.7,NA,NA,15,F,None
3244,ENP-SS,28.6,105.3,206.4,40.4,NA,NA,24.5,F,None
3245,ENP-SS,25.6,91.4,178.3,35,NA,NA,16,M,None
3246,ENP-SS,28,97.7,195.5,33.2,NA,NA,18,F,None
3247,ENP-EST,35.9,126.3,245.4,48.9,NA,NA,45,M,None
3248,ENP-EST,37.1,131.1,250,46.3,NA,NA,48,M,None
3249,ENP-EST,30.4,109.8,216.9,45.5,NA,NA,36,M,None
3250,WCA3A-TW_Marsh,38.1,133.5,266.2,53,NA,NA,53,M,None
3251,WCA3A-TW_Marsh,28,102.5,197.5,43.2,NA,NA,28.5,F,None
3252,WCA3A-TW_Marsh,31.4,110.1,219.2,41.8,NA,NA,29,F,None
3253,WCA3A-TW_Marsh,26.9,96,190.1,34.3,NA,NA,16.4,F,None
3254,WCA3A-TW_Marsh,32.1,112.8,221.4,44.1,NA,NA,35,M,Missing front left foot
3255,WCA3A-TW_Marsh,31.6,111.6,218.6,47.2,NA,NA,34.5,F,None
3256,WCA3A-TW_Marsh,28.9,107,183.9,43.7,NA,NA,29,F,Incomplete tail
3257,WCA3A-TW_Marsh,28.6,102.9,205,41.3,NA,NA,21,M,None
3258,WCA3A-TW_Marsh,21.9,77,152.1,31.5,NA,NA,10,M,None
3259,WCA3A-TW_Marsh,29,103.2,199.5,37.8,NA,NA,21.5,F,Missing digit on (left) front arm.
3260,WCA3A-TW_Marsh,27.5,101.5,196.9,39.6,NA,NA,21,F,Missing nails on 2 digits on each foot.
3261,WCA3A-TW_Marsh,32.2,116.1,224.8,44.4,NA,NA,29,M,None
3262,ENP-FC,24.2,88.6,171.5,32.7,NA,NA,13,M,None
3263,ENP-FC,26,94.8,189.2,41,NA,NA,24,F,None
3264,ENP-FC,26.5,97.9,184.1,36.2,NA,NA,18,F,None
3265,ENP-FC,31.5,121.4,226.6,43.5,NA,NA,30.3,M,None
3266,ENP-FC,33.5,123.4,238.2,44.8,NA,NA,42,M,None
3267,ENP-FC,32.8,121.6,234.5,47.4,NA,NA,37,M,None
3268,ENP-FC,27.4,100.4,199.6,31,NA,NA,20,F,None
3269,ENP-FC,27,101.7,201.5,41.3,NA,NA,23.5,M,None
3270,ENP-FC,23.9,89.1,173.8,36.4,NA,NA,15.4,F,ND
3271,ENP-FC,28.5,106.8,205.2,33.5,NA,NA,20,M,None
3272,ENP-FC,19.5,70.9,143.8,25.5,NA,NA,6.2,F,None
3273,ENP-FC,26.8,99.9,195.5,39.8,NA,NA,22,M,None
3274,ENP-FC,37.4,136.7,261.3,51.4,NA,NA,54,M,None
3275,ENP-FC,28.4,100.4,194.6,39,NA,NA,20.5,M,None
3276,ENP-FC,27.3,93.1,191.4,41.2,NA,NA,21.5,F,None
3277,WCA3A-TW_Marsh,25,88.5,164.8,32.8,NA,NA,13,M,Incomplete tail
3278,WCA3A-HD_Marsh,31.9,112.7,227.6,44.4,NA,NA,31,F,None
3279,WCA3A-HD_Marsh,18.4,63.7,125.5,22.5,NA,NA,6,F,None
3280,WCA3A-HD_Marsh,30.2,111,225.5,49.3,NA,NA,34.5,F,None
3281,WCA3A-HD_Marsh,35.9,123.6,248,52.4,NA,NA,41,M,None
3282,WCA3A-HD_Marsh,25.4,89.9,180.1,35.9,NA,NA,15.4,F,None
3283,WCA3A-HD_Marsh,27,98,190.2,37.7,NA,NA,19.2,F,None
3284,WCA3A-HD_Marsh,26.5,96.6,188.9,39.9,NA,NA,19.6,M,None
3285,WCA3A-HD_Marsh,21.3,76.9,155.4,30.5,NA,NA,10,M,None
3286,WCA3A-HD_Marsh,35,124.4,238,49.8,NA,NA,40.5,M,None
3287,WCA3A-HD_Marsh,23,83.2,164.5,33.8,NA,NA,11.8,M,Missing front right foot
3288,WCA3A-HD_Marsh,31.3,117.6,230.3,47.6,NA,NA,35,F,None
3289,WCA3A-HD_Marsh,26.9,94.9,190.2,40.6,NA,NA,20,F,None
3290,WCA3A-HD_Marsh,27.5,97.9,197.1,38.6,NA,NA,20,F,None
3291,WCA3A-HD_Marsh,19.9,69.4,138.6,25.4,NA,NA,6.2,F,None
3292,WCA3A-HD_Marsh,44.2,151,310.8,63.4,NA,NA,90,M,None
3293,WCA3A-TW_Marsh,42.5,148.6,293.8,61.1,NA,NA,82,M,None
3294,WCA3A-TW_Marsh,28.2,101.2,174.6,39.4,NA,NA,22,M,Incomplete tail
3295,WCA3A-TW_Marsh,27.6,96.2,188,39.3,NA,NA,19,F,None
3296,WCA3A-TW_Marsh,26.6,96.1,189.9,36,NA,NA,19.4,F,Deformed lower jaw.
3297,WCA3B_Marsh,45.1,163.3,308.4,76.4,NA,NA,134,M,Incomplete tail
3298,WCA3B_Marsh,18.8,64.8,125.9,26.4,NA,NA,5.6,F,None
3299,WCA3B_Marsh,25.9,89.9,185.8,32.9,NA,NA,14.2,F,None
3300,WCA3B_Marsh,20.6,72.4,142.9,29.4,NA,NA,7.8,F,None
3301,WCA3B_Marsh,28.7,106.1,204.5,37.4,NA,NA,21.5,M,None
3302,WCA3B_Marsh,19.2,69.8,139.8,26.2,NA,NA,6.6,F,None
3303,WCA3B_Marsh,28,100.9,193.9,31.2,NA,NA,16.2,M,None
3304,WCA3B_Marsh,31.3,108.8,215,40.5,NA,NA,26,M,None
3305,WCA3B_Marsh,18.1,64.2,126.2,24.5,NA,NA,5.3,M,Bad right eye
3306,WCA3B_Marsh,34.3,119,228.2,42.1,NA,NA,32,M,Missing front left arm at shoulder
3307,WCA3B_Marsh,25,90.6,181.1,35.2,NA,NA,16,F,None
3308,WCA3B_Marsh,25.4,93.9,184.4,36.9,NA,NA,16.4,F,None
3309,WCA3B_Marsh,33.4,119.4,237.1,36.5,NA,NA,32,M,None
3310,WCA3B_Marsh,18.9,67.2,133.7,26.3,NA,NA,6.5,F,None
3311,WCA3B_Marsh,24.5,84.8,172.9,32.5,NA,NA,12.5,F,None
3312,WCA2A_Marsh,25.3,89.5,180.1,36,NA,NA,14.8,F,None
3313,WCA2A_Marsh,28.5,103.5,204,39,NA,NA,23,F,None
3314,WCA2A_Marsh,29.8,112,212,42,NA,NA,25.5,M,None
3315,WCA2A_Marsh,32.2,117,226,46,NA,NA,31,M,None
3316,WCA2A_Marsh,26.5,95.9,180,40.5,NA,NA,19,F,Incomplete tail
3317,WCA2A_Marsh,35.1,125.4,239.5,49.8,NA,NA,44,M,Missing front 3 fingers.
3318,WCA2A_Marsh,32.7,118.1,231.5,47.5,NA,NA,34,M,None
3319,WCA2A_Marsh,24.8,91.5,182.7,37.8,NA,NA,16.5,F,None
3320,WCA2A_Marsh,28.9,107.2,210,40.2,NA,NA,23,M,None
3321,WCA2A_Marsh,28.3,99.4,198.4,37.6,NA,NA,21,M,None
3322,WCA2A_Marsh,36.4,130,252.9,50,NA,NA,50.5,M,None
3323,WCA2A_Marsh,38.3,131.8,264.3,54.4,NA,NA,44,M,None
3324,WCA2A_Marsh,23.9,84.6,171.3,33.4,NA,NA,12.8,F,None
3325,WCA2A_Marsh,29.6,103.2,183.5,39,NA,NA,22,M,Incomplete tail
3326,WCA2A_Marsh,34.1,119,227.2,47.9,NA,NA,33.5,M,None
3327,WCA2A_Marsh,27,97.6,193.5,36.9,NA,NA,18.8,F,ND
3328,WCA3A-N41_Marsh,23.5,85,171,35.3,NA,NA,13.8,F,None
3329,WCA3A-N41_Marsh,26.7,98.2,199.1,38.3,NA,NA,23.5,F,None
3330,WCA3A-N41_Marsh,25.3,87.8,174.5,37,NA,NA,14.8,M,None
3331,WCA3A-N41_Marsh,31,110.9,218.1,44.2,NA,NA,26,M,None
3332,WCA3A-N41_Marsh,17.8,63.2,130.6,25.7,NA,NA,5.6,F,None
3333,WCA3A-N41_Marsh,17.8,63,128.6,22,NA,NA,4.5,F,None
3334,WCA3A-N41_Marsh,28.8,104.4,204.6,41.5,NA,NA,25.5,M,ND
3335,WCA3A-N41_Marsh,27,97.2,190.4,35,NA,NA,20.5,F,None
3336,WCA3A-N41_Marsh,21.9,78,160.1,32,NA,NA,11,F,None
3337,WCA3A-N41_Marsh,28.4,102.2,204.4,39.8,NA,NA,23.5,F,None
3338,WCA3A-N41_Marsh,25,93.8,181,37,NA,NA,17.5,F,None
3339,WCA3A-N41_Marsh,25,89.7,180.9,32.6,NA,NA,13.4,F,None
3340,WCA3A-N41_Marsh,28.7,104.2,202.4,38.9,NA,NA,24,F,None
3341,WCA3A-N41_Marsh,19.3,68.2,138,24.8,NA,NA,6.2,F,None
3342,WCA3A-N41_Marsh,26.7,96.4,182.7,35.4,NA,NA,15.4,M,None
3343,WCA3A-N41_Marsh,32.4,118.4,224.4,43,NA,NA,35.4,M,None
3344,WCA3A-N41_Marsh,25.9,92.8,178.4,35.2,NA,NA,16.3,F,None
3345,BICY_Marsh,27.4,102.6,203.6,41.4,NA,NA,22,M,None
3346,BICY_Marsh,32.2,120.3,238.1,48.8,NA,NA,40.5,M,None
3347,BICY_Marsh,24.4,91.5,179.8,37.7,NA,NA,16.2,M,None
3348,BICY_Marsh,32.4,115.1,227.1,46.4,NA,NA,33,M,None
3349,BICY_Marsh,25,91.5,159,38.2,NA,NA,16.4,F,Incomplete tail
3350,BICY_Marsh,25.9,98.9,196.5,41.2,NA,NA,20,F,None
3351,BICY_Marsh,26.7,96.9,194.3,36.9,NA,NA,17.5,F,None
3352,BICY_Marsh,29.5,103.2,201.8,39.4,NA,NA,22,M,None
3353,BICY_Marsh,27.2,101.2,200.2,39,NA,NA,20,F,None
3354,BICY_Marsh,30.7,108.6,210.2,39.7,NA,NA,24,M,None
3355,BICY_Marsh,25.2,89.3,176.2,35.8,NA,NA,15,M,None
3356,BICY_Marsh,26.8,96.9,199.4,39.9,NA,NA,22,F,None
3357,BICY_Marsh,29.5,104.7,206.2,38.8,NA,NA,24,M,None
3358,BICY_Marsh,32.2,117.8,234,43.4,NA,NA,33,M,None
3359,BICY_Marsh,20.5,71.1,139.7,26.4,NA,NA,7,F,None
3360,BICY_Marsh,24.7,92.4,181.7,34,NA,NA,16.5,F,None
3361,BICY_Marsh,29.7,106.9,214,42.5,NA,NA,27,M,None
3362,BICY_Marsh,28,100.5,199.8,37.6,NA,NA,20,M,None
3363,Lox_Marsh,31,109.1,214.5,40.9,NA,NA,28,M,None
3364,Lox_Marsh,29,102,212,37.5,NA,NA,22.5,F,Incomplete tail
3365,Lox_Marsh,29.5,106.5,209.5,37.5,NA,NA,25,M,None
3366,Lox_Marsh,23.8,86.8,174.5,31.1,NA,NA,13,F,None
3367,Lox_Marsh,17,59.7,120,23,NA,NA,4.7,F,None
3368,Lox_Marsh,28.7,106.2,209.8,36.8,NA,NA,25,F,None
3369,Lox_Marsh,20.8,73.8,150.1,27.9,NA,NA,9.3,F,None
3370,Lox_Marsh,22.5,77.6,161.5,30,NA,NA,11,F,None
3371,Lox_Marsh,29.5,108,212.5,36.5,NA,NA,26.5,F,None
3372,ENP-SS,36,127.9,249.5,48.1,NA,NA,43,M,None
3373,ENP-SS,28.7,111,219.4,42.6,NA,NA,27,M,None
3374,ENP-SS,27.9,104.2,204.4,42.3,NA,NA,25.5,F,None
3375,ENP-SS,25,93.2,183,33.7,NA,NA,15.2,F,None
3376,ENP-SS,24.1,88.9,177.4,37.5,NA,NA,15.4,F,None
3377,ENP-SS,22.3,86.9,168.4,34.3,NA,NA,14,F,None
3378,ENP-SS,32.3,116.6,225.7,45.9,NA,NA,31.5,M,None
3379,ENP-SS,29.5,107,211.5,44,NA,NA,27,M,None
3380,ENP-SS,20.9,76.8,152.9,29.2,NA,NA,9.2,F,None
3381,ENP-SS,36.8,130,256,55.9,NA,NA,56.5,M,None
3382,ENP-SS,22.1,83.2,164.8,32.4,NA,NA,12.2,M,None
3383,ENP-SS,35.9,129.2,257.6,51.3,NA,NA,48,M,None
3384,ENP-SS,27.8,105.2,211.1,33.5,NA,NA,20,F,None
3385,ENP-SS,28.1,107.1,203.2,43.4,NA,NA,30,F,Incomplete tail
3386,ENP-SS,22.8,86.9,172.8,29,NA,NA,11.9,F,None
3387,ENP-SS,29.5,109.3,215.3,38.5,NA,NA,25.5,F,None
3388,Lox_Marsh,31.6,116.4,232.2,43.9,NA,NA,33.5,F,None
3389,Lox_Marsh,40.5,138.1,275.6,50.9,NA,NA,51,M,None
3390,Lox_Marsh,22.5,81.1,161.8,33.4,NA,NA,11.5,F,None
3391,Lox_Marsh,27.4,99.2,203.3,40.4,NA,NA,23.5,F,None
3392,Lox_Marsh,27.1,96.6,193.1,38.1,NA,NA,19,M,None
3393,Lox_Marsh,31.8,109.2,216.5,36.8,NA,NA,24,F,None
3394,Lox_Marsh,25.5,94.5,185.5,37.5,NA,NA,17.5,M,None
3395,ENP-EST,35.8,135.6,261.5,48.6,NA,NA,47,M,None
3396,ENP-EST,37,130.6,258.1,55.3,NA,NA,59,M,None
3397,ENP-EST,33.5,122.6,241.2,43.9,NA,NA,35,M,None
3398,ENP-EST,29.5,106.7,213.6,40.5,NA,NA,27,F,None
3399,ENP-EST,35.6,129.5,248.4,51,NA,NA,45.5,M,None
3400,ENP-EST,32.5,113,216.8,49.1,NA,NA,34,M,None
3401,ENP-FC,23.9,86,170.7,33.5,NA,NA,13.2,F,None
3402,ENP-FC,24.1,86.9,177.6,32.5,NA,NA,14.8,F,None
3403,ENP-FC,29.1,104,203.7,42,NA,NA,25.5,M,None
3404,ENP-FC,29.9,108.9,210.6,41.2,NA,NA,27,M,None
3405,ENP-FC,23.1,82.8,168.3,33.6,NA,NA,12.2,F,None
3406,ENP-FC,20.6,76,150,27.1,NA,NA,8.2,F,None
3407,ENP-FC,19.6,70.3,139.6,27.6,NA,NA,6.5,M,Missing right rear leg
3408,ENP-FC,33.2,121.9,234.2,46.8,NA,NA,33,M,None
3409,ENP-FC,26.8,97.3,196.7,41.1,NA,NA,20,F,None
3410,ENP-FC,22.9,81.8,162.5,33.9,NA,NA,11.5,F,None
3411,ENP-FC,25.2,89.7,173.2,34.8,NA,NA,13.5,M,None
3412,ENP-FC,26.2,93,191.4,38.3,NA,NA,17.5,M,None
3413,ENP-FC,21.3,76.8,154.7,31,NA,NA,9.8,F,None
3414,ENP-FC,24.5,87.9,176.7,36.5,NA,NA,14.6,F,None
3415,ENP-FC,21.8,77,153.6,30,NA,NA,9.2,F,None
3416,ENP-FC,23.7,89.9,171.5,39.9,NA,NA,18,F,None
3417,ENP-EST,28.4,105.1,203.4,33.4,NA,NA,18.5,F,None
3418,ENP-EST,36,137.5,265,46.7,NA,NA,45,M,None
3419,ENP-EST,24.3,87.5,173.9,34.6,NA,NA,13.4,M,None
3420,ENP-EST,30.3,107.6,208.9,45,NA,NA,28,M,None
3421,BICY_Marsh,28.7,109.9,215.2,47.8,NA,NA,31.5,F,NA
3422,ENP-FC,27.4,105.4,204,46.1,NA,NA,28,F,NA
3423,ENP-SS,26.9,97.4,188,41.4,NA,NA,22,F,NA
3424,ENP-SS,28.5,105,206,45.5,NA,NA,29,F,NA
3425,ENP-SS,29.7,110.9,212.9,41.9,NA,NA,30,F,NA
3426,ENP-FC,27.9,108.5,211.2,42.7,NA,NA,32,F,NA
3427,ENP-SS,33.5,126.4,239,42.4,NA,NA,39.5,F,NA
3428,ENP-FC,27.1,102.9,196.3,38.8,NA,NA,24,F,NA
3429,ENP-SS,29.7,113.2,223.7,47.9,NA,NA,35.5,F,NA
3430,BICY_Marsh,27.1,102,201.3,42,NA,NA,24,F,NA
3431,ENP-FC,25.4,95.4,184.8,36.5,NA,NA,19.4,F,NA
3432,ENP-SS,29,106,206,36.9,NA,NA,23.5,F,NA
3433,ENP-FC,25.8,96.8,190.4,35.5,NA,NA,19.1,F,NA
3434,ENP-SS,28.5,106.8,208.2,41.4,NA,NA,25.5,F,NA
3435,ENP-SS,28,107.8,214.1,40.3,NA,NA,27,F,NA
3436,ENP-SS,29,106.6,212.3,41.5,NA,NA,32.5,F,NA
3437,ENP-SS,31.9,117.8,232.9,45.1,NA,NA,35.5,F,NA
3438,Lox_Marsh,23,81,163.3,33.2,NA,NA,13,F,Normal
3439,Lox_Marsh,25.8,95.3,191,35.5,NA,NA,18,F,N/A
3440,Lox_Marsh,22.5,80,155.5,NA,NA,NA,10.5,M,N/A
3441,Lox_Marsh,21,75.5,149.5,29.6,NA,NA,9.5,F,6th left double already missing
3442,Lox_Marsh,29.5,104.6,205,29,NA,NA,20,F,7th single is notched
3443,Lox_Marsh,29.5,106.5,215.3,37.5,NA,NA,23.5,F,other double scutes damaged: 9th right double
3444,Lox_Marsh,19,68.7,139.9,25.1,NA,NA,6.2,M,N/A
3445,Lox_Marsh,28,96.6,192.1,36.8,NA,NA,20.5,M,N/A
3446,Lox_Marsh,23.5,84.9,170.8,32.9,NA,NA,13.5,F,N/A
3447,Lox_Marsh,25,90,180,33,NA,NA,16.5,F,3rd single scute has notch
3448,Lox_Marsh,19.2,68.4,138.3,25,NA,NA,7,M,8th single has piece missing
3449,Lox_Marsh,23.5,85.6,175.1,32.5,NA,NA,13.5,F,11th single is notched
3450,Lox_Marsh,30,108.9,214.2,39.2,NA,NA,28,F,N/A
3451,Lox_Marsh,28.5,99.5,195.1,25.6,NA,NA,15,F,N/A
3452,Lox_Marsh,36.2,129.2,249.7,43.5,NA,NA,38.5,M,"1st single + 4th, 6th right double + 5th left double scutes damaged"
3453,ENP-SS,39.8,142.6,282.9,54,NA,NA,66,M,N/A
3454,ENP-SS,27,101,204.3,41.8,NA,NA,23.5,F,N/A
3455,ENP-SS,28.8,108.4,212.6,35.2,NA,NA,23,F,n/a
3456,ENP-SS,34.3,124.8,250.1,51.8,NA,NA,52,M,Incomplete tail
3457,ENP-SS,27.1,102.7,211.2,42.5,NA,NA,23.5,M,N/A
3458,ENP-SS,38.5,140.1,235.3,49,NA,NA,58,M,Incomplete tail
3459,ENP-SS,31.6,117.9,230,40.6,NA,NA,33,F,N/A
3460,ENP-SS,29.1,105.5,206.6,38.4,NA,NA,23,M,N/A
3461,ENP-FC,26.7,97.6,193.6,37.9,NA,NA,18.5,M,double right + double left five scutes missing  (DL5 + DR5)
3462,ENP-FC,23.8,90.1,180.9,36.6,NA,NA,17.6,F,N/A
3463,ENP-FC,25.7,96.2,192.2,36.4,NA,NA,17.8,F,N/A
3464,ENP-FC,28,100.2,197.3,39.6,NA,NA,22,F,N/A
3465,ENP-FC,28.4,103.3,205.5,39.8,NA,NA,21,M,N/A
3466,ENP-FC,28.9,105.6,207.2,42.2,NA,NA,24.5,M,N/A
3467,ENP-FC,30.8,113.3,222.8,45.3,NA,NA,31,M,N/A
3468,ENP-FC,33.4,120.5,238.1,42.4,NA,NA,32.5,M,N/A
3469,ENP-FC,27.6,98.6,198.8,30.6,NA,NA,16,F,N/A
3470,ENP-FC,34.7,129.3,259.1,54,NA,NA,45,M,N/A
3471,ENP-FC,40.1,152.4,286.6,57.4,NA,NA,70,M,N/A
3472,ENP-FC,25.1,91.6,183.6,34.1,NA,NA,15.2,F,N/A
3473,ENP-FC,32.8,122.2,237.3,45.2,NA,NA,39.5,M,"hole in tag, possible lost tag; also missing both 2nd and 3rd tip of fingers"
3474,ENP-FC,24.6,89.8,182.2,35.5,NA,NA,17.4,F,N/A
3475,ENP-FC,22.2,79.4,155.1,28,NA,NA,9.2,F,N/A
3476,ENP-SS,26.9,101.6,200,40.5,NA,NA,24,F,N/A
3477,ENP-SS,26.8,97.4,191.1,35.5,NA,NA,18,F,N/A
3478,ENP-SS,23.9,90.6,176.7,31.8,NA,NA,13.4,F,N/A
3479,ENP-SS,24.1,89.1,182.4,37.7,NA,NA,17.8,F,N/A
3480,ENP-SS,30.5,114.1,226.1,42.8,NA,NA,27,M,N/A
3481,ENP-SS,29.8,109.6,213.2,42.9,NA,NA,28,M,N/A
3482,ENP-SS,25.4,93,183.5,32.6,NA,NA,16,F,N/A
3483,BICY_Marsh,24.1,90.8,171,33.2,NA,NA,15,F,N/A
3484,BICY_Marsh,25,92.6,180.5,36.7,NA,NA,16.6,M,N/A
3485,BICY_Marsh,25.7,95,188.3,39.2,NA,NA,18.8,F,N/A
3486,BICY_Marsh,31.7,110.8,207.8,38.4,NA,NA,24,M,N/A
3487,BICY_Marsh,39.7,135.5,266.7,58.4,NA,NA,72,M,7S missing
3488,BICY_Marsh,40,125,255.1,53.4,NA,NA,60,M,Incomplete tail
3489,BICY_Marsh,38,132,264.4,56.1,NA,NA,62,M,N/A
3490,BICY_Marsh,26.5,99,200.9,39.9,NA,NA,22.5,F,N/A
3491,BICY_Marsh,35.7,128.3,254.6,46.1,NA,NA,52,M,N/A
3492,BICY_Marsh,17.8,63.7,126.7,23.5,NA,NA,4.6,F,N/A
3493,BICY_Marsh,32.8,116.1,236.1,50.6,NA,NA,38.5,M,N/A
3494,BICY_Marsh,28.7,102.2,200.9,40.9,NA,NA,22,M,N/A
3495,BICY_Marsh,27.4,96.8,184.6,38.1,NA,NA,18,M,"hole in weebing on right rear foot where tag could have been, possible recapture"
3496,BICY_Marsh,30.4,112.5,218.6,42.5,NA,NA,20.5,M,N/A
3497,BICY_Marsh,24.8,91.1,182.2,34.2,NA,NA,15.2,F,N/A
3498,ENP-EST,27.5,99.5,198.8,39.5,NA,NA,20.5,M,N/A
3499,ENP-EST,30.5,116.4,240.8,48.2,NA,NA,37,M,N/A
3500,ENP-EST,32.1,114.5,215.3,48,NA,NA,36,M,Incomplete tail
3501,ENP-EST,37.5,129.5,276.7,59.8,NA,NA,62,M,N/A
3502,ENP-EST,34.1,118,240,48,NA,NA,43,M,Missing front right foot; hole where web tag would be in right foot
3503,ENP-EST,27.8,103.2,208,44,NA,NA,31,M,eye membrane is cloudy
3504,ENP-EST,23.9,90,185,41.5,NA,NA,21.5,F,N/A
3505,ENP-EST,30.1,111.5,226,47,NA,NA,37,M,N/A
3506,ENP-EST,33.2,121.5,241,49.5,NA,NA,44,M,scars on top of jaw; scar on right rear leg
3507,ENP-EST,38.2,135.6,261.4,52.9,NA,NA,58,M,missing right foot & S-6 looks cut?
3508,ENP-EST,32.9,114.1,224.4,45.7,NA,NA,36,M,hole in web and S-16 looks cut
3509,ENP-EST,29.5,109,207.8,42.8,NA,NA,26,M,Broken jaw
3510,ENP-EST,29.1,109,223,44.5,NA,NA,32,M,web tag hole right rear foot; scute cut too
3511,ENP-EST,39.5,140.6,277,52.4,NA,NA,64,M,"S-1 looks cut? Possibly a bit skinny- not emaciated; a long gash/hole across jaw, a big dent possibly a bite wound that healed"
3512,ENP-EST,33.5,119.5,236.5,49.8,NA,NA,42.5,M,"has hole where web tag should be, S-5 cut? Possibly"
3513,ENP-EST,32.2,119.2,235.3,48.7,NA,NA,42,M,Missing single S-5 scute. S1 is half cut
3514,ENP-EST,34.2,119.8,212.6,42.7,NA,NA,34,M,Incomplete tail
3515,ENP-EST,27.6,98.4,190.6,39.7,NA,NA,19.2,M,NA
3516,ENP-EST,32.7,119.3,232.7,49.9,NA,NA,42,M,NA
3517,WCA3A-HD_Marsh,30.8,111,214,37.1,NA,NA,26,F,N/A
3518,ENP-EST,39.2,138.5,270.6,59.7,NA,NA,73,M,NA
3519,ENP-EST,30.6,112.4,221.1,43.1,NA,NA,32,M,NA
3520,Lox_Marsh,27,95,191.6,33.8,NA,NA,17,M,NA
3521,Lox_Marsh,22,80.7,162.6,31,NA,NA,12,F,NA
3522,Lox_Marsh,27.5,94.7,187,35.1,NA,NA,17,M,NA
3523,Lox_Marsh,24.5,85.3,171.2,30.1,NA,NA,12.5,F,NA
3524,Lox_Marsh,22,79.6,162.9,29.5,NA,NA,10.5,M,NA
3525,Lox_Marsh,16.7,58.4,109.1,21.5,NA,NA,5.1,F,Incomplete tail
3526,Lox_Marsh,29.5,105.4,212.1,30.4,NA,NA,20,F,NA
3527,Lox_Marsh,29.5,109.6,212,34.3,NA,NA,24.5,F,Towards skinny
3528,Lox_Marsh,16.6,56.8,116.5,21.5,NA,NA,3.25,F,NA
3529,Lox_Marsh,26.2,91.5,197.5,36,NA,NA,17,M,NA
3530,Lox_Marsh,21.2,75.7,147,27.9,NA,NA,9.15,M,NA
3531,Lox_Marsh,29,107.2,214.5,35.4,NA,NA,23,F,"Tail is not plump, neck is slightly sunken, some leeches"
3532,Lox_Marsh,20.6,71,150,28,NA,NA,8.8,F,Some leeches
3533,Lox_Marsh,27,96,196.7,34.5,NA,NA,18.5,F,N/A
3534,Lox_Marsh,26,94.5,185.5,33.8,NA,NA,15.5,F,Covered with leeches
3535,Lox_Marsh,26.3,94,186.1,31,NA,NA,16,F,"Missing front left leg, probably bitten off"
3536,Lox_Marsh,24,86.7,171.6,32,NA,NA,14,M,N/A
3537,ENP-EST,27.5,103.8,198.1,39.9,NA,NA,23,M,Right rear foot clubbed
3538,ENP-EST,32.2,121.2,245.4,53,NA,NA,49,M,Missing middle digit on front right foot
3539,ENP-EST,32,121.4,215,51.1,NA,NA,42.5,M,Incomplete tail
3540,ENP-EST,26.4,95.8,193.8,37.4,NA,NA,18,M,N/A
3541,ENP-EST,31.9,116.1,231.7,48.6,NA,NA,37,M,N/A
3542,ENP-EST,31.3,114.6,223.5,45,NA,NA,32,M,bite wounds on tail
3543,ENP-EST,22.5,82.6,164.4,35,NA,NA,12.75,F,N/A
3544,ENP-EST,26.6,100.1,196.5,41.8,NA,NA,25,M,N/A
3545,ENP-EST,29.1,104,214.8,44.6,NA,NA,26,M,N/A
3546,ENP-EST,24.9,93,186,37.1,NA,NA,16.8,M,N/A
3547,WCA3A-HD_Marsh,28.4,103,200.4,39.9,40.5,NA,24.5,F,N/A
3548,WCA3A-HD_Marsh,24.4,89.2,181,35.6,35.9,NA,14.5,F,N/A
3549,WCA3A-HD_Marsh,42.6,146,287.3,46.9,53.7,NA,49,M,Really skinny
3550,WCA3A-HD_Marsh,28.8,100.5,201.3,39.6,38.7,NA,13.2,F,broken tail?
3551,WCA3A-HD_Marsh,26.6,97.9,189.9,38.4,38.7,NA,12.4,F,N/A
3552,WCA3A-HD_Marsh,30.9,110.2,223.2,45,44.2,NA,32,F,N/A
3553,WCA3A-HD_Marsh,30.5,110.1,215.8,35.4,37.5,NA,21.5,F,Missing toes on FR foot
3554,WCA3A-HD_Marsh,30.9,109.9,211.1,45.5,44.1,NA,27,M,N/A
3555,WCA3A-HD_Marsh,40.8,140.3,275,37.4,41.7,NA,36,M,Really skinny
3556,ENP-FC,28.4,105.3,207.1,39.3,NA,NA,22,M,N/A
3557,ENP-FC,32.8,122.5,241.7,51,NA,NA,43,M,wounds on tail
3558,ENP-FC,36.7,131,256.1,53.4,NA,NA,50.4,M,N/A
3559,ENP-FC,22.8,84.2,166.2,30.6,NA,NA,12.2,M,N/A
3560,ENP-FC,28.1,105.1,207.4,40.7,NA,NA,23.5,M,N/A
3561,ENP-FC,37.8,136.4,273.6,62.6,NA,NA,69,M,N/A
3562,WCA3A-HD_Marsh,31.5,113.8,226,39.5,45.8,NA,28.5,F,missing middle digit on left rear foot
3563,WCA3A-HD_Marsh,22.7,82.1,163.3,33.9,35,NA,12,F,N/A
3564,WCA3A-HD_Marsh,33.3,119.1,239.1,50.1,50.4,NA,40.5,F,Broken jaw
3565,WCA3A-HD_Marsh,25.8,90.5,176.1,38,41.7,NA,16,F,N/A
3566,Lox_Marsh,20,72,146.6,28,NA,NA,7.5,F,N/A
3567,Lox_Marsh,22.5,81.6,164.3,30.7,NA,NA,11.5,F,N/A
3568,Lox_Marsh,22.8,82.9,165.2,34.4,NA,NA,12.5,F,N/A
3569,Lox_Marsh,29.9,104.9,209.5,41.3,NA,NA,23,M,N/A
3570,Lox_Marsh,24.2,87,176.6,34.2,NA,NA,14,F,N/A
3571,Lox_Marsh,17.8,64.3,127.3,25.1,NA,NA,4.8,M,N/A
3572,ENP-FC,34.2,122.6,244.6,48.5,NA,NA,41,M,bite marks on left rear leg
3573,ENP-FC,28.9,107.3,207.4,44.4,NA,NA,28,M,N/A
3574,ENP-FC,27.8,101,203.5,35.2,NA,NA,19,M,N/A
3575,ENP-FC,23.6,82.6,169.1,31.1,NA,NA,11.2,F,N/A
3576,ENP-FC,34.4,122.7,240.9,53.5,NA,NA,47,M,Scar on left dorsal surface
3577,ENP-FC,21.6,81.2,162.3,26.4,NA,NA,10.5,F,N/A
3578,ENP-FC,24.5,89.3,177.2,34.8,NA,NA,15.6,M,N/A
3579,ENP-FC,22.5,85.4,171.3,32.7,NA,NA,12,M,N/A
3580,ENP-FC,27.7,104,209,41,NA,NA,21.5,M,N/A
3581,WCA3A-HD_Marsh,25.7,100.1,199.5,37.7,NA,NA,18.5,F,N/A
3582,WCA3A-HD_Marsh,20.2,70.8,140,26.4,NA,NA,6.5,M,N/A
3583,ENP-SS,26.5,98.5,195.1,39.8,NA,NA,21,F,N/A
3584,ENP-SS,26.2,95.1,190.5,34.2,NA,NA,17.6,F,N/A
3585,ENP-SS,27.7,105.8,215.7,35.4,NA,NA,21.5,F,N/A
3586,ENP-SS,22.1,83.1,165.1,31.9,NA,NA,11.4,F,N/A
3587,ENP-SS,26.4,97.5,195.6,35.4,NA,NA,17.25,F,N/A
3588,ENP-SS,26.5,100.9,201,36.8,NA,NA,20.5,F,N/A
3589,ENP-SS,35.2,129.5,237.5,52.5,NA,NA,49,M,Incomplete tail
3590,ENP-SS,35,125,244.9,49.9,NA,NA,42,M,N/A
3591,ENP-SS,26.5,96.1,193,27.2,NA,NA,13.2,F,N/A
3592,ENP-SS,29.3,106,214.5,41.5,NA,NA,26,F,N/A
3593,ENP-SS,24.7,92.3,186.5,36.2,NA,NA,17.2,F,N/A
3594,ENP-SS,29.2,107.6,208.8,43.1,NA,NA,25,F,N/A
3595,ENP-SS,29.4,106.5,212.3,42.1,NA,NA,25.4,F,N/A
3596,ENP-SS,30.1,117,224.5,50.4,NA,NA,42,F,NA
3597,ENP-SS,30,110.9,212.7,49.4,NA,NA,31.1,F,NA
3598,ENP-SS,27.4,102.4,196.4,36,NA,NA,21.5,F,NA
3599,ENP-SS,29.5,118.7,222.5,42.2,NA,NA,35.1,F,NA
3600,ENP-SS,30.7,114.6,216.9,40.5,NA,NA,31.5,F,NA
3601,ENP-SS,29.5,109.1,201,36.4,NA,NA,24,F,NA
3602,ENP-SS,28.4,103.2,203.5,37.4,NA,NA,21.5,F,NA
3603,ENP-FC,27,104.4,206.7,39.4,NA,NA,24.5,F,NA
3604,ENP-SS,26.6,104.9,197,45.1,NA,NA,29.5,F,NA
3605,ENP-SS,22.8,82.3,170.9,29.7,NA,NA,10.75,F,ND
3606,ENP-SS,24.5,92.4,184.4,33.1,NA,NA,15,F,ND
3607,ENP-SS,29.8,112.3,216.5,43,NA,NA,29,F,ND
3608,ENP-SS,26.4,95.8,194.6,38,NA,NA,19.5,F,ND
3609,ENP-FC,39,139.5,266.2,49.7,NA,NA,55,M,ND
3610,ENP-FC,26.4,94.6,185.9,37.6,NA,NA,17.4,F,ND
3611,ENP-FC,25.5,95.7,191,35.2,NA,NA,17,F,S-7 missing
3612,ENP-FC,40.1,145.7,294.9,63,NA,NA,80,M,battle wounds on head and tail
3613,ENP-FC,30,107.5,202.6,37,NA,NA,25.5,F,ND
3614,ENP-FC,26.4,94.5,186.5,35.7,NA,NA,20.25,F,ND
3615,ENP-FC,24.5,90.5,181.7,33.5,NA,NA,15,F,ND
3616,ENP-FC,38.2,139.4,274.3,56.7,NA,NA,62,M,ND
3617,ENP-EST,32.9,119.5,236,46.5,NA,NA,37,M,has a hole on right rear leg were tag should be. Scar on top of mouth
3618,ENP-EST,35.4,132.3,259.9,53.5,NA,NA,52,M,has hole in web tag
3619,ENP-EST,35.3,126.5,249.5,36.8,NA,NA,37,M,ND
3620,ENP-EST,23.1,87,176.5,34.9,NA,NA,13.7,F,ND
3621,ENP-EST,32.8,119.9,243.5,48.3,NA,NA,35,M,ND
3622,ENP-EST,32.3,NA,227.5,44.8,NA,NA,35,M,hole in foot but no tag
3623,ENP-EST,34.5,125,250.3,53,NA,NA,51,M,ND
3624,ENP-EST,25.6,95.2,188.5,34.5,NA,NA,15.8,M,Missing past knee (old injury and healed)
3625,ENP-EST,33.4,125,247.5,51.5,NA,NA,46,M,ND
3626,ENP-EST,30.3,111.1,216.4,42.3,NA,NA,30,M,single 3 half torn off
3627,WCA3A-HD_Marsh,16.8,60.1,123.6,22.4,NA,NA,4.2,F,ND
3628,WCA3A-HD_Marsh,40.2,136.6,266.6,43.4,NA,NA,47,M,ND
3629,ENP-SS,43.3,155.6,303.5,56,NA,NA,73,M,NA
3630,ENP-SS,37.5,139.6,270.7,55.2,NA,NA,56.8,M,ND
3631,ENP-SS,26.8,100.7,196.5,34.8,NA,NA,17,F,ND
3632,ENP-SS,42.2,150.9,304.1,57.4,NA,NA,72,M,front left foot missing
3633,ENP-SS,28.9,108.4,218.6,43.8,NA,NA,25.8,F,Incomplete tail
3634,ENP-SS,31.2,112.2,226.5,42.4,NA,NA,31,F,ND
3635,ENP-FC,24.2,89.4,178.6,33.2,NA,NA,15,F,ND
3636,ENP-FC,28,102.4,204.5,39,NA,NA,20.15,F,ND
3637,ENP-SS,36.4,134.3,274.4,49,NA,NA,47,M,ND
3638,ENP-SS,25.9,95.7,186.7,35.6,NA,NA,18.8,F,hole in top of snout
3639,ENP-SS,28.9,110,205.5,39.1,NA,NA,24.5,F,Incomplete tail
3640,ENP-FC,25.7,95.4,189,37,NA,NA,17.5,M,ND
3641,BICY_Marsh,36.2,127,255,49.8,NA,NA,42,M,ND
3642,BICY_Marsh,38,136.1,268.9,56.4,NA,NA,57,M,ND
3643,BICY_Marsh,32,111.4,212.3,43,NA,NA,29,M,ND
3644,BICY_Marsh,39,135,258.2,53.1,NA,NA,58.2,M,ND
3645,BICY_Marsh,27.3,102,196.5,41.2,NA,NA,24,F,ND
3646,BICY_Marsh,28,105.8,209.1,38.4,NA,NA,22,M,ND
3647,BICY_Marsh,32.4,116,222.3,41.2,NA,NA,28,M,ND
3648,BICY_Marsh,30.3,106.8,210,40,NA,NA,24.5,M,ND
3649,BICY_Marsh,23.7,90,176.6,34.3,NA,NA,15,M,ND
3650,BICY_Marsh,30.4,115,229,41.9,NA,NA,27,M,ND
3651,BICY_Marsh,26.2,97.6,199.6,39.4,NA,NA,22,M,missing top part of snout
3652,BICY_Marsh,33.2,120,237.1,46,NA,NA,35.5,M,ND
3653,BICY_Marsh,33.8,120.4,231.1,47.3,NA,NA,35,M,ND
3654,BICY_Marsh,27.8,98.9,196.3,38.1,NA,NA,20,M,ND
3655,BICY_Marsh,25.5,92.9,187.9,34.4,NA,NA,15.4,F,broken jaw
3656,BICY_Marsh,27.2,109.2,201.1,39,NA,NA,19.6,M,singles 8&9 missing- old wound
3657,ENP-EST,36,130.8,255.7,57.5,NA,NA,57.4,M,"Small injuries on front, left leg.  Gashes on osteoderms"
3658,ENP-EST,29.4,111.5,218,44.8,NA,NA,30.5,M,None
3659,ENP-EST,28.8,104.6,201.3,40,NA,NA,26,M,None
3660,ENP-EST,36.3,135.3,266.1,35.3,NA,NA,34,M,Extremely emaciated
3661,ENP-EST,28.2,104,205.1,43.5,NA,NA,23,F,None
3662,ENP-FC,22.9,84.4,167.6,31.9,NA,NA,12.5,F,None
3663,ENP-FC,27,97.8,190.5,36.1,NA,NA,17,F,None
3664,ENP-FC,36.5,131,264,54,NA,NA,52,M,None
3665,ENP-FC,23.6,88.8,182,35,NA,NA,15,F,None
3666,ENP-SS,26.1,102.2,199,36.6,NA,NA,20.5,F,Incomplete tail
3667,ENP-SS,25.8,94.7,189.8,35.9,NA,NA,16.6,M,None
3668,Lox_Marsh,29.3,102.3,199.1,34.6,NA,NA,17.4,M,ND
3669,Lox_Marsh,29.4,107.4,207.2,35,NA,NA,20.5,F,ND
3670,Lox_Marsh,26.7,97.1,190.3,34.6,NA,NA,17.2,F,ND
3671,Lox_Marsh,25.1,90.2,176.1,34.1,NA,NA,13.8,M,1st single fused
3672,Lox_Marsh,24.6,89.6,173.2,32.1,NA,NA,13.6,F,ND
3673,Lox_Marsh,24.4,86,178,35.9,NA,NA,16,F,ND
3674,Lox_Marsh,19.5,69.5,141.2,25.8,NA,NA,NA,F,ND
3675,Lox_Marsh,28.7,100.4,188.9,38,NA,NA,21,M,ND
3676,Lox_Marsh,31,111.4,220.2,29.7,NA,NA,18.6,F,ND
3677,Lox_Marsh,27.9,101.8,197.5,32.6,NA,NA,18,F,ND
3678,Lox_Marsh,29.4,112.5,226.7,26.5,NA,NA,15.8,F,"Extremely emaciated, thick layers of algae on gator"
3679,Lox_Marsh,22.8,81.5,161.3,31.9,NA,NA,10.8,M,ND
3680,Lox_Marsh,22.3,84.8,166,32.3,NA,NA,12.2,F,Hole in webbing in right rear foot
3681,Lox_Marsh,20,70.4,139.1,26,NA,NA,6.3,F,ND
3682,Lox_Marsh,23.9,84.9,170.1,34.9,NA,NA,12.5,F,"Stick lodged in abdomen near left, rear leg.  Looks slighlty infected."
3683,Lox_Marsh,27.8,101.6,206.3,37.7,NA,NA,25,F,None
3684,BICY_Marsh,27.8,99.6,198.2,39.8,NA,NA,20.5,M,Single 8 and 9 missing
3685,BICY_Marsh,22.5,80.8,158.2,31.8,NA,NA,10.5,M,None
3686,BICY_Marsh,26.9,95.9,198.6,38.8,NA,NA,20,F,scar on top jaw
3687,BICY_Marsh,25.1,93.5,184.5,35,NA,NA,14.5,M,None
3688,BICY_Marsh,32.6,114.3,221.3,45.1,NA,NA,32,M,None
3689,BICY_Marsh,30.2,110,208.2,42.5,NA,NA,25,M,None
3690,BICY_Marsh,45.6,160.8,318,59.1,NA,NA,NA,M,None
3691,BICY_Marsh,30.9,109.1,212.5,43.3,NA,NA,26.5,M,None
3692,BICY_Marsh,24.1,90.4,181,35.4,NA,NA,15.2,F,None
3693,BICY_Marsh,26.6,98.4,191.9,35.5,NA,NA,18,M,Right rear leg broken and healed
3694,BICY_Marsh,33.2,117.2,218.6,47.8,NA,NA,37.5,M,Incomplete tail
3695,BICY_Marsh,30,109.4,217.2,41.4,NA,NA,25.5,M,None
3696,BICY_Marsh,33.5,123.5,243.8,42.4,NA,NA,35.5,M,None
3697,BICY_Marsh,22.9,83.9,170.9,33.1,NA,NA,12.6,F,None
3698,BICY_Marsh,25.6,93.9,185.1,34.4,NA,NA,16.2,M,None
3699,BICY_Marsh,24.5,87.1,176.9,34,NA,NA,14.6,F,None
3700,BICY_Marsh,NA,93.9,187.7,38.6,NA,NA,16.4,F,leeches on lower mandible
3701,ENP-FC,26.8,98.2,191.1,33.6,NA,NA,18,M,None
3702,ENP-SS,36.2,132,232.5,42.4,NA,NA,39.5,M,Missing S-10 onword; injured tip of snout
3703,ENP-SS,25.9,95.9,195,35.1,NA,NA,17.8,F,None
3704,ENP-SS,29.1,106.5,213,38.5,NA,NA,24.5,F,None
3705,ENP-SS,21.3,78.4,140.8,30.3,NA,NA,9.5,M,Incomplete tail
3706,ENP-SS,28.4,104.3,205.5,36.5,NA,NA,21,F,Leech on right rear webbing; 9th single previously cut; 8th scute cut for sample
3707,ENP-SS,35.5,132.2,265.4,44.5,NA,NA,42,M,Took 10th scute for sample; tail is chewed up
3708,ENP-SS,23.8,90.7,179.2,33.4,NA,NA,14.2,M,None
3709,ENP-SS,27.6,105.7,214.6,35.5,NA,NA,21,F,Hole where web tag should be; tag absent
3710,ENP-SS,32.6,113.9,221.1,46.3,NA,NA,35,M,None
3711,ENP-SS,38.1,135.5,264.4,56.6,NA,NA,NA,M,None
3712,ENP-SS,35.1,124.3,242.5,48.9,NA,NA,37,M,Sinlge 13 and 14 scutes cut off previously; Cut 15th
3713,ENP-FC,33,122,244.7,50.5,NA,NA,42.5,M,Hole in webbing
3714,ENP-FC,22.6,83.4,169.7,33.8,NA,NA,12,F,None
3715,ENP-FC,27.1,100.5,196.6,40.8,NA,NA,20.5,M,None
3716,ENP-FC,27.6,99,194.5,33.4,NA,NA,18.6,F,None
3717,ENP-FC,24.5,89,179.1,33.3,NA,NA,13.4,M,None
3718,ENP-FC,30.5,113.9,223.9,44.4,NA,NA,31.5,M,None
3719,ENP-FC,24.2,86.7,165.1,32.3,NA,NA,12.2,M,None
3720,ENP-FC,23.6,86.8,174.2,35.6,NA,NA,14,F,None
3721,ENP-FC,37.6,140.7,277,50,NA,NA,54,M,None
3722,ENP-FC,22.9,84.2,168.5,32.2,NA,NA,11.8,F,None
3723,ENP-FC,42.9,158.8,315.7,68.3,NA,NA,105,M,None
3724,ENP-SS,29.3,105.1,209,41.7,NA,NA,24.5,M,Leeches
3725,ENP-SS,34.9,123.9,248.4,49.8,NA,NA,44,M,None
3726,ENP-SS,27.9,101.6,198.2,37.4,NA,NA,18.5,M,None
3727,ENP-SS,27.5,101.1,200.4,40.5,NA,NA,23,F,None
3728,ENP-SS,29,102.5,205.7,42,NA,NA,23.5,M,None
3729,ENP-EST,37.2,132,254.5,58.7,NA,NA,54.5,M,None
3730,ENP-EST,29.1,109.9,217.9,46.3,NA,NA,32,M,None
3731,ENP-EST,37.6,139.8,270.9,53.5,NA,NA,53,M,None
3732,ENP-EST,27.5,98.7,193.6,37.4,NA,NA,13,F,None
3733,ENP-EST,35,123.8,250.1,51.2,NA,NA,45.5,M,"Open wound on head, neck, and back scutes, snout has bluish tint around mouth"
3734,ENP-FC,24.1,91.7,186.3,36.6,NA,NA,16.8,F,None
3735,ENP-FC,31.5,114.1,228.2,51.6,NA,NA,31,M,None
3736,ENP-FC,27.8,98.4,192.4,38.8,NA,NA,19.5,M,None
3737,ENP-EST,36,134,258.3,43.5,NA,NA,44,M,n/a
3738,ENP-EST,30.2,108.6,215.7,44.9,NA,NA,30,M,Hole in webbing
3739,ENP-EST,27.3,96.5,181.7,38.6,NA,NA,20,M,n/a
3740,ENP-EST,34.3,122.2,248.4,53.8,NA,NA,46.5,M,N/A
3741,ENP-EST,35.3,128,257.7,49.8,NA,NA,42.5,M,"Bite marks on tail; possible tag holes (2) in right, rear foot"
3742,ENP-EST,30.8,112,221.4,45.5,NA,NA,29,M,"Bite marks on back, small puncture on right, rear leg"
3743,ENP-EST,33.5,123,240,43.8,NA,NA,33.5,M,Looks like white algae on tail
3744,ENP-EST,28.8,102.9,204,43.1,NA,NA,22,M,N/A
3745,ENP-EST,36.8,136.1,255.6,54.6,NA,NA,58,M,"Healing wounds on head, neck, and back"
3746,ENP-EST,23.2,84.8,173.9,34.8,NA,NA,13,U,N/A
3747,Lox_Marsh,26,89.5,175.4,35.3,NA,NA,16.5,F,n/a
3748,Lox_Marsh,30,106,206.4,39.6,NA,NA,23,M,n/a
3749,Lox_Marsh,26,95.5,188,34.6,NA,NA,17,F,7th single has notch
3750,Lox_Marsh,23.8,88,174.5,32,NA,NA,12.5,M,n/a
3751,Lox_Marsh,28.1,103.7,196.7,27.6,NA,NA,16.5,F,Algae all over; sunken neck; emaciated
3752,Lox_Marsh,35.5,125.5,235,32,NA,NA,25,M,Very emaciated; Wounds on back and left front arm
3753,Lox_Marsh,18,64.5,129.9,27.5,NA,NA,6.5,M,n/a
3754,Lox_Marsh,18,63.5,129.8,25.5,NA,NA,5.9,F,n/a
3755,Lox_Marsh,18.6,64,131.8,25.5,NA,NA,5.6,F,n/a
3756,Lox_Marsh,24,87.1,172.1,33.9,NA,NA,13.8,F,n/a
3757,Lox_Marsh,23.9,88.3,175.6,36.4,NA,NA,14.4,M,n/a
3758,Lox_Marsh,27.6,99.8,193,37.6,NA,NA,19.8,F,n/a
3759,Lox_Marsh,20.9,74.2,148.1,30.9,NA,NA,8.6,F,n/a
3760,Lox_Marsh,33,125.6,239.4,29.6,NA,NA,19.5,M,"Skin ripping,Small gashes in tail scutes, leeches, extremely skinny, very little red blood cells present in sample"
3761,Lox_Marsh,29.8,107.3,209.9,32.2,NA,NA,21,F,n/a
3762,WCA3B_Marsh,27,99.5,198.1,36.6,NA,NA,19,F,none
3763,WCA3B_Marsh,29.3,104.2,207.1,34.8,NA,NA,20.5,F,none
3764,WCA3B_Marsh,23.9,88.5,177.2,34.9,NA,NA,14.2,F,none
3765,WCA3B_Marsh,23.6,83.4,167.1,35,NA,NA,12.8,F,none
3766,ENP-FC,29.9,109,220.6,45.9,NA,NA,33,F,Hole in left webbing - possible tag that fell; scute missing
3767,ENP-SS,33.8,124.3,249.1,47.7,NA,NA,38,M,none
3768,ENP-SS,26.6,100.6,196.5,39.6,NA,NA,21,F,Lots of leeches
3769,ENP-SS,30.4,115.6,223,47.3,NA,NA,25,F,none
3770,ENP-SS,25.3,95.5,192.6,38,NA,NA,19,F,none
3771,ENP-FC,24.5,89.8,175,37.7,NA,NA,16,F,None
3772,ENP-FC,25.6,93.1,184.2,38.3,NA,NA,18.6,F,None
3773,ENP-FC,29.1,105.4,203.1,39.9,NA,NA,22.5,M,None
3774,ENP-FC,24.8,87.9,174,35.9,NA,NA,14.5,F,NA
3775,ENP-FC,30.5,108.2,215.3,42,NA,NA,26.5,M,None
3776,ENP-FC,29.7,108.8,214.3,44.1,NA,NA,26.5,M,Leech on cheek
3777,ENP-FC,40.8,145.4,280.8,50.5,NA,NA,63,M,None
3778,ENP-FC,31.3,115.1,230.2,45.5,NA,NA,34,M,Leeches; Old bite wound on left side of jaw
3779,ENP-FC,26,97.4,190.8,37.3,NA,NA,19.5,F,None
3780,ENP-FC,25.3,90.3,180.7,35.5,NA,NA,16.4,F,None
3781,ENP-FC,26.6,95.1,192.5,36.2,NA,NA,16.4,M,Single 17 is already cut; leech on throat
3782,ENP-FC,28.1,101.8,202.5,43.7,NA,NA,24,F,NA
3783,ENP-FC,24.2,91.4,186.1,37,NA,NA,17.75,F,None
3784,ENP-FC,28.6,105,213.9,45.7,NA,NA,32,F,single 1 is cut
3785,ENP-SS,38.5,138.7,245.7,56.5,NA,NA,64,M,Incomplete tail
3786,ENP-SS,38,139.2,271.2,54.4,NA,NA,60,M,Had sat tag - many leeches under tag; lots of algae on tail
3787,ENP-SS,17.4,63.9,130.1,24.8,NA,NA,5.5,F,NA
3788,ENP-SS,28.9,106.6,209.1,41.9,NA,NA,30,F,NA
3789,ENP-SS,36.8,136.1,265.5,58.3,NA,NA,58,M,NA
3790,ENP-SS,36.2,134.3,273.1,49.5,NA,NA,52,M,NA
3791,ENP-SS,33.5,123.7,241.7,50.5,NA,NA,39,M,NA
3792,ENP-SS,26.4,96.2,193.7,36.7,NA,NA,17.5,F,NA
3793,ENP-SS,29.1,111.2,215.6,21.7,NA,NA,24,F,"Single 9 looked clipped; old injury down to the bone on top of snout, right side"
3794,Lox_Marsh,21,74.4,149,29.7,NA,NA,9,F,None
3795,Lox_Marsh,18.2,65.2,132,25.3,NA,NA,5.9,F,1st single scute slightly divided
3796,Lox_Marsh,29,101.5,199.2,33.5,NA,NA,18.5,M,"3rd and 10th single, 2nd right double, 7th left double - 1273"
3797,Lox_Marsh,23.7,82.7,161.4,30.4,NA,NA,11.5,M,"10th and 1st single, 2nd right and 2nd left doubles - 1221"
3798,Lox_Marsh,23.5,83.5,168.5,30.4,NA,NA,11.5,M,None
3799,Lox_Marsh,23,80.1,161.8,31.9,NA,NA,11.5,F,"1st single partially split, 4th single was damaged, check for cohort mark (chop)"
3800,Lox_Marsh,17.5,64.9,130.8,22.7,NA,NA,5,M,None
3801,ENP-SS,27.2,104.8,210.7,33.8,NA,NA,19.2,F,NA
3802,ENP-SS,23.6,90,180.5,35.2,NA,NA,16,F,NA
3803,Lox_Marsh,26.6,96,191.6,37.9,NA,NA,19.25,F,Algae on tail
3804,Lox_Marsh,27,99.5,200,33.3,NA,NA,18.5,F,missing right front leg (forearm and part of upper arm); algae on legs and tail
3805,Lox_Marsh,22,77.4,149,28.9,NA,NA,9.3,F,"7, 8, 10 singles damaged"
3806,Lox_Marsh,31.5,111.5,218,43.6,NA,NA,31,M,Incomplete tail
3807,Lox_Marsh,20.5,72.2,144.2,27.8,NA,NA,8.3,F,None
3808,Lox_Marsh,32,113.9,222.1,41.4,NA,NA,29.5,M,Algae on legs and tail; 4th single scute is damaged
3809,Lox_Marsh,21.9,73.6,148.6,28.5,NA,NA,8.8,F,third single damage so made 1313
3810,Lox_Marsh,18.7,67.5,134.8,25.4,NA,NA,6.1,F,missing last digits on middle 2 toes of left back foot
3811,WCA3B_Marsh,33.9,120.5,233,30.8,NA,NA,24,M,very skinny
3812,WCA3B_Marsh,24,89.5,181.9,36.9,NA,NA,16.4,F,NA
3813,WCA3B_Marsh,24.5,87,173.4,34.2,NA,NA,13.8,F,NA
3814,WCA3B_Marsh,38.5,133.5,263,51,NA,NA,50,M,NA
3815,WCA3B_Marsh,26.8,101.3,186.2,34.4,NA,NA,11.2,F,Incomplete tail
3816,WCA3B_Marsh,26.6,98,193.5,35.5,NA,NA,13.1,F,NA
3817,WCA3A-N41_Marsh,25,97.5,191.9,38.8,NA,NA,19,F,none
3818,WCA3A-N41_Marsh,24.6,88.4,179.9,38,NA,NA,16.5,F,none
3819,WCA3A-N41_Marsh,22.3,80.6,164.3,30.4,NA,NA,11.5,F,NA
3820,WCA3A-N41_Marsh,26.4,98,198.1,35.8,NA,NA,19,F,NA
3821,WCA3A-N41_Marsh,28.5,106.7,208.3,37.1,NA,NA,21,F,NA
3822,WCA3A-N41_Marsh,27,98.6,196.2,38,NA,NA,20.5,F,NA
3823,WCA3A-N41_Marsh,30.4,113,206,44.6,NA,NA,28,M,Incomplete tail
3824,WCA3A-N41_Marsh,33.6,117.1,228.7,45,NA,NA,31,M,wound on head
3825,ENP-EST,36.5,129.5,243.3,54.4,NA,NA,51.5,M,Incomplete tail
3826,ENP-EST,27.6,100,186.5,42.8,NA,NA,24.5,M,Incomplete tail
3827,ENP-EST,30.8,114.6,229.1,46.7,NA,NA,35,M,NA
3828,ENP-EST,27.4,97.8,200.9,42.8,NA,NA,26,M,Missing scute at DR-5
3829,ENP-EST,32.1,112.2,232.9,49.8,NA,NA,37,M,NA
3830,ENP-EST,30.8,112.1,226.4,45.5,NA,NA,32.5,M,NA
3831,ENP-EST,40.2,144.4,284,58.6,NA,NA,71,M,NA
3832,ENP-EST,17,63,130.7,25.2,NA,NA,5,F,NA
3833,ENP-EST,29.4,105.1,207.5,43.2,NA,NA,27.5,M,NA
3834,ENP-EST,28.8,105.2,206.6,42.6,NA,NA,28,M,NA
3835,ENP-EST,36.7,133.9,250.2,50.6,NA,NA,50.9,M,1-Double scute missing 6-Single scutes missing
3836,ENP-EST,23.8,87.7,178,36.4,NA,NA,16.75,F,NA
3837,BICY_Marsh,27.4,100.4,202.6,41.6,NA,NA,23,F,Leeches
3838,BICY_Marsh,26.2,98.6,198.6,39.8,NA,NA,21.5,F,NA
3839,BICY_Marsh,43.7,153.5,286.1,65.6,NA,NA,95,M,Incomplete tail
3840,BICY_Marsh,31.4,118.3,233.5,55.8,NA,NA,48,F,NA
3841,BICY_Marsh,31.5,116.4,228,49.4,NA,NA,37,M,NA
3842,BICY_Marsh,35.7,130.9,260,59.7,NA,NA,60,M,Old wound on back. Tooth protruding from top of snout.
3843,BICY_Marsh,29.5,112.1,218.9,47.2,NA,NA,29,M,NA
3844,BICY_Marsh,31.2,113.5,223.7,46.7,NA,NA,33,M,NA
3845,BICY_Marsh,24.5,90.9,183.2,36.8,NA,NA,16.25,F,Tail injury (wound at S6). Bite marks on back.
3846,BICY_Marsh,32.4,119.2,239.6,58.8,NA,NA,50,F,NA
3847,ENP-EST,30.8,113,218.2,47,NA,NA,34,M,NA
3848,ENP-EST,21.3,74.5,151.7,30.4,NA,NA,9.6,F,Missing entire left rear leg.
3849,ENP-EST,25.5,95,190.9,36.7,NA,NA,18,F,Scar from previous tag on right foot.
3850,Lox_Marsh,21.5,78.2,157.1,29.3,NA,NA,9.9,F,NA
3851,Lox_Marsh,19,68,137,24.5,NA,NA,6.2,F,NA
3852,BICY_Marsh,25.6,95.7,191.1,39.6,NA,NA,19,F,"Missing toe on hind left foot, leech on face"
3853,BICY_Marsh,30.8,110.2,189.6,44.8,NA,NA,29,F,Incomplete tail
3854,BICY_Marsh,26.6,97.9,189.5,37.1,NA,NA,16.8,M,"Leeches present, algae growing on tail, old injured toe on rear left foot"
3855,BICY_Marsh,32.4,112.5,213.5,45.4,NA,NA,30,M,Open wound on tail of D2. Healing bite mark on tail. Algea growing on back.
3856,BICY_Marsh,24,93.1,189.5,36.6,NA,NA,16.4,F,NA
3857,Lox_Marsh,25.7,87.5,175.7,33.9,NA,NA,15.5,F,NA
3858,WCA3A-HD_Marsh,13.3,47.4,96.3,17.7,NA,NA,2.1,F,None
3859,WCA3A-HD_Marsh,27.9,100.2,193.5,41.1,NA,NA,22.5,F,None
3860,BICY_Marsh,27.6,101.1,197,38.6,NA,NA,19,M,algae on tail
3861,BICY_Marsh,27,96.4,195.3,36.1,NA,NA,17.4,M,None
3862,BICY_Marsh,30.1,111.2,222.5,46.1,NA,NA,30.5,M,Leeches on back and tail
3863,BICY_Marsh,35.9,128.3,255.5,51.9,NA,NA,45,M,leech on tail; S7 split in half
3864,BICY_Marsh,30.2,110.1,226.1,49.9,NA,NA,34.5,M,None
3865,BICY_Marsh,37,135.5,269.6,60.9,NA,NA,54,M,None
3866,BICY_Marsh,31,116.6,237.1,53.8,NA,NA,40.5,M,None
3867,BICY_Marsh,28,106.7,208.5,44.5,NA,NA,25.5,M,None
3868,BICY_Marsh,36,132.4,260.9,61,NA,NA,58.9,M,None
3869,BICY_Marsh,28.6,99.6,195.8,33.9,NA,NA,10.4,M,"Right rear leg missing at hip.
Too skinny"
3870,BICY_Marsh,29.8,109.2,214.1,44.5,NA,NA,26,M,Tail has been clipped before.
3871,BICY_Marsh,27.9,98.7,191.2,40.6,NA,NA,21,F,Healing wounds on back. Leeches
3872,BICY_Marsh,25.1,94.2,182.2,36.9,NA,NA,16.6,M,ND
3873,BICY_Marsh,26.7,97.5,187,37.6,NA,NA,10.8,M,Normal but skinny. Leech on back
3874,BICY_Marsh,32.5,124.5,245.6,52.5,NA,NA,43.5,M,None
3875,BICY_Marsh,32.8,120.5,229.3,40.9,NA,NA,28.5,M,Broken tail but still straight. Healed. Scar across top of snout.
3876,Lox_Marsh,23,81.1,166.6,30,NA,NA,11.5,F,NA
3877,Lox_Marsh,30.7,109.3,211.8,41.9,NA,NA,27.5,M,"Leeches on jaw and right, rear foot"
3878,ENP-FC,23.9,90.1,178.1,39.1,NA,NA,18.2,F,Recent bite marks on tail
3879,ENP-SS,18.5,67.1,134.5,24.3,NA,NA,5.75,M,None.
3880,ENP-SS,31.1,110.8,218.3,44.1,NA,NA,32,M,None.
3881,ENP-SS,24.8,94.5,189,36.8,NA,NA,19,F,None
3882,ENP-SS,32.9,119.2,230.3,36.2,NA,NA,31,F,Algae gowth on body/legs
3883,ENP-SS,36.7,131.1,253.2,51.8,NA,NA,49,M,"Missing right, front foot, S9 missing"
3884,ENP-SS,36.5,128.2,249.1,50.4,NA,NA,43.5,M,"Old wound on bottom left jaw;
Bite marks on tail;
Algae on tail;
Leeches"
3885,ENP-FC,27.7,100.5,197.1,38.2,NA,NA,20.5,M,Misshapen top jaw allows for one tooth to protrude from lower mandible
3886,ENP-FC,25.4,93,185,40,NA,NA,19.4,F,None
3887,ENP-FC,26.5,98.3,196.9,33.2,NA,NA,17,F,None
3888,ENP-FC,25.8,92.5,181.6,35.9,NA,NA,16.25,F,Right rear foot has broken foot
3889,ENP-FC,29.8,110,219.6,41,NA,NA,24,M,Single S missing
3890,ENP-FC,35.3,125,247.5,47.8,NA,NA,40,M,Hole in web where tag should be
3891,ENP-FC,30.1,105.9,209.8,44.3,NA,NA,29,M,Hole where tag was
3892,ENP-FC,26.8,97,191.6,39.6,NA,NA,13.2,F,None
3893,ENP-FC,25.9,94.6,185.3,36.8,NA,NA,17.4,M,Leeches present.
3894,ENP-FC,28.2,100.4,204.1,38.9,NA,NA,20.5,F,Leeches present
3895,ENP-FC,27.3,103.9,208.6,46.7,NA,NA,31,F,None.
3896,ENP-SS,29.4,109,218.2,47.2,NA,NA,32,F,None.
3897,ENP-SS,29.2,106.5,208.2,42.1,NA,NA,26,M,None.
3898,ENP-SS,26.8,101.9,194.7,37.5,NA,NA,21,F,Tag scar on left foot
3899,ENP-SS,25.5,98.9,194.1,32.4,NA,NA,16.4,F,None.
3900,ENP-SS,25.5,94.9,188.8,39.5,NA,NA,20,F,None.
3901,ENP-SS,24.9,91.5,182.9,35.2,NA,NA,16.8,F,None.
3902,ENP-SS,26.4,94,182.6,34.2,NA,NA,15.25,M,None.
3903,ENP-SS,28.8,101.2,201.2,43.4,NA,NA,24,M,None.
3904,ENP-SS,31.1,113.4,218.9,47.5,NA,NA,31.5,M,None.
3905,ENP-FC,20.9,76.5,155.9,32,NA,NA,9.8,M,None.
3906,ENP-FC,28.5,101,196.2,39.6,NA,NA,21,M,None.
3907,ENP-FC,30.9,103.4,204.4,44.3,NA,NA,27,M,Bite marks on tail and head
3908,Lox_Marsh,24,87.6,172.9,33,NA,NA,14.5,F,None
3909,Lox_Marsh,28,102.4,203.8,37.4,NA,NA,21.5,F,Injuries on tail; single #3 is not
3910,Lox_Marsh,28.3,102.1,203.9,36.9,NA,NA,25,F,none
3911,Lox_Marsh,33.5,119.2,234.3,44.1,NA,NA,36,M,Bite marks on back and tail
3912,ENP-EST,32.6,112.3,226.1,47.8,NA,NA,35.5,M,Missing half of front left leg
3913,ENP-EST,35.8,129.8,255,53.2,NA,NA,51.5,M,N/A
3914,ENP-EST,28.7,100.2,193.5,39.5,NA,NA,22,M,N/A
3915,ENP-EST,31,106.1,211.1,47.8,NA,NA,35,M,N/A
3916,ENP-EST,33.6,124.5,218,51.5,NA,NA,46,M,Missing S-11 onward on tail
3917,ENP-EST,34.9,133.4,258,51.9,NA,NA,51.2,M,NA
3918,ENP-EST,32.5,118.5,235.6,47.9,NA,NA,35.5,M,Scarring on tail
3919,ENP-EST,27.2,97,193.5,40.1,NA,NA,19.5,M,"Left eye weird (starburst pattern), tag scar in right, rear foot, scute previously clipped"
3920,ENP-EST,32.6,117.6,236.6,46.3,NA,NA,35,M,Gashes and punctures on back and tail
3921,ENP-EST,36.3,127.4,250.9,55,NA,NA,52,M,N/A
3922,ENP-EST,40,141.8,280,59.8,NA,NA,64.8,M,N/A
3923,ENP-EST,36.6,132.2,259.2,55.6,NA,NA,59.8,M,Bite Marks on tail and back
3924,ENP-EST,36.5,127,248.5,52.8,NA,NA,47,M,Wounds on tail - recent injury
3925,ENP-EST,27.3,102.4,205.1,42.2,NA,NA,24.5,M,N/A
3926,ENP-EST,21.5,73.8,150.3,29,NA,NA,8.6,F,"Missing rear, left leg"
3927,Lox_Marsh,29.8,108.8,218.4,31.5,NA,NA,20.5,M,Emaciated; close to death; lacerated by base of tail exposing reproductive cavity; not likely to survive injuries based on body condition and severity of injury
3928,Lox_Marsh,21.9,81,160.6,33.1,NA,NA,11,F,none
3929,Lox_Marsh,18.7,67.3,135.6,27.5,NA,NA,6.4,F,none
3930,Lox_Marsh,22.8,81.6,162.7,32.1,NA,NA,11,M,NA
3931,Lox_Marsh,27.4,105.1,208,33.5,NA,NA,19,F,Missing nail on L front p3; S-1 is partly split
3932,Lox_Marsh,25.5,87.6,181.5,37.5,NA,NA,16.5,F,None
3933,Lox_Marsh,25.4,94,186.8,37.7,NA,NA,9.4,M,none
3934,Lox_Marsh,28.7,105.9,209.2,34.1,NA,NA,21,F,none
3935,Lox_Marsh,23.5,86,170.5,33.5,NA,NA,13.4,M,N/A
3936,ENP-SS,37,134.5,264.7,46.9,NA,NA,48,M,NA
3937,ENP-SS,24.7,91.9,181.6,33.9,NA,NA,14.4,F,NA
3938,ENP-SS,27.1,98.4,196.8,33.4,NA,NA,17,F,NA
3939,ENP-SS,25.3,92.9,184.6,33.8,NA,NA,15.2,F,NA
3940,ENP-SS,34,123.5,237,45,NA,NA,33.5,M,NA
3941,ENP-SS,39.7,143.8,280.3,53.6,NA,NA,67,M,NA
3942,ENP-SS,33.5,120.1,231.5,44.6,NA,NA,30,M,NA
3943,ENP-SS,26.4,95.9,172,32.7,NA,NA,17.5,F,Incomplete tail
3944,ENP-SS,29.5,109.4,223.2,41.1,NA,NA,27,F,NA
3945,ENP-SS,33.4,125,248.4,48.4,NA,NA,41,M,NA
3946,ENP-SS,24.8,94.3,189.9,34.5,NA,NA,17.25,F,NA
3947,ENP-SS,39.3,140.7,255.5,60.5,NA,NA,71,M,Incomplete tail
3948,ENP-FC,27.9,100.9,198.7,36.2,NA,NA,20,F,NA
3949,ENP-FC,22,80.1,157.2,30.3,NA,NA,9.5,F,NA
3950,ENP-FC,27.3,101,197.6,35,NA,NA,21,F,NA
3951,ENP-FC,24.9,92,184.1,37.5,NA,NA,16.8,F,NA
3952,ENP-FC,31.5,114.6,228.2,44.7,NA,NA,31.5,M,NA
3953,ENP-FC,34.1,123.5,247,50.7,NA,NA,40.5,M,NA
3954,ENP-FC,26.8,97.5,193.2,39.4,NA,NA,20.5,M,NA
3955,ENP-FC,34.1,122.1,237.3,46.5,NA,NA,35,M,NA
3956,ENP-FC,34.2,123,243.1,47.9,NA,NA,40,M,NA
3957,ENP-FC,33,122.2,245.5,54.4,NA,NA,48,M,NA
3958,ENP-FC,34.2,123.5,237.5,51.5,NA,NA,42.5,M,NA
3959,ENP-FC,41.2,146.6,286.5,64.8,NA,NA,80,M,NA
3960,ENP-FC,25.8,91.5,184,38.1,NA,NA,17,F,NA
3961,ENP-FC,34.2,120.7,219.6,44.5,NA,NA,33.5,M,NA
3962,ENP-FC,30,108.6,208.9,44.2,NA,NA,27.5,M,Missing Front Right foot
3963,ENP-SS,31.4,114.8,233.2,36.9,NA,NA,27,F,NA
3964,ENP-SS,25,93.8,185.6,36.6,NA,NA,16.8,M,NA
3965,ENP-SS,32.6,116,225.9,44.9,NA,NA,32,M,NA
3966,Lox_Marsh,29,107,206,39.9,NA,NA,24,M,"missing right front leg  (approximately 2"" left), leeches on tail"
3967,Lox_Marsh,30.5,116,227.7,39.5,NA,NA,31,F,"bump on right upper jaw, looks as if she was skinny"
3968,Lox_Marsh,28.5,102.8,207,37.8,NA,NA,23,F,NA
3969,Lox_Marsh,27.5,98,196.3,38,NA,NA,21,M,"algae and scars on tail, leeches on back, been in a fight with another alligator"
3970,Lox_Marsh,29.5,106.5,210.8,40.5,NA,NA,26,M,"lot of algae on tail, scars and strange patterning on belly, leeches on right rear leg"
3971,Lox_Marsh,19,67.5,134.3,25.9,NA,NA,8.3,M,NA
3972,Lox_Marsh,31.5,110.6,216,44.4,NA,NA,27,M,NA
3973,Lox_Marsh,23,79.7,161,30.5,NA,NA,11,M,NA
3974,Lox_Marsh,29.7,109,216.5,37.8,NA,NA,24,F,NA
3975,Lox_Marsh,28.5,88,175.6,33.2,NA,NA,14.1,M,NA
3976,ENP-EST,34,125.3,248,43.2,NA,NA,42,M,NA
3977,ENP-EST,35.5,124.6,218.2,45.8,NA,NA,41,M,Incomplete tail
3978,ENP-EST,36.8,136.4,271.1,53.8,NA,NA,55.2,M,NA
3979,ENP-EST,29,107.1,212.2,39,NA,NA,24.5,F,none
3980,ENP-EST,32.5,115.2,231.5,43.7,NA,NA,34,M,none
3981,ENP-EST,23,80.2,162.5,32.7,NA,NA,11.2,F,NA
3982,ENP-EST,33,123.5,247.8,46.4,NA,NA,44,M,12th Single deformed or Bitten (Healed)
3983,ENP-EST,34.1,128.3,252.4,47.6,NA,NA,46,M,none
3984,ENP-EST,32.4,118,233.7,38.2,NA,NA,36.5,M,NA
3985,ENP-EST,30.7,111,216.5,43.9,NA,NA,36,M,NA
3986,ENP-EST,19.5,71.2,142.2,28.3,NA,NA,8,F,none
3987,ENP-EST,31.5,115.7,226.7,42,NA,NA,32,M,NA
3988,ENP-EST,40.2,149,262.5,50.2,NA,NA,62.2,M,Incomplete tail
3989,ENP-EST,23.1,83.4,168.2,31.4,NA,NA,11.6,F,NA
3990,Lox_Marsh,20.3,73.2,147.5,26.5,NA,NA,8.2,F,none
3991,Lox_Marsh,24.5,86,172.5,31.6,NA,NA,13.2,M,NA
3992,Lox_Marsh,25.2,91.2,184.9,35.5,NA,NA,19,F,NA
3993,Lox_Marsh,24.2,87,175,33.5,NA,NA,14.1,F,NA
3994,Lox_Marsh,28.7,102,204.3,38.8,NA,NA,24.5,M,NA
3995,ENP-EST,29,102,201.6,37.6,NA,NA,23.5,M,2 holes in webbing on right rear foot webbing; eye infection
3996,Lox_Marsh,26.5,96.6,196,39,NA,NA,21.5,F,NA
3997,WCA3B_Marsh,27,99.8,197.7,35.7,NA,NA,19.2,F,NA
3998,ENP-EST,34.9,126.8,251.1,54,NA,NA,45.5,M,NA
3999,ENP-EST,28.3,105.6,198.1,35.7,NA,NA,22,F,Incomplete tail
4000,ENP-EST,33.4,123.3,250.1,56,NA,NA,51,M,Hole in right rear webbing; previous scute clip
4001,ENP-EST,38.4,137.7,264.9,49.2,NA,NA,58,M,Hole in toe webbing.
4002,Lox_L40,28,101.4,202.5,41.1,NA,NA,23,F,NA
4003,Lox_Marsh,31,114.2,218.3,36,NA,NA,23.5,M,Incomplete tail
4004,Lox_Marsh,24.4,83.7,165.2,31.9,NA,NA,12.2,F,NA
4005,Lox_Marsh,19.6,72,141.4,28.1,NA,NA,7.8,F,NA
4006,Lox_Marsh,23,82.1,161.2,34.1,NA,NA,12.6,F,NA
4007,Lox_Marsh,35,124.3,227.2,47.8,NA,NA,41,M,Incomplete tail
4008,Lox_Marsh,29.8,108,217.4,36.9,NA,NA,23,F,NA
4009,Lox_Marsh,25.5,90.8,178.6,36.8,NA,NA,15.6,M,NA
4010,Lox_Marsh,25.2,92.1,184.3,36.6,NA,NA,17.2,F,NA
4011,Lox_Marsh,26.5,94.8,188.2,36.9,NA,NA,17.8,F,NA
4012,Lox_Marsh,19.8,71.5,145.9,28.6,NA,NA,8.1,F,NA
4013,Lox_Marsh,24.2,88.9,179.9,35.6,NA,NA,16.4,F,NA
4014,Lox_Marsh,24.2,84.6,170.6,33.9,NA,NA,13.5,M,NA
4015,Lox_Marsh,30.5,109.8,224.6,45.1,NA,NA,31,M,NA
4016,Lox_Marsh,24.5,84.8,171,33.6,NA,NA,13.6,M,NA
4017,ENP-FC,27.5,100.1,194.7,40.2,NA,NA,22,F,NA
4018,ENP-FC,28.4,106.4,199.3,44.5,NA,NA,27,F,Incomplete tail
4019,ENP-FC,23.3,89.2,176.9,35.5,NA,NA,15.6,F,NA
4020,ENP-FC,28.5,102.2,198.9,39.6,NA,NA,22,M,NA
4021,ENP-SS,24.8,91.3,181.6,37.9,NA,NA,17,F,Some algae on tail
4022,ENP-FC,33.7,123.8,244.7,49,NA,NA,39,M,NA
4023,ENP-FC,28.1,102.6,193.2,44.5,NA,NA,26,M,Incomplete tail
4024,ENP-SS,38.3,137.5,268.9,47.5,NA,NA,47,M,Very skinny. Old injury on osteoderm.
4025,ENP-SS,32.1,116.3,232.7,47.9,NA,NA,33,M,"S1, DL3 missing. Few bite marks in other scutes."
4026,ENP-SS,30.5,110.8,216.8,36.4,NA,NA,24.5,M,Broken right leg below knee
4027,ENP-SS,34.9,125.2,247.5,47.5,NA,NA,38,M,Previously scute sampled. Sexed by M. Denton.
4028,ENP-SS,25,96.5,196,37.5,NA,NA,18,M,NA
4029,ENP-SS,34.4,130.7,247.2,49.2,NA,NA,45,M,NA
4030,ENP-SS,27.8,104.6,206.1,39,NA,NA,23,F,NA
4031,ENP-FC,27.8,101.6,198.9,32,NA,NA,17.4,F,Cataracts on L eye. Photos: 101-1831 to 1829.
4032,ENP-FC,24,89.5,172.6,33.3,NA,NA,13.2,F,Incomplete tail
4033,ENP-FC,30.8,113,223.1,45.6,NA,NA,32,M,"Recent injury to snout, likely from another alligator"
4034,ENP-FC,25.3,93.4,188.3,34.6,NA,NA,16.5,F,NA
4035,ENP-FC,28.4,102.3,200.3,42,NA,NA,24,F,NA
4036,ENP-FC,26.5,97.3,188.6,38.3,NA,NA,20,F,NA
4037,ENP-FC,29.9,107.6,208.3,37,NA,NA,24,M,NA
4038,ENP-SS,25.2,95.1,190.5,37.6,NA,NA,18.2,F,NA
4039,ENP-SS,29.6,110.5,215.6,37.4,NA,NA,26.5,F,Broken tail at 16 single.
4040,ENP-SS,35.9,129,249,44.6,NA,NA,42.5,M,"Algae on tail, extremities"
4041,ENP-SS,32.3,115.9,227.7,45.3,NA,NA,33,M,NA
4042,ENP-SS,32.9,119.3,231.5,41.2,NA,NA,33,M,NA
4043,ENP-SS,28.6,101.1,203.2,39.5,NA,NA,21,M,NA
4044,ENP-EST,34.9,127.1,250.1,45.3,NA,NA,39,M,Healing injuries on snout and on tail
4045,ENP-EST,38,131.6,262.8,49.1,NA,NA,55,M,NA
4046,ENP-EST,33.7,121,238.8,52,NA,NA,41.5,M,Algae on tail
4047,ENP-FC,27.7,100,199.6,43.4,NA,NA,25,F,NA
4048,ENP-FC,26.3,94.5,184.2,36.8,NA,NA,17.5,F,"Front right, broken fifth digit at knuckle."
4049,ENP-SS,25.1,94.9,185.1,36.4,NA,NA,18.2,F,NA
4050,ENP-EST,30.1,106.7,210,45.5,NA,NA,32,M,NA
4051,ENP-EST,28.5,99.8,199.6,43.9,NA,NA,25.5,M,NA
4052,ENP-EST,19.9,72.4,145.1,28.5,NA,NA,8.2,M,NA
4053,ENP-EST,25,83.7,171.1,29.9,NA,NA,11.2,M,NA
4054,ENP-EST,26.4,96.9,187.3,41.2,NA,NA,24,F,NA
4055,ENP-EST,25.3,93.6,188.8,35.1,NA,NA,17.2,M,NA
4056,BICY_Marsh,35,123.8,245.4,52.9,NA,NA,47,M,NA
4057,BICY_Marsh,32.7,120.2,236.4,49.9,NA,NA,44,M,NA
4058,BICY_Marsh,31.7,118.1,234.8,48.5,NA,NA,34.5,M,NA
4059,BICY_Marsh,29,107.7,207.1,44.5,NA,NA,28,F,NA
4060,BICY_Marsh,31.3,111.9,215.6,46.1,NA,NA,30,M,NA
4061,ENP-EST,34.2,123.5,244.5,41.6,NA,NA,35.5,M,NA
4062,ENP-EST,33.9,124,246.7,52.4,NA,NA,46,M,NA
4063,BICY_Marsh,28,99.5,195,39.4,NA,NA,20.5,M,NA
4064,BICY_Marsh,28.5,105.5,201.9,41.5,NA,NA,24,M,NA
4065,BICY_Marsh,44,157.5,297.8,62.8,NA,NA,100,M,NA
4066,BICY_Marsh,28.6,102.9,203.4,35,NA,NA,21,F,Missing front right leg
4067,BICY_Marsh,47.3,164.6,313.8,68.7,NA,NA,111,M,Missing foot - front left; healing injury on snout
4068,BICY_Marsh,27.7,100.2,199,45.1,NA,NA,27,F,NA
4069,BICY_Marsh,30.4,106,208.5,41.7,NA,NA,24,M,NA
4070,BICY_Marsh,27.4,96.4,196.1,40.7,NA,NA,22,F,NA
4071,BICY_Marsh,34,127.1,247.1,52,NA,NA,42.5,M,NA
4072,BICY_Marsh,31.3,118.7,237.9,48.1,NA,NA,37,M,Broken jaw
4073,WCA3A-TW_Marsh,25.3,94.5,183.9,40.2,NA,NA,19,F,NA
4074,WCA3A-TW_Marsh,28.1,98.8,179,38,NA,NA,19,F,Incomplete tail
4075,WCA3A-TW_Marsh,33.2,120,240.4,44.2,NA,NA,36.5,F,NA
4076,WCA3A-TW_Marsh,19.5,73.1,148.8,27.5,NA,NA,7.4,F,NA
4077,WCA3A-TW_Marsh,29.9,105.6,207.1,41.4,NA,NA,26,F,None
4078,WCA3A-TW_Marsh,27,99,198.5,42,NA,NA,24,F,None
4079,WCA3A-TW_Marsh,26.5,96.3,189.1,37.9,NA,NA,20,F,None
4080,WCA3A-TW_Marsh,37,131,259.3,53.3,NA,NA,49.6,M,none
4081,WCA3A-TW_Marsh,21.9,80.8,163.1,31,NA,NA,10.8,M,None
4082,WCA3A-TW_Marsh,26.7,97,186.3,37.7,NA,NA,18.4,F,NA
4083,WCA3A-TW_Marsh,35.1,126,245.9,48,NA,NA,47.5,M,NA
4084,WCA3A-TW_Marsh,20.3,73,149.8,29.2,NA,NA,8.4,F,none
4085,WCA3A-TW_Marsh,30.8,114.4,222.3,43.5,NA,NA,31.5,F,Missing right arm above elbow.
4086,WCA3A-TW_Marsh,29,102.5,203.5,38.5,NA,NA,24.5,F,None
4087,WCA3A-TW_Marsh,17.3,64.5,132.1,22.5,NA,NA,5,M,None
4088,BICY_Marsh,37.1,135.3,266.8,57,NA,NA,57,M,none
4089,BICY_Marsh,29.5,105.3,206.2,42.8,NA,NA,26,M,Missing front left leg at shoulder.
4090,Lox_Marsh,26.8,94.3,187.1,36.3,NA,NA,17.2,M,None
4091,Lox_Marsh,29,104,202.5,37.5,NA,NA,24.5,M,None
4092,Lox_Marsh,26.7,96.2,192.3,37,NA,NA,19.5,F,None
4093,Lox_Marsh,20,70.1,145.7,26.6,NA,NA,8,M,None
4094,Lox_Marsh,26,95.5,188.5,36.2,NA,NA,18.8,F,None
4095,Lox_Marsh,25.2,89,160.8,35,NA,NA,16,F,"Tail stubbed after the 6th scute, 10 cm after 6th scute."
4096,Lox_Marsh,26.2,98,191.5,NA,NA,NA,15.2,F,None
4097,Lox_Marsh,26.4,97,198.5,37,NA,NA,19.5,M,None
4098,Lox_Marsh,32,116.5,224,36.5,NA,NA,27.5,M,none
4099,BICY_Marsh,29.1,105.3,206.9,39.9,NA,NA,24.5,M,none
4100,BICY_Marsh,30,104.4,208.8,41,NA,NA,26,M,none
4101,BICY_Marsh,27.7,101.6,183,40.4,NA,NA,24.5,F,Incomplete tail
4102,BICY_Marsh,32.9,119.2,233.4,40.6,NA,NA,35,M,none
4103,BICY_Marsh,41,145.3,260.4,56.6,NA,NA,59,M,Incomplete tail
4104,WCA3A-HD_Marsh,31.3,108,210.6,39.4,NA,NA,26,F,none
4105,WCA3A-HD_Marsh,26.8,95.8,190.7,37.2,NA,NA,19,F,none
4106,WCA3A-HD_Marsh,28.3,103.5,201.8,37.1,NA,NA,21,F,none.
4107,WCA3A-HD_Marsh,26.6,96.9,192.4,38.2,NA,NA,18.8,F,none
4108,WCA3A-HD_Marsh,27.9,99.7,199.5,38.9,NA,NA,20,F,none
4109,WCA3A-HD_Marsh,28.1,96.4,193.6,39.5,NA,NA,19.5,F,Missing left front leg from elbow to foot
4110,WCA3A-HD_Marsh,29,102.1,210.7,43.1,NA,NA,26,F,none
4111,WCA3A-HD_Marsh,26,94.5,186.2,37.3,NA,NA,19.2,F,none
4112,WCA3A-HD_Marsh,19.5,65.3,140.4,27.4,NA,NA,7,M,None
4113,Lox_Marsh,29.3,106.4,208,41,NA,NA,25,F,NA
4114,Lox_Marsh,26,96,192.1,32.7,NA,NA,18,F,None
4115,Lox_Marsh,32.2,111.9,220,42.5,NA,NA,31.5,M,NA
4116,Lox_Marsh,21.5,76,153,29,NA,NA,9.8,M,Missing claw on 4th toe on front left foot.
4117,Lox_Marsh,31.3,110.2,199.5,37.8,NA,NA,24,M,Incomplete tail
4118,Lox_Marsh,NA,NA,121.5,NA,NA,NA,NA,U,NA
4119,Lox_Marsh,19.5,70,113.5,27,NA,NA,7.1,F,Incomplete tail
4120,Lox_Marsh,25.6,91.9,179.7,33.5,NA,NA,15.8,M,none
4121,Lox_Marsh,27.7,96.9,188,37.5,NA,NA,20,M,none
4122,WCA3A-N41_Marsh,24.3,89.7,177.5,36.2,NA,NA,15.6,M,None
4123,WCA3A-N41_Marsh,23.9,86.1,168.6,31.7,NA,NA,11.6,F,None
4124,WCA3A-N41_Marsh,22.3,79.6,160.7,31,NA,NA,10.5,M,None
4125,WCA3A-N41_Marsh,30.1,113.3,220.8,40.7,NA,NA,27,M,NA
4126,WCA3A-N41_Marsh,26,98.2,190.9,35.5,NA,NA,19,F,None
4127,WCA3A-N41_Marsh,24.6,86.7,171,35.7,NA,NA,14.4,F,Missing left rear leg at hip
4128,BICY_Marsh,32.1,114.8,230.8,42.1,NA,NA,29.5,M,none
4129,BICY_Marsh,25.1,93.4,186.2,35.4,NA,NA,17.2,F,none
4130,BICY_Marsh,38.4,137,265.6,56.2,NA,NA,66,M,none
4131,BICY_Marsh,30.9,111.2,217.7,45.1,NA,NA,31,M,none
4132,BICY_Marsh,34.4,119.3,232.8,33.8,NA,NA,26,M,none
4133,BICY_Marsh,25,91.6,178.1,34.5,NA,NA,15.4,F,none
4134,WCA3A-N41_Marsh,25.2,93,186.6,34.6,NA,NA,16,F,None
4135,WCA3A-N41_Marsh,28.3,100.1,197.8,38.7,NA,NA,23.5,F,None
4136,WCA3A-N41_Marsh,23.2,82.5,157.3,30.8,NA,NA,10.9,F,None
4137,WCA3A-N41_Marsh,26,97.6,163,35.4,NA,NA,17,F,Incomplete tail
4138,WCA3A-N41_Marsh,28.1,101.8,198,35.4,NA,NA,20,F,None
4139,WCA3A-N41_Marsh,22,82,167,28.9,NA,NA,11,F,None
4140,BICY_Marsh,31.2,111.6,220.6,41.4,NA,NA,24.5,M,none
4141,BICY_Marsh,32.9,123.6,246.7,47.5,NA,NA,39,F,none
4142,WCA3A-HD_Marsh,21,74.5,147.5,27.6,NA,NA,7.5,M,none
4143,WCA3A-HD_Marsh,28.1,101.4,196.5,37.4,NA,NA,21,F,none
4144,WCA3A-HD_Marsh,29.4,103.7,202.4,40.5,NA,NA,24.5,F,none
4145,WCA3A-HD_Marsh,28.3,101.7,195.6,36.9,NA,NA,21,F,none
4146,WCA3A-HD_Marsh,26,91.5,179.7,34,NA,NA,15,M,none
4147,WCA3A-HD_Marsh,26.7,97.5,191.9,34.9,NA,NA,18,F,none
4148,WCA3A-N41_Marsh,27.2,99.1,196.1,36.5,NA,NA,15.5,F,None
4149,WCA3A-N41_Marsh,22.4,77.1,150,27.7,NA,NA,8.45,M,NA
4150,WCA3A-N41_Marsh,25.8,94,187.1,32,NA,NA,14.9,F,None
4151,WCA3A-N41_Marsh,32.2,111.2,217.5,39.4,NA,NA,25.7,M,None
4152,WCA3B_Marsh,37.7,136.3,267.6,54.4,NA,NA,59.7,M,none.
4153,WCA3B_Marsh,28.1,107,214.8,45,NA,NA,31,F,Missing front left leg.
4154,WCA3B_Marsh,26.9,98.8,193.8,34.4,NA,NA,18.8,F,NA
4155,WCA3B_Marsh,35.6,130.3,256.8,54.5,NA,NA,51,M,NA
4156,WCA3B_Marsh,27,98,181.8,36.9,NA,NA,18.6,F,Incomplete tail
4157,WCA3B_Marsh,32.9,115.2,222.5,46.4,NA,NA,34,M,none
4158,WCA3B_Marsh,34.3,124.5,252.4,50,NA,NA,43,M,NA
4159,WCA3B_Marsh,36,131.5,256.4,54.6,NA,NA,47,M,NA
4160,WCA3B_Marsh,25.7,100.3,186.7,30,NA,NA,14.6,F,none
4161,WCA3B_Marsh,36.1,131,254,50.8,NA,NA,49,M,None
4162,WCA3B_Marsh,25.7,91.1,180.6,33.6,NA,NA,14.8,F,None
4163,WCA3B_Marsh,39.3,136.3,262.6,56.7,NA,NA,60.6,M,NA
4164,WCA3B_Marsh,29.7,107.4,212.6,23.4,NA,NA,28,F,None
4165,WCA3B_Marsh,NA,140.4,277.8,59.2,NA,NA,62.8,M,None
4166,WCA3B_Marsh,29.1,109.5,214.7,42.9,NA,NA,26.5,M,None
4167,ENP-FC,28,104.5,197,40.3,NA,NA,25.5,F,NA
4168,ENP-FC,36.2,131.8,265.7,49.9,NA,NA,48.5,M,none
4169,ENP-FC,24.9,92.5,184.8,33.1,NA,NA,15,F,none
4170,ENP-FC,32.5,114.2,222.8,42.6,NA,NA,30,M,none
4171,ENP-FC,26.6,98.3,194.7,36.9,NA,NA,19,F,none
4172,ENP-FC,32.6,113,219,44.5,NA,NA,28,M,none
4173,ENP-FC,24.4,85.3,170.1,31.8,NA,NA,12,M,none
4174,ENP-FC,24.3,91.6,184.1,33.5,NA,NA,14,F,none
4175,ENP-FC,23.3,87.9,175,32.5,NA,NA,13.6,F,none
4176,ENP-FC,27.4,102,197.3,41.3,NA,NA,22,M,NA
4177,ENP-FC,31.2,118.3,228.1,45.2,NA,NA,33.5,M,none
4178,ENP-FC,34.5,125.3,253.1,46,NA,NA,44,M,none
4179,ENP-FC,27,99.4,195.5,39,NA,NA,19.25,M,none
4180,ENP-FC,32.5,118,233.5,47.4,NA,NA,37,M,none
4181,ENP-FC,26.7,98.5,197.5,40.2,NA,NA,22,F,none
4182,ENP-SS,28.6,107.3,212,40.4,NA,NA,25,F,none
4183,ENP-SS,29.5,110.2,217.7,37.2,NA,NA,22.5,M,none
4184,ENP-SS,36,130.8,253.2,45.6,NA,NA,41.5,M,none
4185,ENP-SS,26.3,97.2,189.7,27.9,NA,NA,14.6,F,none
4186,ENP-FC,28.4,100,200.5,38.2,NA,NA,19.2,M,none
4187,ENP-FC,26.1,93.9,182.3,35.7,NA,NA,17,F,none
4188,ENP-SS,23.9,86.4,172.1,33.5,NA,NA,12.8,F,none
4189,ENP-SS,27.6,102.1,194.4,35.4,NA,NA,20.5,F,none
4190,ENP-SS,27.1,102.5,205.3,36.5,NA,NA,22,F,none
4191,ENP-SS,25.6,95.5,191.4,38.7,NA,NA,19.5,F,none
4192,ENP-SS,32.1,115.8,219.6,40.7,NA,NA,31,M,none
4193,ENP-SS,32.6,120.4,233.7,38.9,NA,NA,30.5,M,none
4194,ENP-SS,32,112.4,221.9,43.3,NA,NA,27.5,M,none
4195,ENP-SS,26,93.4,181.6,35.5,NA,NA,17,F,Incomplete tail
4196,ENP-SS,25.3,94.3,191.3,34.1,NA,NA,16,F,NA
4197,ENP-SS,40,143.4,285.4,49.2,NA,NA,56.4,M,NA
4198,ENP-SS,41.5,150,289.8,56.5,NA,NA,78.8,M,none
4199,ENP-EST,27.1,97.1,177.1,30.2,NA,NA,15.5,F,Incomplete tail
4200,ENP-EST,27.2,98.5,199.7,40.2,NA,NA,22,M,None.
4201,ENP-EST,33.2,117,224.4,47,NA,NA,39.5,M,Incomplete tail
4202,ENP-EST,36,133.3,252.7,42,NA,NA,40.5,M,none
4203,ENP-EST,30,105.7,211.5,40.4,NA,NA,25,M,none
4204,ENP-EST,29,104.3,208.6,41.3,NA,NA,22,M,NA
4205,ENP-EST,32.5,117.8,235,48.8,NA,NA,38.5,M,none
4206,ENP-EST,31.1,113.9,225.9,43.4,NA,NA,34.5,M,none
4207,BICY_Marsh,29.7,108.1,218.2,42,NA,NA,26.5,M,none
4208,BICY_Marsh,33.5,123.4,240.5,48.2,NA,NA,42.5,M,none
4209,ENP-EST,29.8,106.2,207.4,42,NA,NA,25.9,M,none
4210,ENP-EST,35.9,130.4,258.2,42.4,NA,NA,39,M,Missing front left foot below elbow. Tumor on right front leg.
4211,ENP-EST,32,117.8,232.1,46.9,NA,NA,37.5,M,none
4212,ENP-EST,31.9,118.2,252.2,41.1,NA,NA,32,M,none
4213,ENP-EST,39.6,147.8,252.2,42.5,NA,NA,50,M,Incomplete tail
4214,ENP-EST,31.3,121.7,245.8,47.1,NA,NA,44,M,none
4215,ENP-EST,26.7,97,190.2,34.2,NA,NA,17,M,Missing left leg at the knee.
4216,BICY_Marsh,38,137.2,257.5,36,NA,NA,42.5,M,NA
4217,WCA3B_Marsh,NA,NA,72.1,NA,NA,NA,NA,U,NA
4218,WCA3A-HD_Marsh,25,90.6,179.6,33.8,NA,NA,15.4,F,none
4219,WCA3A-HD_Marsh,21.3,78,150,26.6,NA,NA,9,M,NA
4220,WCA3A-HD_Marsh,32.2,114.5,224.1,45.5,NA,NA,31.5,M,NA
4221,WCA3A-HD_Marsh,37,127.5,249.8,52.4,NA,NA,49.5,M,none
4222,WCA3A-HD_Marsh,38,129.1,252.9,53,NA,NA,60,M,NA
4223,WCA3A-HD_Marsh,27.3,100.5,197.5,44.5,NA,NA,25,F,NA
4224,WCA3A-HD_Marsh,43.1,153.6,305,57.3,NA,NA,81,M,NA
4225,WCA3A-HD_Marsh,32,118.4,229.6,46.5,NA,NA,37,M,NA
4226,WCA3A-HD_Marsh,27,96.5,190.1,36.3,NA,NA,18,F,NA
4227,BICY_Marsh,27.2,97.3,191.1,37,NA,NA,18.5,M,NA
4228,BICY_Marsh,31.5,113.9,220.2,46.7,NA,NA,31,M,NA
4229,BICY_Marsh,29.4,106.9,210.4,45.3,NA,NA,30,M,NA
4230,BICY_Marsh,44.3,155.1,296,61.3,NA,NA,93,M,NA
4231,BICY_Marsh,33.1,116.2,232,45.9,NA,NA,35,M,NA
4232,BICY_Marsh,36.3,130.9,252.4,48.6,NA,NA,44,M,NA
4233,BICY_Marsh,29.7,110.4,224.2,43.6,NA,NA,31,M,NA
4234,ENP-FC,24.3,90.2,184.1,33.4,NA,NA,14.5,F,NA
4235,ENP-FC,30.1,106.6,202.3,39.3,NA,NA,25.5,M,NA
4236,ENP-FC,32,119.5,238.4,47.6,NA,NA,39,M,NA
4237,ENP-FC,24.9,93.2,186.3,31.2,NA,NA,15,F,NA
4238,ENP-FC,31.7,115.4,229.4,44,NA,NA,33,M,NA
4239,ENP-FC,24,88.5,176.8,27.4,NA,NA,12,F,NA
4240,ENP-FC,24.6,92.6,182.2,31.4,NA,NA,14,F,NA
4241,ENP-FC,35.3,125.9,249.8,47,NA,NA,43.5,M,Bites on tail
4242,BICY_Marsh,35.2,127.4,242.7,52.8,NA,NA,50,M,NA
4243,BICY_Marsh,29.2,108,206,44.2,NA,NA,26,M,Missing front left arm. Pictures taken of bc and missing leg.
4244,BICY_Marsh,29.7,112,219,43.6,NA,NA,36,M,NA
4245,BICY_Marsh,25.2,95.7,191.2,39.7,NA,NA,20,F,NA
4246,BICY_Marsh,32.6,122.2,249.7,40.9,NA,NA,34.5,M,NA
4247,BICY_Marsh,29.3,107.5,209.7,41.5,NA,NA,27.5,M,NA
4248,BICY_Marsh,27.5,103.9,207.2,41.4,NA,NA,25,F,NA
4249,BICY_Marsh,31.1,115.3,224.4,47.5,NA,NA,32,M,NA
4250,WCA3B_Marsh,37.8,135.5,264.6,49.8,NA,NA,52,M,none
4251,WCA3B_Marsh,33.5,115.5,225.9,46.7,NA,NA,34,M,none
4252,WCA3B_Marsh,36.8,131.6,261.2,51.7,NA,NA,53,M,Missing eye x1. Front left leg broken.
4253,ENP-FC,19.5,71,143.8,26.5,NA,NA,7.2,F,NA
4254,ENP-FC,22.8,81.6,158.2,27.3,NA,NA,10,F,NA
4255,ENP-FC,25.3,94.2,179.6,35,NA,NA,18.25,F,missing outter two nails on both front feet; single scutes almost level to tail; pictures taken
4256,ENP-FC,23.8,89.4,178.8,37.8,NA,NA,16.25,F,NA
4257,ENP-FC,29.9,107,206.2,41.9,NA,NA,27,F,NA
4258,ENP-FC,37.8,136.8,260.7,35.7,NA,NA,34,M,NA
4259,ENP-FC,35,124.3,244.4,48,NA,NA,42,M,NA
4260,WCA3B_Marsh,35,131.4,257.4,52.8,NA,NA,49.5,M,none
4261,WCA3B_Marsh,24.5,90.5,164.5,34,NA,NA,14.8,F,none
4262,WCA3B_Marsh,16.9,63,124.4,24.3,NA,NA,5.4,M,none
4263,WCA3B_Marsh,30,109.1,210.1,44.7,NA,NA,26.5,M,none
4264,WCA3B_Marsh,33.8,120.4,235.5,50.8,NA,NA,44,M,none
4265,WCA3B_Marsh,33.7,123,236.3,39.8,NA,NA,34,M,none
4266,WCA3B_Marsh,28.5,102.1,184.5,36.2,NA,NA,NA,F,Incomplete tail
4267,WCA3B_Marsh,27.9,100,194.5,38.5,NA,NA,19.5,M,none
4268,WCA3B_Marsh,36.9,132.5,261.5,54.9,NA,NA,55,M,none
4269,WCA3B_Marsh,27.6,95.8,188,41.1,NA,NA,22.5,F,none
4270,WCA3A-HD_Marsh,17.5,63.6,128.4,24.9,NA,NA,4.8,U,NA
4271,WCA3A-HD_Marsh,26.9,100.1,201.9,41,NA,NA,24,F,NA
4272,WCA3A-HD_Marsh,29.2,106.6,210.9,43.2,NA,NA,26,M,NA
4273,WCA3A-HD_Marsh,27.3,104,204.2,41.9,NA,NA,23.5,M,NA
4274,WCA3A-HD_Marsh,35.9,128,253.1,51.4,NA,NA,43.5,M,NA
4275,WCA3A-HD_Marsh,29.8,109.1,216.5,45.2,NA,NA,31,F,NA
4276,WCA3A-N41_Marsh,30.2,110.5,214.1,44.9,NA,NA,31,M,none
4277,WCA3A-N41_Marsh,31,111.7,220.2,44.4,NA,NA,33,M,NA
4278,WCA3A-N41_Marsh,23.7,87.4,174.1,33.9,NA,NA,13.5,F,none
4279,WCA3A-N41_Marsh,18.8,68,138.9,27.4,NA,NA,6.6,F,none
4280,WCA3A-N41_Marsh,24.5,87.1,178.4,34.7,NA,NA,14.6,F,none
4281,WCA3A-N41_Marsh,22.5,81.6,159.2,30.2,NA,NA,10.4,F,none
4282,WCA3A-N41_Marsh,34.8,126.9,252,46.1,NA,NA,40.5,M,NA
4283,WCA3A-N41_Marsh,29.9,104.7,205.1,38.8,NA,NA,22.5,F,NA
4284,WCA3A-N41_Marsh,40,141.1,277.9,37.1,NA,NA,41.5,M,NA
4285,WCA3A-N41_Marsh,22.4,80.9,159.7,30.5,NA,NA,11.2,F,NA
4286,WCA3A-N41_Marsh,22.4,80,156,33.3,NA,NA,11.2,F,NA
4287,WCA3A-N41_Marsh,26.6,98.1,195.4,40.8,NA,NA,22,F,NA
4288,WCA3A-N41_Marsh,27.4,99,170,37.8,NA,NA,19.2,F,Incomplete tail
4289,WCA3B_Marsh,18.2,65.7,132,25.7,NA,NA,6.2,M,NA
4290,WCA3B_Marsh,29.2,110.5,217.6,47.4,NA,NA,34.5,F,NA
4291,WCA3B_Marsh,34.5,122.3,241.7,55.3,NA,NA,50,M,NA
4292,WCA3B_Marsh,24.3,87.8,173.6,37.7,NA,NA,17.4,F,NA
4293,WCA3A-N41_Marsh,39.6,141.2,280.5,52.7,NA,NA,54.5,M,NA
4294,WCA3A-N41_Marsh,33,120.1,234.1,41.7,NA,NA,32.5,M,NA
4295,Lox_Marsh,33.7,122.5,248.5,48.2,NA,NA,41.5,M,NA
4296,Lox_Marsh,18.3,65.2,131.8,25.9,NA,NA,6.25,U,NA
4297,Lox_Marsh,21.1,76.4,156.5,31.7,NA,NA,9.6,F,NA
4298,Lox_Marsh,34.4,126.9,260.3,59.3,NA,NA,59,M,NA
4299,Lox_Marsh,18.6,66.6,136,26.6,NA,NA,6.6,U,NA
4300,Lox_Marsh,25.7,93.7,182,37.5,NA,NA,17.8,F,NA
4301,Lox_Marsh,17.1,59.6,120.3,NA,NA,NA,NA,U,NA
4302,Lox_Marsh,24.4,88.8,178.1,37.8,NA,NA,16,F,NA
4303,Lox_Marsh,28.2,102.1,203.8,44.4,NA,NA,26,F,NA
4304,Lox_Marsh,41,151,293,38.3,NA,NA,47,M,NA
4305,Lox_Marsh,30.8,112.8,226.1,44.5,NA,NA,31,F,NA
4306,Lox_Marsh,28.8,105.5,212.3,39.7,NA,NA,26,F,NA
4307,Lox_Marsh,22.6,84.6,173.5,35.9,NA,NA,14.4,F,NA
4308,Lox_Marsh,18,62.6,127.4,25.6,NA,NA,6.4,U,NA
4309,Lox_Marsh,19.2,69.8,139.6,26.7,NA,NA,7.4,U,NA
4310,Lox_Marsh,28.9,110.3,224,43.4,NA,NA,36,F,NA
4311,ENP-EST,29.6,105.8,211.4,44.8,NA,NA,29.5,M,NA
4312,ENP-EST,30.5,112.3,227.3,45.1,NA,NA,31,M,NA
4313,ENP-EST,38.5,142,280.2,50.1,NA,NA,58.6,M,NA
4314,ENP-EST,31.9,116.4,226.5,41,NA,NA,28.5,M,NA
4315,ENP-EST,26.2,98.2,194.1,36.4,NA,NA,16.6,F,None.
4316,ENP-EST,35.6,131,267.1,54.1,NA,NA,55,M,None
4317,ENP-EST,35.6,126.2,245.2,49.9,NA,NA,45.4,M,Broken jaw
4318,ENP-EST,31.8,113.4,175.1,46.9,NA,NA,31.5,M,Incomplete tail
4319,ENP-EST,31.6,110.4,219.9,41.5,NA,NA,28.5,M,NA
4320,ENP-EST,37.3,137.1,282,54.3,NA,NA,59,M,NA
4321,ENP-EST,33.4,121,239.9,49.5,NA,NA,40,M,NA
4322,ENP-EST,37.8,131,259.4,49.5,NA,NA,48,M,NA
4323,WCA3A-HD_Marsh,28.6,101.7,207.8,36,NA,NA,20.5,F,none
4324,WCA3A-HD_Marsh,31.8,107.5,205.5,32.5,NA,NA,22,F,None
4325,WCA3A-HD_Marsh,24.7,88.6,172.8,34.3,NA,NA,14.25,M,None.
4326,WCA3A-TW_Marsh,31.2,113.9,235.1,50.5,NA,NA,35.1,M,NA
4327,WCA3A-TW_Marsh,23.5,84.2,168.7,33.9,NA,NA,12.8,F,NA
4328,WCA3A-N41_Marsh,26.2,92.7,186.6,39.8,NA,NA,19,F,None
4329,WCA3A-N41_Marsh,30.3,107.9,208.7,40.5,NA,NA,29,F,None
4330,WCA3B_Marsh,NA,NA,NA,NA,NA,NA,NA,U,None
4331,WCA3B_Marsh,18.7,68.8,139.4,26,NA,NA,6.4,M,None
4332,WCA3B_Marsh,19.9,72.5,144.3,28.3,NA,NA,8,M,None
4333,WCA3B_Marsh,26.5,97.4,191.1,39.6,NA,NA,21,F,None
4334,ENP-EST,22.3,80.9,168.2,34.9,NA,NA,11.8,M,None
4335,ENP-EST,33.4,118.3,237,51.5,NA,NA,39,M,None
4336,ENP-EST,32.5,117,235.3,51.3,NA,NA,41,M,None
4337,ENP-EST,36.3,127.3,250,50.7,NA,NA,47.5,M,None
4338,ENP-EST,31.2,111.3,221.3,46.8,NA,NA,31.5,M,None
4339,ENP-EST,31.5,112.2,224.6,43.7,NA,NA,30.5,M,NA
4340,ENP-EST,35.7,128.1,256.2,51.4,NA,NA,47,M,None
4341,WCA3A-TW_Marsh,28.8,101.3,199.1,38.2,NA,NA,22,M,None
4342,WCA3A-TW_Marsh,26.4,95.9,185,37.4,NA,NA,18.75,F,Incomplete tail
4343,Lox_Marsh,25.2,89,179.2,32.3,NA,NA,13.4,F,None
4344,Lox_Marsh,23,85,174,30.8,NA,NA,12,F,None
4345,Lox_Marsh,26.5,96,190.6,37,NA,NA,19,F,None
4346,Lox_Marsh,24.9,88.2,178,36.2,NA,NA,18,M,None
4347,Lox_Marsh,30,105.8,212.1,40,NA,NA,25.5,M,None
4348,Lox_Marsh,23.8,86.5,174.7,34.1,NA,NA,13.6,F,None
4349,Lox_Marsh,21.5,77.4,153,31.8,NA,NA,10.6,F,None
4350,WCA3A-HD_Marsh,19.5,72.8,148.1,37.5,NA,NA,7.8,F,None
4351,WCA3A-HD_Marsh,36,128.9,252,47.9,NA,NA,41.4,M,None
4352,WCA3A-HD_Marsh,25.5,95.1,192.7,37.3,NA,NA,19,F,None
4353,WCA3A-HD_Marsh,38.2,137.6,268.1,52.2,NA,NA,55,M,None
4354,WCA3A-HD_Marsh,29.7,103.4,206.3,42.2,NA,NA,25.5,F,None
4355,WCA3A-HD_Marsh,28.4,106.1,208.4,41.4,NA,NA,25,F,None
4356,WCA3A-HD_Marsh,30.1,111.5,220.8,42,NA,NA,27,F,None
4357,WCA3A-HD_Marsh,26.9,99.8,190.2,39.2,NA,NA,20,F,None
4358,WCA3A-HD_Marsh,27.4,102.4,206.8,37.5,NA,NA,24,F,"Rear right foot has broken nail on 2nd digit, no nail on 3rd digit"
4359,WCA3A-HD_Marsh,28,101.8,199.2,41.6,NA,NA,24.5,F,None
4360,WCA3A-HD_Marsh,28.4,102.5,201,40.9,NA,NA,22,F,None
4361,WCA3A-HD_Marsh,30.1,107.5,212,47.4,NA,NA,31,F,None
4362,Lox_Marsh,24,85.8,166.1,33.1,NA,NA,12.8,M,None
4363,Lox_Marsh,28.7,101.9,199.5,38.5,NA,NA,23,M,None
4364,Lox_Marsh,27.4,96,192.8,38.2,NA,NA,18.5,F,None
4365,Lox_Marsh,23.4,80.3,158.1,30.2,NA,NA,10.2,F,None
4366,Lox_Marsh,24.8,91.2,178.8,33.6,NA,NA,15.5,F,None
4367,Lox_Marsh,19.6,70,140,26.8,NA,NA,7.4,F,Incomplete tail
4368,Lox_Marsh,29.8,107.5,210.6,41.6,NA,NA,24,M,None
4369,Lox_Marsh,27,102,202.2,32.1,NA,NA,18,F,Missing 3/4 of front R. leg
4370,WCA3A-HD_Marsh,27,102.4,199.4,40.6,NA,NA,NA,F,None
4371,WCA3A-HD_Marsh,24.9,91.1,183.1,33.7,NA,NA,14.4,M,None
4372,WCA3A-HD_Marsh,28,101.4,196.8,41.3,NA,NA,22.5,M,None
4373,WCA3A-HD_Marsh,28.4,101.5,199.6,40.2,NA,NA,21.5,M,Missing right front digits (has hand only)
4374,WCA3A-TW_Marsh,27.5,98.9,190.5,24.1,NA,NA,12.5,F,NA
4375,WCA3A-TW_Marsh,20.9,78,158.7,28.8,NA,NA,9.1,F,None
4376,WCA3A-TW_Marsh,31.1,115.4,225.5,41.9,NA,NA,31,F,None
4377,WCA3A-N41_Marsh,23,82.1,162.1,30.3,NA,NA,11.5,F,None
4378,WCA3A-N41_Marsh,43,145,284.2,43.7,NA,NA,63,M,None
4379,WCA3A-N41_Marsh,31.5,111,223.9,46,NA,NA,33.5,M,None
4380,WCA3A-N41_Marsh,29.4,105.2,209,42.5,NA,NA,26,F,None
4381,WCA3A-N41_Marsh,24.3,89.5,189.1,35.2,NA,NA,16,F,None
4382,WCA3A-N41_Marsh,28.8,104.7,204.2,39.1,NA,NA,23,F,None
4383,WCA3A-N41_Marsh,46.8,156.5,300.3,60.2,NA,NA,89.5,M,None
4384,WCA3A-N41_Marsh,24,90.7,180.5,36.4,NA,NA,10.8,F,None
4385,WCA3A-N41_Marsh,24.9,92.1,184.5,33,NA,NA,16.25,F,None
4386,WCA3A-N41_Marsh,35.1,127,242,44.5,NA,NA,42,M,None
4387,WCA3A-N41_Marsh,25.8,94.5,188.3,38.6,NA,NA,18.2,F,None
4388,WCA3A-TW_Marsh,30.4,106.9,214.8,44.1,NA,NA,27,F,NA
4389,WCA3A-N41_Marsh,26.1,92.8,189.4,37.4,NA,NA,18.5,F,None
4390,WCA3A-N41_Marsh,23.8,87.7,173.4,33.1,NA,NA,NA,F,None
4391,WCA3A-N41_Marsh,21.9,82.2,163.9,32.2,NA,NA,12.6,F,None
4392,ENP-EST,23.7,86.6,181.8,35.1,NA,NA,16,F,None
4393,ENP-EST,34.2,123.9,244.1,49.5,NA,NA,46,M,None
4394,ENP-EST,24.1,88.5,178.4,36.1,NA,NA,15.8,F,None
4395,ENP-EST,23.8,84.4,171.4,32.1,NA,NA,13,M,None
4396,ENP-EST,32.5,119.7,238.2,42.8,NA,NA,33.5,M,None
4397,ENP-NESSE,21.4,80.5,161.8,30.9,NA,NA,11.8,M,None
4398,BICY_Marsh,29.4,110,219.5,44.4,NA,NA,27,M,None
4399,BICY_Marsh,31.5,120,233.4,48.6,NA,NA,39.5,M,None
4400,BICY_Marsh,30.1,107.1,209.6,40.2,NA,NA,24,M,None
4401,WCA3B_Marsh,23.7,85,162.9,33.2,NA,NA,12.8,F,None
4402,WCA3B_Marsh,25.9,94.5,192.7,35.9,NA,NA,16.6,F,None
4403,WCA3B_Marsh,30.2,109.2,211.5,42.3,NA,NA,26,M,None
4404,WCA3B_Marsh,38.5,138.4,261.5,61,NA,NA,70,M,None
4405,WCA3B_Marsh,39.2,140.2,259.7,60.1,NA,NA,69,M,Incomplete tail
4406,WCA3B_Marsh,29.5,107.8,215.7,47,NA,NA,31,F,Front right leg missing completely
4407,WCA3B_Marsh,27.7,105.3,207.6,41.1,NA,NA,22.5,F,None
4408,WCA3B_Marsh,38.6,134.9,270.1,58.9,NA,NA,63,M,None
4409,WCA3B_Marsh,27.6,101.1,200.4,41.4,NA,NA,22.5,F,None
4410,WCA3B_Marsh,28,107.6,213.4,44.3,NA,NA,27,F,None
4411,WCA3B_Marsh,25,91.8,187.8,38.5,NA,NA,17,M,None
4412,WCA3B_Marsh,32.1,111.7,218.2,47.1,NA,NA,34,M,None
4413,WCA3A-TW_Marsh,29.1,102.5,188.2,41.2,NA,NA,24,F,Incomplete tail
4414,WCA3A-TW_Marsh,24.8,91.4,178.5,35.3,NA,NA,14.4,F,None
4415,WCA3A-TW_Marsh,34.1,121,238.2,45.2,NA,NA,35,M,None
4416,WCA3A-TW_Marsh,25.9,94.6,184.4,35.9,NA,NA,19,F,None
4417,WCA3A-TW_Marsh,29.5,108.9,187.8,45.5,NA,NA,29,F,Incomplete tail
4418,WCA3A-TW_Marsh,20.3,76,154.8,29.6,NA,NA,9.7,F,None
4419,WCA3A-TW_Marsh,33.7,120.9,240.3,53.4,NA,NA,43,M,None
4420,BICY_Marsh,28.8,104.4,211.6,46,NA,NA,27,F,None
4421,BICY_Marsh,28.9,100.7,196.2,42.4,NA,NA,22,F,None
4422,BICY_Marsh,27.1,98,193.1,41.8,NA,NA,20,F,None
4423,BICY_Marsh,31.2,113.8,226.2,47,NA,NA,33,M,None
4424,BICY_Marsh,26.1,94.8,188.5,37.6,NA,NA,17.5,M,None
4425,BICY_Marsh,28.2,104.9,204.7,47.2,NA,NA,31,F,None
4426,BICY_Marsh,44.1,156.5,308,74.3,NA,NA,115,M,None
4427,ENP-FC,25.5,90.5,174.6,35.1,NA,NA,16.4,F,Incomplete tail
4428,ENP-FC,23.8,88.6,174.6,35,NA,NA,14.25,F,NA
4429,ENP-FC,34.6,122.5,218.7,52.4,NA,NA,47,M,NA
4430,ENP-FC,24.1,92.4,180.6,34.9,NA,NA,15.6,F,None
4431,ENP-FC,37,128.6,254.9,53.9,NA,NA,50,M,None
4432,ENP-FC,25.2,93.5,191.6,41.8,NA,NA,21.5,F,None
4433,ENP-FC,37,133.2,262.3,52.5,NA,NA,49.5,M,None
4434,ENP-FC,27.9,100.8,208,39.9,NA,NA,21.5,M,NA
4435,ENP-FC,29.9,113,221.9,46.6,NA,NA,31,M,None
4436,ENP-FC,27.5,100.3,208.6,41.4,NA,NA,23,F,None
4437,ENP-SS,29.9,104.9,202,37.6,NA,NA,21,F,None
4438,ENP-SS,24.9,91.1,178.5,31.8,NA,NA,14.2,F,None
4439,ENP-SS,32,116.1,225.2,44.6,NA,NA,31.5,M,None
4440,ENP-SS,25.3,94.9,190.1,36.5,NA,NA,18.6,F,None
4441,ENP-SS,34,121.8,235.3,45.5,NA,NA,37,M,None
4442,ENP-SS,26.3,96,192.1,31.1,NA,NA,15.4,F,Broken jaw
4443,ENP-SS,33.8,120.1,237.6,47.1,NA,NA,38,M,None
4444,ENP-SS,36.7,136.2,259.3,45.9,NA,NA,44,M,None
4445,ENP-SS,36.1,132,260.7,50.6,NA,NA,50,M,None
4446,ENP-SS,31,108.8,215.3,46.1,NA,NA,31.5,F,None
4447,ENP-SS,33.3,121.3,239.2,46.5,NA,NA,36,M,None
4448,ENP-SS,27.9,105.6,209.7,42.1,NA,NA,27,F,NA
4449,ENP-SS,26.8,102.1,204.2,41.4,NA,NA,24.5,F,None
4450,ENP-SS,30.7,108,214.2,44,NA,NA,28,M,None
4451,ENP-SS,32,114,228.9,49.6,NA,NA,38,M,None
4452,ENP-FC,30.8,113,224,49.5,NA,NA,37,F,None
4453,ENP-SS,25.7,96.9,195.1,37.1,NA,NA,18.5,F,None
4454,ENP-FC,29.9,103.9,204.6,41.5,NA,NA,24.5,M,None
4455,ENP-FC,26.9,92.2,188.3,34.4,NA,NA,16.8,M,None
4456,ENP-FC,35.6,128.8,256.4,51.3,NA,NA,47.5,M,None
4457,ENP-FC,32.9,119.2,234.1,48.9,NA,NA,42.5,M,None
4458,ENP-FC,28.6,106.8,201.5,45.1,NA,NA,28,F,Incomplete tail
4459,ENP-NESSE,26.1,95.7,194.2,37.8,NA,NA,18,F,None
4460,ENP-NESSE,37,135.2,261.7,58.3,NA,NA,59,M,None
4461,ENP-NESSE,24.8,90.4,186.2,35.7,NA,NA,17,F,None
4462,ENP-EST,36.4,131.6,258.6,48.3,NA,NA,48.5,M,None
4463,ENP-EST,36.4,128.8,261.6,49,NA,NA,44,M,None
4464,ENP-EST,33.9,124.5,251,48.6,NA,NA,48.5,M,None
4465,ENP-EST,26.3,88.5,176,37.1,NA,NA,17.2,F,None
4466,ENP-EST,29,102,207,42.5,NA,NA,25.5,M,None
4467,ENP-NESSE,30,105.5,203.3,42.2,NA,NA,26.5,M,None
4468,ENP-NESSE,18.6,66.4,124.5,25.4,NA,NA,6,M,None
4469,ENP-NESSE,25,91.6,184.8,39.2,NA,NA,21,F,None
4470,ENP-NESSE,28.8,101,200.5,40.4,NA,NA,21,M,None
4471,ENP-NESSE,33.3,118.7,234.1,50,NA,NA,42.5,M,None
4472,ENP-NESSE,37.2,134.5,270.1,59.3,NA,NA,63.6,M,None
4473,ENP-NESSE,32.3,110.5,219.9,45.5,NA,NA,31,M,None
4474,ENP-NESSE,26.1,94.4,181.4,38.2,NA,NA,20.5,F,None
4475,ENP-NESSE,29,105.9,208.4,39.4,NA,NA,26.5,M,None
4476,ENP-NESSE,38.3,138.9,276.5,57.4,NA,NA,66,M,None
4477,ENP-NESSE,29.3,104.9,204.1,31.6,NA,NA,18.5,F,None
4478,ENP-NESSE,30.3,109.5,209.9,45.4,NA,NA,30.5,F,None
4479,BICY_Marsh,45.5,161.9,320.1,73.1,NA,NA,112.85,M,None
4480,BICY_Marsh,32.1,118.7,233.5,47.2,NA,NA,NA,U,None
4481,BICY_Marsh,43.3,147.3,279.1,59.7,NA,NA,74.85,M,None
4482,BICY_Marsh,41.8,149.2,282.1,58.6,NA,NA,83.85,M,Incomplete tail
4483,BICY_Marsh,33.2,120.1,231.7,44.1,NA,NA,35,M,None
4484,BICY_Marsh,39,141,266.4,51.6,NA,NA,60,M,Incomplete tail
4485,WCA3A-HD_Marsh,28,99.4,195.7,36.6,NA,NA,NA,F,none
4486,WCA3A-HD_Marsh,29.3,103,201.9,35.1,NA,NA,22,F,none
4487,WCA3A-HD_Marsh,27.5,101.1,198.6,38.1,NA,NA,23.5,F,None
4488,WCA3A-HD_Marsh,37.3,132.1,245.7,45.6,NA,NA,44,M,NA
4489,WCA3A-HD_Marsh,35.6,128.5,246.2,54.5,NA,NA,54.1,M,none
4490,WCA3A-HD_Marsh,40.4,146,281,54,NA,NA,68.8,M,None
4491,WCA3A-HD_Marsh,33,116.6,231.8,46.6,NA,NA,36,M,None
4492,ENP-EST,32.2,115.8,228.5,48.6,NA,NA,38.5,M,NA
4493,ENP-EST,24.9,94.9,187.8,42.3,NA,NA,21,F,NA
4494,ENP-FC,34.7,128,257.2,52.7,NA,NA,46,F,Missing right eye
4495,ENP-FC,27.7,99.8,182,42.6,NA,NA,24,F,Incomplete tail
4496,ENP-FC,28.6,101.2,200.5,39.8,NA,NA,26,M,None
4497,ENP-FC,21,79.2,153.6,27.5,NA,NA,10,F,None
4498,ENP-SS,29.8,108.4,212,30,NA,NA,18.6,F,None
4499,ENP-SS,29.2,103.9,205.4,42.5,NA,NA,13.2,M,None
4500,ENP-SS,36.8,132.5,272.8,48,NA,NA,45,M,None
4501,ENP-FC,22,80.7,159.6,31.8,NA,NA,10.5,M,None
4502,ENP-FC,42.4,149,304.6,63.5,NA,NA,90,M,Slight notch in tip of snoot
4503,ENP-FC,32.6,118.2,235,48.1,NA,NA,43,M,none
4504,WCA3B_Marsh,33.8,118.4,229.2,42.6,NA,NA,32,M,Missing front left leg
4505,WCA3B_Marsh,28.8,108.2,214.6,40.5,NA,NA,25,M,None
4506,WCA3B_Marsh,25.4,91.6,186.6,34.1,NA,NA,16.4,F,None
4507,WCA3B_Marsh,28,101.1,201.1,41.8,NA,NA,22,F,None
4508,WCA3A-TW_Marsh,20.1,71.2,142.7,25.8,NA,NA,7.25,M,None
4509,WCA3B_Marsh,25.8,96,192.5,39.5,NA,NA,21,F,None
4510,WCA3B_Marsh,24.8,92.1,186.3,34.4,NA,NA,16,F,None
4511,WCA3B_Marsh,23.3,89.9,178.2,33.2,NA,NA,14.5,F,None
4512,WCA3B_Marsh,38.1,137.7,281.1,59.2,NA,NA,68,M,None
4513,WCA3B_Marsh,27.3,99.8,201.2,39.2,NA,NA,21.5,F,None
4514,WCA3B_Marsh,28.1,103.3,210.3,44.2,NA,NA,30.5,F,None
4515,ENP-FC,30.4,115.7,231.6,48.1,NA,NA,36.5,M,NA
4516,ENP-FC,24.6,89.1,173.3,35.5,NA,NA,15.5,F,NA
4517,ENP-FC,25.1,96.2,191.5,40.5,NA,NA,22.5,F,NA
4518,ENP-FC,26,93.3,186.3,37.1,NA,NA,18.2,F,NA
4519,ENP-FC,34.4,126,250,51.7,NA,NA,50,M,NA
4520,ENP-FC,NA,NA,210.1,NA,NA,NA,NA,U,NA
4521,ENP-SS,30,107.9,214.4,43.3,NA,NA,30,M,NA
4522,WCA3A-N41_Marsh,35.1,123.9,240.4,48.1,NA,NA,40,M,NA
4523,WCA3A-N41_Marsh,31.3,113.4,212.2,44.1,NA,NA,31,M,NA
4524,WCA3A-N41_Marsh,31,112.8,227.9,47.8,NA,NA,35,F,NA
4525,WCA3B_Marsh,27.5,100.1,198,39.7,NA,NA,20,M,None
4526,WCA3B_Marsh,24.5,89.2,181.4,37.2,NA,NA,16.5,F,None
4527,WCA3B_Marsh,27.5,101.3,201.9,41.9,NA,NA,24.5,F,None
4528,WCA3B_Marsh,30.5,112.5,234.6,49.7,NA,NA,35,F,Missing front right leg
4529,WCA3B_Marsh,28.1,103,201.5,41.1,NA,NA,25,F,None
4530,ENP-FC,30.7,111.7,224.1,49.1,NA,NA,36.5,M,NA
4531,ENP-FC,30.3,113.3,222.8,46.7,NA,NA,34,M,none
4532,ENP-FC,25.4,90.8,185.1,33.8,NA,NA,16.2,M,None
4533,ENP-NESSE,38.5,136.4,270.5,60.5,NA,NA,63,M,None
4534,ENP-NESSE,31.6,114.6,230.4,47.5,NA,NA,36,M,None
4535,ENP-SS,33.4,120,214,49.5,NA,NA,37.5,M,Incomplete tail
4536,ENP-SS,31.5,112.2,196.6,43.8,NA,NA,31,M,Incomplete tail
4537,ENP-SS,35.5,126.3,251.5,50,NA,NA,42,M,None
4538,ENP-SS,31.5,112.5,194,36.8,NA,NA,13.1,M,Incomplete tail
4539,ENP-SS,34.2,122.8,241.7,50.5,NA,NA,42,M,None
4540,ENP-SS,29.5,111.4,224.7,47.7,NA,NA,35,F,None
4541,ENP-SS,30.9,117.4,222.2,47.3,NA,NA,36,M,Incomplete tail
4542,WCA3A-HD_Marsh,26.2,94.7,184,35.7,NA,NA,17,M,NA
4543,WCA3A-HD_Marsh,22.6,83.4,155.2,28.6,NA,NA,10,M,Incomplete tail
4544,WCA3A-HD_Marsh,25.9,98.5,191.4,40.7,NA,NA,23,F,NA
4545,WCA3A-HD_Marsh,23,86.5,177.5,31.8,NA,NA,13,F,NA
4546,WCA3A-N41_Marsh,27.8,100,198.6,34.9,NA,NA,20,F,NA
4547,WCA3A-N41_Marsh,30.8,105.9,207.7,43.3,NA,NA,26.5,M,NA
4548,ENP-SS,31.7,114,222.2,47.3,NA,NA,32.5,M,None
4549,ENP-SS,30.3,112.4,225.4,43,NA,NA,32,M,None
4550,ENP-SS,27.5,99.4,202.5,40.2,NA,NA,23,F,None
4551,ENP-SS,27.2,105.1,211.9,30.1,NA,NA,18,F,None
4552,WCA3A-HD_Marsh,29.2,106.2,206.1,39.6,NA,NA,27,F,NA
4553,WCA3A-HD_Marsh,29.1,107.9,213.4,43,NA,NA,28.5,F,NA
4554,WCA3A-HD_Marsh,30.7,110.8,220.1,40.9,NA,NA,29.5,F,NA
4555,WCA3A-HD_Marsh,22.1,80.8,163.1,30.9,NA,NA,10.6,F,NA
4556,WCA3A-HD_Marsh,NA,NA,122.5,NA,NA,NA,NA,U,NA
4557,WCA3A-HD_Marsh,27.2,99,195.4,36.2,NA,NA,21,F,NA
4558,WCA3A-HD_Marsh,38.2,135.9,246.9,56.9,NA,NA,55,M,Incomplete tail
4559,WCA3A-HD_Marsh,34.1,120.1,229.9,45.3,NA,NA,40.5,F,Incomplete tail
4560,WCA3A-HD_Marsh,41.4,147.5,292.3,60.8,NA,NA,90,M,NA
4561,WCA3A-HD_Marsh,30.6,110,216.2,42.7,NA,NA,29.5,F,NA
4562,WCA3A-HD_Marsh,23.1,82.5,159.2,30.8,NA,NA,11.6,M,NA
4563,WCA3A-HD_Marsh,23.4,83.9,168.7,34,NA,NA,13.4,F,NA
4564,WCA3A-HD_Marsh,42.1,146.1,283.3,59.2,NA,NA,78,M,NA
4565,WCA3A-N41_Marsh,33.7,117.8,231.7,52.6,NA,NA,41,M,NA
4566,WCA3A-N41_Marsh,25.2,94.5,186,35.4,NA,NA,18.5,M,NA
4567,WCA3A-N41_Marsh,24.3,89.9,175.1,36.2,NA,NA,16,M,NA
4568,WCA3A-N41_Marsh,33.3,117.3,229.3,46.6,NA,NA,35.3,M,NA
4569,WCA3A-N41_Marsh,34.2,118.3,236,50.1,NA,NA,39,M,NA
4570,WCA3A-N41_Marsh,33.7,122,242.6,51,NA,NA,42,M,NA
4571,ENP-EST,30.1,104,210.9,37.4,NA,NA,22.5,F,None
4572,ENP-EST,31.3,111.7,217.6,52.3,NA,NA,27.5,M,None
4573,WCA3A-TW_Marsh,42.3,148.1,294.2,59.5,NA,NA,81,M,None
4574,WCA3A-TW_Marsh,20.8,77.3,157.3,30.4,NA,NA,9.6,F,None
4575,WCA3A-TW_Marsh,17.7,64.4,132.6,23.8,NA,NA,6.2,M,None
4576,WCA3A-TW_Marsh,19.2,70,141.8,28.6,NA,NA,8,F,None
4577,WCA3A-TW_Marsh,24.9,89,154.5,38.5,NA,NA,16.4,F,Incomplete tail
4578,WCA3A-TW_Marsh,36.8,129.3,259.8,54.7,NA,NA,48.5,M,None
4579,WCA3A-TW_Marsh,32.7,114.6,227.9,48,NA,NA,34.5,M,None
4580,WCA3A-TW_Marsh,20.7,75.4,149.2,29.2,NA,NA,8.6,M,None
4581,WCA3A-TW_Marsh,31.5,112.7,219.7,39.2,NA,NA,30,F,None
4582,Lox_Marsh,NA,NA,120,NA,NA,NA,NA,U,NA
4583,Lox_Marsh,22,82.9,161.1,32.2,NA,NA,12,F,NA
4584,Lox_Marsh,19.3,68.5,136.2,26.5,NA,NA,7.6,F,NA
4585,Lox_Marsh,30,104.7,205.7,40.5,NA,NA,23.5,M,NA
4586,Lox_Marsh,24.4,87.5,174.5,33.5,NA,NA,14.4,M,NA
4587,Lox_Marsh,24.3,86,169.5,33.7,NA,NA,13.2,M,NA
4588,Lox_Marsh,23.9,85.3,171.5,34,NA,NA,13,F,NA
4589,Lox_Marsh,30.1,102.3,200.4,42,NA,NA,24.5,M,NA
4590,Lox_Marsh,27.5,98.7,190.2,41.3,NA,NA,22.5,F,Incomplete tail
4591,Lox_Marsh,25.6,94.7,190.8,38.8,NA,NA,19.5,F,NA
4592,Lox_Marsh,24.9,90.7,185.2,40,NA,NA,18,F,NA
4593,Lox_Marsh,26.4,94.5,189.2,39,NA,NA,19.5,F,NA
4594,WCA3A-TW_Marsh,17.9,63.7,131.7,26.5,NA,NA,6,M,NA
4595,WCA3A-TW_Marsh,34.1,124.6,246.9,51,NA,NA,43,M,NA
4596,WCA3A-TW_Marsh,33.1,119.1,238,51,NA,NA,42,M,NA
4597,Lox_Marsh,28.1,100.1,198.5,37.7,NA,NA,20.5,F,NA
4598,Lox_Marsh,30.2,109.5,216,42,NA,NA,28,M,NA
4599,Lox_Marsh,28.5,103.8,201.6,37.2,NA,NA,20.5,F,Missing 2nd and 3rd claw on rear left foot. 4th toe on same foot is broken.
4600,Lox_Marsh,28.2,103.9,207.2,34.1,NA,NA,21,F,NA
4601,WCA3A-N41_Marsh,38.1,135.2,270.6,58.3,NA,NA,64,M,None
4602,WCA3A-N41_Marsh,24.2,85.5,168.2,34.6,NA,NA,14.2,F,Missing left rear leg
4603,WCA3A-N41_Marsh,35.9,131.7,258.7,46.5,NA,NA,43.5,M,None
4604,WCA3A-N41_Marsh,25.2,93.5,185.8,39.4,NA,NA,18,F,None
4605,WCA3A-TW_Marsh,33.6,124.1,240.9,48.9,NA,NA,40.5,M,NA
4606,WCA3A-TW_Marsh,32.7,118,238.4,46.2,NA,NA,35,M,NA
4607,WCA3A-TW_Marsh,33.6,119.2,237.2,49.6,NA,NA,41.5,M,NA
4608,WCA3A-HD_Marsh,30.8,110.4,214,45.2,NA,NA,34,F,NA
4609,WCA3A-HD_Marsh,32.1,113.6,223.4,49,NA,NA,41,M,NA
4610,ENP-EST,25.9,91.9,186.5,39.1,NA,NA,19.4,M,NA
4611,ENP-EST,33.9,127.5,252.7,52.5,NA,NA,48,M,NA
4612,ENP-EST,33.3,118.6,229.2,50.2,NA,NA,42,M,Incomplete tail
4613,ENP-EST,32.9,121.9,243.3,47.6,NA,NA,39.5,M,NA
4614,ENP-EST,21.9,77,161.6,31.9,NA,NA,9.5,F,NA
4615,ENP-EST,24.5,91.4,179.2,38.4,NA,NA,17.6,M,NA
4616,ENP-EST,27.4,103.3,197.4,35.5,NA,NA,21.5,F,NA
4617,ENP-EST,39.6,147.4,282.3,57,NA,NA,76,M,NA
4618,ENP-EST,36.5,134.4,243.1,40.1,NA,NA,41,M,Incomplete tail
4619,ENP-EST,38,131.9,268,57.5,NA,NA,61,M,NA
4620,ENP-EST,29.9,106.7,213.5,42.2,NA,NA,33,F,NA
4621,ENP-EST,35.3,118.5,238.3,49,NA,NA,46,M,NA
4622,ENP-EST,30.8,113.3,227.2,48.4,NA,NA,38,M,NA
4623,ENP-EST,35.4,132.7,250.4,47.4,NA,NA,52,M,none
4624,ENP-EST,35.8,119.2,238.9,52.7,NA,NA,51,M,NA
4625,ENP-EST,36.5,132.1,265.7,54.9,NA,NA,65,M,NA
4626,ENP-EST,33.2,116.4,236.1,50.7,NA,NA,43,M,NA
4627,Lox_Marsh,29.5,106.2,209.9,36.9,NA,NA,21.5,M,NA
4628,Lox_Marsh,26.2,93.1,182.9,36.4,NA,NA,15.6,M,NA
4629,Lox_Marsh,25.2,90.6,178.1,32.9,NA,NA,13,F,NA
4630,Lox_Marsh,27.7,99.5,195.9,34.2,NA,NA,19,F,NA
4631,Lox_Marsh,24.3,87.5,172.7,34.7,NA,NA,14.4,M,NA
4632,Lox_Marsh,26,98,189.2,37.6,NA,NA,18.5,F,NA
4633,Lox_Marsh,28,100.5,200,35.5,NA,NA,18,M,NA
4634,Lox_Marsh,24.3,89,174.1,33.1,NA,NA,13.4,F,NA
4635,Lox_Marsh,29.1,110.4,209.4,38,NA,NA,24.5,F,NA
4636,Lox_Marsh,31,113.2,221.7,45.6,NA,NA,30.5,M,NA
4637,Lox_Marsh,27.1,98.8,195.7,37,NA,NA,17.5,F,NA
4638,Lox_Marsh,31.9,114.1,224.4,41.7,NA,NA,26,M,Front right leg missing
4639,Lox_Marsh,21.7,80.8,158.9,32.8,NA,NA,11.2,F,NA
4640,Lox_Marsh,32.2,112.7,226.2,44.1,NA,NA,32,M,NA
4641,Lox_Marsh,25.2,92.3,181.7,33.8,NA,NA,15,F,NA
4642,WCA3A-HD_Marsh,21.9,79.4,157.7,30.6,NA,NA,10,M,NA
4643,WCA3B_Marsh,32.5,115.6,204.7,48.6,NA,NA,36,M,Incomplete tail
4644,ENP-EST,37.9,135.8,268.9,50.8,NA,NA,61,M,NA
4645,ENP-EST,26.4,96.2,188.1,41.2,NA,NA,22,M,NA
4646,WCA3A-HD_Marsh,38.1,135.4,270.6,52.5,NA,NA,56,M,NA
4647,WCA3A-HD_Marsh,25.8,93.7,187.3,35.8,NA,NA,17.6,F,NA
4648,WCA3A-HD_Marsh,26.8,96.8,197.5,40.7,NA,NA,21,F,NA
4649,WCA3A-HD_Marsh,30,106.5,210.2,37.1,NA,NA,24,F,NA
4650,WCA3A-HD_Marsh,28.5,103.1,201.3,42.2,NA,NA,27,F,NA
4651,WCA3A-HD_Marsh,25.6,91.1,177.6,35.1,NA,NA,16,F,NA
4652,WCA3A-HD_Marsh,28.5,103.3,200.8,43.6,NA,NA,25,F,NA
4653,WCA3A-N41_Marsh,28.5,101,200.3,41,NA,NA,24.5,F,NA
4654,WCA3A-N41_Marsh,26.4,95.6,191.9,38,NA,NA,18.6,M,NA
4655,WCA3A-N41_Marsh,26.2,92.4,184.5,36.6,NA,NA,17.6,F,NA
4656,WCA3A-N41_Marsh,24.9,89.3,175.7,32,NA,NA,13.8,F,NA
4657,WCA3A-N41_Marsh,32.2,115,227.2,45,NA,NA,33,M,NA
4658,WCA3A-N41_Marsh,27.3,95.7,194.1,39.8,NA,NA,21,F,NA
4659,WCA3A-N41_Marsh,25.1,94.4,186.5,38.5,NA,NA,19.5,F,NA
4660,WCA3A-N41_Marsh,27.5,97.7,196.3,40.4,NA,NA,22,F,NA
4661,WCA3A-N41_Marsh,28.2,100.3,203.9,42.7,NA,NA,27,F,NA
4662,WCA3A-N41_Marsh,22.9,81.6,165.5,30.3,NA,NA,10.8,F,NA
4663,WCA3A-N41_Marsh,34.6,124.8,245.5,53.6,NA,NA,45,M,NA
4664,WCA3A-N41_Marsh,29,109.4,211.5,44.8,NA,NA,30,F,NA
4665,WCA3A-N41_Marsh,27.5,98.2,192.7,37.5,NA,NA,19.4,M,NA
4666,WCA3A-N41_Marsh,29.3,109.9,212.5,41.8,NA,NA,26.5,M,NA
4667,WCA3A-N41_Marsh,26.2,97.7,194.2,40.5,NA,NA,22.5,F,NA
4668,WCA3A-N41_Marsh,28.2,102.9,206.3,39.6,NA,NA,23,F,NA
4669,ENP-EST,24.7,90.2,182.4,34.1,NA,NA,15.8,F,NA
4670,ENP-EST,38.4,136.5,270.4,54.5,NA,NA,64,M,Injury near tip of tail. No major deformities.
4671,ENP-EST,29.4,107.1,216.8,42.6,NA,NA,32,M,NA
4672,ENP-EST,26.9,97,196.7,39.1,NA,NA,22,M,NA
4673,ENP-EST,31.2,113.6,230.9,47.8,NA,NA,34.5,M,NA
4674,WCA3A-TW_Marsh,28.3,104.3,208.2,42.1,NA,NA,25.5,F,NA
4675,WCA3A-TW_Marsh,34.1,113.9,225.7,48.4,NA,NA,36,M,Incomplete tail
4676,WCA3A-TW_Marsh,30.7,110.4,219.5,46.1,NA,NA,35.5,F,Incomplete tail
4677,WCA3A-TW_Marsh,30,110,215.1,36.5,NA,NA,22.5,F,Front right foot almost completely detached. Photo no. 100-0483
4678,WCA3A-TW_Marsh,29.9,105.6,209.7,43.4,NA,NA,23,M,NA
4679,WCA3A-TW_Marsh,27,99,189.4,39.8,NA,NA,21,F,NA
4680,WCA3A-HD_Marsh,29.1,108.3,212.8,41.9,NA,NA,26.5,F,NA
4681,WCA3A-HD_Marsh,32.7,117.5,228.6,42.9,NA,NA,34,F,NA
4682,WCA3A-HD_Marsh,32.9,117.9,233.9,44.3,NA,NA,35,F,NA
4683,WCA3A-HD_Marsh,28.8,105.9,212.1,42.3,NA,NA,24.5,M,NA
4684,WCA3A-HD_Marsh,33.8,118.5,237.2,48.8,NA,NA,35.5,M,NA
4685,WCA3A-HD_Marsh,31.1,110,219.8,37.4,NA,NA,26,F,NA
4686,WCA3A-HD_Marsh,32.3,116,227.9,45.2,NA,NA,34,M,NA
4687,WCA3A-TW_Marsh,39.8,132.2,260.1,53.3,NA,NA,53.8,M,NA
4688,WCA3A-TW_Marsh,28.8,105.5,206.7,45.7,NA,NA,28,F,NA
4689,WCA3A-TW_Marsh,28.7,102.6,200.4,43.3,NA,NA,26,F,NA
4690,WCA3A-TW_Marsh,41,147.6,279.8,50.4,NA,NA,63.5,M,NA
4691,WCA3A-TW_Marsh,30.2,108.3,210.8,40.5,NA,NA,27.5,F,NA
4692,WCA3A-TW_Marsh,32.2,114.3,236.3,52.3,NA,NA,44,F,NA
4693,WCA3A-TW_Marsh,30.6,108,216.9,43.5,NA,NA,30.5,F,NA
4694,WCA3A-TW_Marsh,33.8,118.8,235.8,35.6,NA,NA,37,M,NA
4695,WCA3A-TW_Marsh,33.3,116.6,216,50.5,NA,NA,39.5,F,Incomplete tail
4696,ENP-FC,33.4,122.9,238.2,49.4,NA,NA,39.5,M,NA
4697,ENP-FC,33,123.2,242.1,47.5,NA,NA,36,M,NA
4698,WCA3B_Marsh,37,129.9,223.2,40.5,NA,NA,35.5,M,Incomplete tail
4699,WCA3B_Marsh,27.1,97.7,192.8,37.6,NA,NA,20,F,NA
4700,WCA3B_Marsh,32.7,119.8,210,43.4,NA,NA,35,F,Incomplete tail
4701,WCA3B_Marsh,28.8,106.1,211.1,43.8,NA,NA,27,F,NA
4702,WCA3B_Marsh,28.7,100.7,199.4,37.9,NA,NA,19.8,M,NA
4703,WCA3B_Marsh,24.1,90.2,179.9,34.2,NA,NA,14.4,F,NA
4704,WCA3B_Marsh,23.6,85.5,166.5,33.6,NA,NA,12.2,M,NA
4705,WCA3B_Marsh,29.2,110.7,218.5,48.8,NA,NA,35,F,Missing front left leg before elbow.
4706,WCA3B_Marsh,32.3,117,238.6,50.7,NA,NA,40.5,M,NA
4707,WCA3B_Marsh,32.3,119.1,232.5,40,NA,NA,31,F,NA
4708,WCA3B_Marsh,26.6,95.5,187.5,36.6,NA,NA,17.8,F,Front right arm missing.
4709,WCA3B_Marsh,27.9,99,196.9,36.6,NA,NA,18.8,F,NA
4710,WCA3B_Marsh,30.2,109.3,211.1,39.6,NA,NA,24,F,NA
4711,WCA3B_Marsh,34.7,127.6,243.9,47.2,NA,NA,43,M,NA
4712,ENP-FC,32.1,113.5,225.7,43.8,NA,NA,32,M,NA
4713,ENP-FC,33.6,121.4,247.3,48.5,NA,NA,41,M,NA
4714,ENP-FC,22,79,158.9,29.3,NA,NA,9.8,M,NA
4715,ENP-FC,37.9,134.3,268.5,56.5,NA,NA,60,M,NA
4716,ENP-FC,30.4,111.4,223,42.2,NA,NA,26.5,M,NA
4717,ENP-FC,32,111,220,43.1,NA,NA,26.5,M,NA
4718,ENP-FC,26.2,93.9,189.1,32.4,NA,NA,14.2,F,NA
4719,ENP-NESSE,17.6,65.3,133,25.1,NA,NA,5.6,F,NA
4720,ENP-NESSE,32.4,113.5,225.6,42.1,NA,NA,29.5,M,NA
4721,ENP-NESSE,32.5,112.6,220.4,44.5,NA,NA,31,M,Missing rear left foot below knee
4722,ENP-NESSE,30.3,113,227.9,45.1,NA,NA,32,M,NA
4723,ENP-NESSE,31.2,118.2,194.2,45.1,NA,NA,32,M,Incomplete tail
4724,ENP-NESSE,22.7,85.2,174,32.9,NA,NA,13,F,NA
4725,ENP-NESSE,35.1,128.9,255.9,55.1,NA,NA,54,M,NA
4726,ENP-FC,26.7,99.1,200.1,39.7,NA,NA,22.5,F,NA
4727,ENP-NESSE,36.7,133.7,266.3,44,NA,NA,46,M,NA
4728,ENP-NESSE,31.6,109.6,211,40.5,NA,NA,27,M,NA
4729,ENP-NESSE,26.5,96.2,188.9,39.4,NA,NA,23.5,F,NA
4730,ENP-NESSE,31.7,116.1,233.6,50.1,NA,NA,41.5,M,NA
4731,ENP-SS,26.7,93.8,182.3,33.6,NA,NA,18,F,NA
4732,ENP-SS,27,99.1,200.8,38.4,NA,NA,20,F,NA
4733,ENP-SS,33.2,119.9,222,47.1,NA,NA,36,M,Incomplete tail
4734,ENP-SS,32.2,115.4,230.9,47.8,NA,NA,36.5,M,NA
4735,ENP-SS,32.4,114.8,228.2,45,NA,NA,32.5,M,NA
4736,ENP-SS,29.9,111,211.5,43.3,NA,NA,30,M,NA
4737,ENP-SS,39.1,140,274.3,56.2,NA,NA,60,M,NA
4738,ENP-FC,30.5,110.2,220.8,51.7,NA,NA,40,F,NA
4739,ENP-SS,34.7,125.6,249.3,45.8,NA,NA,38.5,M,Broken jaw
4740,ENP-SS,31.2,114,227.9,45,NA,NA,32,M,NA
4741,ENP-SS,35.1,126.5,250.1,51,NA,NA,45,M,NA
4742,ENP-SS,32.7,116.7,224.1,45.2,NA,NA,34,M,NA
4743,ENP-SS,25.6,93.9,188.6,40.4,NA,NA,20.5,F,NA
4744,ENP-SS,28.9,108.8,214.4,34.6,NA,NA,21,F,NA
4745,ENP-SS,33.1,123.6,240.4,46.6,NA,NA,37.5,M,NA
4746,WCA3A-N41_Marsh,27.5,102.9,210,37.5,NA,NA,22,F,NA
4747,WCA3A-TW_Marsh,27.9,106.5,211.7,43.6,NA,NA,27,M,NA
4748,ENP-NESSE,29.4,108.5,214,41.2,NA,NA,25.4,M,NA
4749,WCA3B_Marsh,28.2,106,205.3,39.1,NA,NA,23.5,F,NA
4750,WCA3B_Marsh,27.5,97.5,192.6,40.9,NA,NA,23,F,NA
4751,ENP-FC,28.3,102.8,202.9,41.3,NA,NA,26,F,NA
4752,ENP-FC,21.4,78,158.8,30.5,NA,NA,10.2,M,NA
4753,ENP-FC,30,109,215.6,42.2,NA,NA,28,M,NA
4754,ENP-FC,19,71.8,148.6,28.5,NA,NA,8,M,NA
4755,ENP-FC,33.5,119.7,240.8,50.9,NA,NA,41.5,M,NA
4756,ENP-FC,25.2,96.3,194.1,40.7,NA,NA,20,F,NA
4757,ENP-FC,25.6,96,195,38.6,NA,NA,18.8,F,NA
4758,ENP-FC,24.3,88,172.5,33,NA,NA,13.6,F,NA
4759,ENP-FC,30.9,111.4,222.5,43.7,NA,NA,31,M,NA
4760,ENP-FC,20.1,74.5,148.7,28.2,NA,NA,8,F,NA
4761,ENP-FC,20.6,74.7,145.9,26.9,NA,NA,7.8,M,Missing front left leg below elbow
4762,ENP-FC,27,100.3,203.2,40.2,NA,NA,22.5,F,NA
4763,ENP-FC,27.5,101.5,200.2,38,NA,NA,22.5,F,Incomplete tail
4764,ENP-FC,26.1,99.6,197.2,46,NA,NA,27,F,NA
4765,ENP-FC,38.9,144,279.7,49.1,NA,NA,59,M,NA
4766,ENP-NESSE,30.8,108.4,214.5,44,NA,NA,30.5,M,NA
4767,ENP-NESSE,21.8,80.7,164.7,32.4,NA,NA,11,M,NA
4768,ENP-NESSE,31,112.9,227.5,46,NA,NA,30,M,NA
4769,WCA3A-HD_Marsh,23.6,83.4,162.3,31,NA,NA,12.4,M,NA
4770,WCA3A-HD_Marsh,30.8,112.9,216.7,35.4,NA,NA,24.5,F,NA
4771,WCA3A-HD_Marsh,22.9,80.9,158.2,31.2,NA,NA,11.4,M,NA
4772,WCA3A-N41_Marsh,34.5,123.4,242.9,52,NA,NA,44,M,NA
4773,WCA3A-N41_Marsh,35.7,130,263.2,54.2,NA,NA,51,M,NA
4774,WCA3A-N41_Marsh,34.3,125.2,254.7,52.8,NA,NA,46,M,NA
4775,WCA3A-N41_Marsh,36.4,129.7,259.4,48.3,NA,NA,45,M,NA
4776,WCA3A-TW_Marsh,22.6,82.2,160.3,33,NA,NA,12,M,Incomplete tail
4777,WCA3A-TW_Marsh,17.7,63.2,127.8,23.5,NA,NA,4.7,M,NA
4778,WCA3A-TW_Marsh,43,151.2,296,62,NA,NA,92,M,NA
4779,WCA3A-TW_Marsh,23.4,82.5,170.9,35.6,NA,NA,16,M,NA
4780,WCA3A-TW_Marsh,16.5,60.4,121.4,24,NA,NA,NA,F,NA
4781,WCA3A-TW_Marsh,30.7,108.7,212.9,42.9,NA,NA,28.5,F,NA
4782,WCA3A-TW_Marsh,26.9,99.6,189.3,41.5,NA,NA,22.5,M,NA
4783,WCA3A-TW_Marsh,29.8,111.3,216.3,45.4,NA,NA,30.5,M,NA
4784,WCA3A-TW_Marsh,23,81.7,166.5,35.5,NA,NA,13,M,NA
4785,WCA3A-TW_Marsh,38.2,134.3,274,59.7,NA,NA,68,M,NA
4786,WCA3A-TW_Marsh,16.9,63,127,21.4,NA,NA,4.65,F,NA
4787,WCA3B_Marsh,36.7,134,259.3,53.8,NA,NA,55,M,NA
4788,WCA3B_Marsh,26.6,100.5,195,37.2,NA,NA,20.5,F,NA
4789,WCA3B_Marsh,28.4,104.8,202.5,39.8,NA,NA,23,F,NA
4790,WCA3B_Marsh,29,103.2,209.1,42.1,NA,NA,27,F,NA
4791,WCA3B_Marsh,27.6,101,201.9,43.9,NA,NA,26,F,NA
4792,WCA3B_Marsh,23.5,85.8,167.4,33.6,NA,NA,13.6,M,NA
4793,WCA3B_Marsh,37.8,138.1,260,54.3,NA,NA,64,M,NA
4794,WCA3A-TW_Marsh,37.3,131.7,236.5,57.1,NA,NA,59,M,Incomplete tail
4795,WCA3A-TW_Marsh,40.3,146.3,284.3,62.6,NA,NA,71,M,NA
4796,WCA3B_Marsh,18.2,66.2,132.6,27.5,NA,NA,7,F,NA
4797,WCA3B_Marsh,31.1,113.1,224.5,50.3,NA,NA,39.5,F,NA
4798,WCA3B_Marsh,28.6,106.3,209.6,43.4,NA,NA,28.5,F,NA
4799,WCA3B_Marsh,27,101.5,205.1,38.3,NA,NA,20.5,F,NA
4800,WCA3A-TW_Marsh,34,122.5,242.7,48,NA,NA,46,F,NA
4801,Lox_Marsh,27.4,101.5,204.8,41,NA,NA,23,F,NA
4802,Lox_Marsh,33.1,111.8,219.9,41.4,NA,NA,29.5,M,NA
4803,Lox_Marsh,26,92.1,178.1,37.9,NA,NA,17.8,M,Incomplete tail
4804,Lox_Marsh,27.3,94.5,184.7,35.5,NA,NA,18.2,F,NA
4805,Lox_Marsh,27.3,98.5,197.4,38.4,NA,NA,18.5,F,NA
4806,Lox_Marsh,33.3,116.3,225.4,39,NA,NA,28,M,NA
4807,Lox_Marsh,24.5,86.4,159.2,33.2,NA,NA,14.4,F,Incomplete tail
4808,Lox_Marsh,27.4,104.4,204.5,39.8,NA,NA,21.5,F,NA
4809,Lox_Marsh,22.5,80.2,146.6,32.6,NA,NA,11,F,Incomplete tail
4810,Lox_Marsh,23.8,83.7,168.9,32.6,NA,NA,11.8,F,NA
4811,Lox_Marsh,23.8,82.9,163.1,32.7,NA,NA,11.4,F,NA
4812,Lox_Marsh,23.2,82.9,162.3,34.9,NA,NA,13.2,F,NA
4813,ENP-EST,33.2,121.1,240.3,40.1,NA,NA,32,M,Broken jaw
4814,Lox_Marsh,30,110,215.5,47.7,NA,NA,30.5,F,NA
4815,Lox_Marsh,30.2,107.9,210.1,45.2,NA,NA,27.5,M,NA
4816,Lox_Marsh,30.4,110.3,216.4,42.5,NA,NA,29,F,NA
4817,Lox_Marsh,30.1,109.9,212.9,39.9,NA,NA,25.5,F,NA
4818,WCA3A-HD_Marsh,40.5,141.3,273,48.6,NA,NA,50,M,NA
4819,WCA3A-HD_Marsh,29.1,103.9,204.5,40,NA,NA,22.5,F,NA
4820,WCA3A-HD_Marsh,33.6,121.2,244.5,44.9,NA,NA,30.5,M,NA
4821,WCA3A-HD_Marsh,31.4,114.1,228,42.8,NA,NA,29,F,NA
4822,WCA3A-HD_Marsh,31.7,112.6,226.3,44.7,NA,NA,30,M,NA
4823,WCA3A-HD_Marsh,31.8,112.9,225.2,43.8,NA,NA,30.5,M,Missing right rear leg
4824,WCA3A-HD_Marsh,31.8,112.8,214.9,40,NA,NA,29,F,NA
4825,WCA3A-HD_Marsh,28.8,100.9,200,38.8,NA,NA,20,M,NA
4826,WCA3B_Marsh,25.4,91,174.4,36.7,NA,NA,16,F,NA
4827,WCA3B_Marsh,26.3,94,182.6,35.8,NA,NA,18,F,None
4828,WCA3B_Marsh,27.8,97.8,185,41.5,NA,NA,21,F,None
4829,WCA3A-TW_Marsh,20.1,70.9,140.6,27.3,NA,NA,7.4,M,NA
4830,WCA3A-TW_Marsh,NA,NA,NA,NA,NA,NA,NA,U,NA
4831,WCA3A-HD_Marsh,29.9,108.4,211.3,41.1,NA,NA,28,F,NA
4832,WCA3A-HD_Marsh,30.3,108.2,205.6,44.3,NA,NA,30,F,none
4833,WCA3A-HD_Marsh,27.9,100.3,198.5,39.4,NA,NA,22,F,NA
4834,WCA3A-HD_Marsh,31.2,113.6,230.8,44.5,NA,NA,30.5,M,NA
4835,WCA3A-N41_Marsh,26.9,98.6,194.6,41,NA,NA,21,F,NA
4836,WCA3A-N41_Marsh,25.1,95.4,188.8,36.5,NA,NA,18.8,F,NA
4837,WCA3A-N41_Marsh,29.5,108.1,215.3,46.6,NA,NA,30,M,NA
4838,WCA3A-N41_Marsh,25.7,90.2,176.5,36.5,NA,NA,17.8,F,NA
4839,WCA3A-N41_Marsh,23.9,85.3,168,35,NA,NA,13.8,F,NA
4840,WCA3A-N41_Marsh,27.4,97.2,192.3,36.3,NA,NA,18.8,F,NA
4841,WCA3A-N41_Marsh,27.5,101.4,201.3,43.4,NA,NA,25,F,NA
4842,WCA3A-N41_Marsh,33.3,121.8,232,49,NA,NA,41,M,NA
4843,WCA3A-N41_Marsh,29.6,108.2,208.9,41.4,NA,NA,27,F,NA
4844,WCA3A-N41_Marsh,29.1,108.1,212.8,42.1,NA,NA,27.5,F,NA
4845,WCA3A-N41_Marsh,19.7,72.9,148.4,28.7,NA,NA,8,M,NA
4846,ENP-EST,36.8,136.7,259.6,51,NA,NA,49,M,"None, but missing left rear foot"
4847,ENP-EST,37.4,130.5,256.6,40.3,NA,NA,40,M,NA
4848,ENP-EST,34,122.4,242.4,47.5,NA,NA,39.5,M,NA
4849,WCA3A-N41_Marsh,6.1,22.6,45.6,7.1,NA,NA,0.28,U,NA
4850,WCA3A-N41_Marsh,5.8,20.6,41.7,6.1,NA,NA,0.142,U,NA
4851,WCA3A-N41_Marsh,10,33.3,66,11.9,NA,NA,0.7,M,Incomplete tail
4852,WCA3A-N41_Marsh,10.2,35.5,73.3,13.7,NA,NA,0.72,M,NA
4853,WCA3A-N41_Marsh,26.3,97,195.8,38.3,NA,NA,18,F,NA
4854,WCA3A-N41_Marsh,31.6,115.5,223.6,45.6,NA,NA,30.5,M,NA
4855,WCA3A-N41_Marsh,25,92.5,180.9,37.1,NA,NA,18,F,NA
4856,WCA3A-N41_Marsh,24.7,90.8,181.1,37.5,NA,NA,17.5,F,NA
4857,WCA3A-N41_Marsh,36.4,132.3,270,54.9,NA,NA,59,M,NA
4858,WCA3A-N41_Marsh,25.3,98.5,195.6,43.5,NA,NA,24.5,F,NA
4859,WCA3A-N41_Marsh,18.6,67,137.5,28,NA,NA,6.8,M,NA
4860,WCA3B_Marsh,27.3,101,180.2,34.5,NA,NA,18.5,M,Incomplete tail
4861,WCA3B_Marsh,28.8,105,210.1,41,NA,NA,24.5,F,NA
4862,WCA3B_Marsh,25.6,91.1,184.2,35.5,NA,NA,15,M,NA
4863,WCA3B_Marsh,28.8,104.5,206,42,NA,NA,25,F,NA
4864,WCA3B_Marsh,27.7,100.1,200.3,38.2,NA,NA,20,F,NA
4865,WCA3A-N41_Marsh,34,125.7,250.3,48.4,NA,NA,45.5,M,NA
4866,WCA3A-N41_Marsh,31.2,113.5,224.4,42,NA,NA,28,F,NA
4867,WCA3A-N41_Marsh,36.6,132.1,260.2,55.3,NA,NA,57,M,NA
4868,WCA3B_Marsh,24.1,86.2,171.5,35.5,NA,NA,13.6,M,NA
4869,WCA3B_Marsh,31.7,115,226.7,49.9,NA,NA,35.6,F,NA
4870,WCA3B_Marsh,25.9,92.5,191.4,34.1,NA,NA,16.6,F,NA
4871,WCA3B_Marsh,31.6,113.5,225.6,46.4,NA,NA,32.5,M,NA
4872,WCA3A-N41_Marsh,28.3,100.7,199.8,37.2,NA,NA,19.6,F,NA
4873,WCA3A-N41_Marsh,26.6,99.1,196.8,42.9,NA,NA,23.5,F,NA
4874,WCA3A-N41_Marsh,27.2,99.9,198.7,38.4,NA,NA,20.5,F,NA
4875,WCA3A-N41_Marsh,26.9,98,184.3,33.7,NA,NA,17,M,Left eye mostly missing
4876,WCA3A-N41_Marsh,32.1,117.9,227.4,44.6,NA,NA,34.5,M,NA
4877,WCA3A-N41_Marsh,25.1,93.5,181.7,38.8,NA,NA,18.2,F,NA
4878,WCA3A-N41_Marsh,27,99.5,195.9,40.7,NA,NA,21,M,NA
4879,WCA3A-N41_Marsh,23.6,87.7,175.2,34.4,NA,NA,14.4,F,NA
4880,WCA3A-N41_Marsh,32.4,117.1,228.8,45.4,NA,NA,32.5,M,NA
4881,WCA3B_Marsh,24,85.9,171.5,33.2,NA,NA,13,F,NA
4882,WCA3B_Marsh,34.6,120.7,234,48.7,NA,NA,42,M,NA
4883,WCA3A-N41_Marsh,29.7,104.9,205.7,38.7,NA,NA,23,F,NA
4884,WCA3A-N41_Marsh,27.8,99.1,198.3,39.6,NA,NA,21,F,NA
4885,WCA3A-N41_Marsh,23.6,85.4,167,32.1,NA,NA,12.5,F,NA
4886,WCA3A-N41_Marsh,35.7,121.8,240.4,51.2,NA,NA,44.5,M,NA
4887,WCA3B_Marsh,37.5,134.3,261.1,49.3,NA,NA,52,M,NA
4888,WCA3B_Marsh,27.1,99.3,200.1,37.6,NA,NA,21,F,NA
4889,WCA3B_Marsh,28.6,108.4,212.8,44.8,NA,NA,31,F,NA
4890,WCA3B_Marsh,27.9,99.7,198.2,39,NA,NA,22,F,NA
4891,Lox_Marsh,21.5,77.6,156.3,29.8,NA,NA,8.9,F,none
4892,Lox_Marsh,27.6,97,192.1,35.4,NA,NA,18.4,F,none
4893,Lox_Marsh,29.9,106.7,208.5,40.6,NA,NA,25.1,M,none
4894,Lox_Marsh,28.3,103.3,201.2,38.6,NA,NA,24,M,none
4895,Lox_Marsh,25.3,94.6,185.7,38.9,NA,NA,19.5,F,none
4896,Lox_Marsh,34.6,122.9,224.6,42.6,NA,NA,36.5,M,Incomplete tail
4897,Lox_Marsh,29,104,199.5,39.7,NA,NA,23.5,M,Incomplete tail
4898,Lox_Marsh,NA,NA,117.6,NA,NA,NA,NA,U,NA
4899,Lox_Marsh,24.6,92.5,186.5,35.9,NA,NA,16.4,F,none
4900,Lox_Marsh,24.8,88.4,175.2,34.6,NA,NA,14,F,none
4901,Lox_Marsh,28.9,97.6,188.2,35.2,NA,NA,17.6,M,none
4902,Lox_Marsh,29.2,105.7,210.5,35.6,NA,NA,22.5,F,none
4903,Lox_Marsh,25.4,89.7,171.7,34.1,NA,NA,14.8,M,Incomplete tail
4904,Lox_Marsh,24.3,88.2,176.6,35,NA,NA,14.6,F,none
4905,Lox_Marsh,27.6,100.6,202.9,38.3,NA,NA,22,F,none
4906,Lox_Marsh,24.7,88.6,176.7,33.2,NA,NA,14.2,F,none
4907,WCA3A-TW_Marsh,30.5,109,209.5,41.4,NA,NA,28,F,none
4908,WCA3A-TW_Marsh,41.1,143.8,289.9,63.3,NA,NA,70.6,M,NA
4909,WCA3A-TW_Marsh,26.7,97.1,194.9,40.5,NA,NA,22,F,NA
4910,WCA3A-TW_Marsh,29.9,109.9,217.3,38.3,NA,NA,25.5,F,NA
4911,WCA3A-TW_Marsh,25.8,93.6,184.3,36,NA,NA,15.4,M,NA
4912,WCA3A-TW_Marsh,26.7,98.3,189,36.2,NA,NA,20.5,F,NA
4913,WCA3A-HD_Marsh,26.5,93.9,184.6,38.2,NA,NA,17.2,F,NA
4914,WCA3A-HD_Marsh,29.5,105.5,210.5,41.7,NA,NA,24,F,NA
4915,WCA3A-HD_Marsh,28.3,101.4,199.3,39.4,NA,NA,22,F,NA
4916,WCA3A-HD_Marsh,27.8,102.5,195.3,38.9,NA,NA,20.5,F,NA
4917,WCA3A-HD_Marsh,27.9,99.1,199.6,39.6,NA,NA,21,M,NA
4918,WCA3A-HD_Marsh,32.6,118.8,227.6,46.1,NA,NA,40.5,F,NA
4919,WCA3A-HD_Marsh,31.9,109.5,217.8,38.2,NA,NA,24,F,NA
4920,WCA3A-HD_Marsh,31.3,115.4,226.3,40.4,NA,NA,31,F,NA
4921,WCA3A-HD_Marsh,23.2,83.1,167.7,32.5,NA,NA,12.2,M,NA
4922,WCA3A-HD_Marsh,26,93.1,179,37.5,NA,NA,18,F,NA
4923,WCA3A-HD_Marsh,28.7,100.5,199.2,37.4,NA,NA,13.2,F,NA
4924,WCA3A-HD_Marsh,36.8,129.7,248.9,52.8,NA,NA,49.5,M,Incomplete tail
4925,WCA3A-HD_Marsh,33.9,120.2,234.3,49.6,NA,NA,42,M,Incomplete tail
4926,WCA3A-TW_Marsh,35.8,132.6,260.3,53.5,NA,NA,50,M,None
4927,WCA3A-TW_Marsh,32.5,115.2,228.8,51.3,NA,NA,38,F,None
4928,WCA3A-TW_Marsh,23.1,84.3,166.3,32.6,NA,NA,11.8,M,None
4929,WCA3A-HD_Marsh,32.2,111.7,219.3,42.7,NA,NA,33,F,None
4930,WCA3A-HD_Marsh,38,134.5,268.2,57.4,NA,NA,74,M,None
4931,WCA3A-TW_Marsh,28,101.3,186.6,42,NA,NA,23,F,Incomplete tail
4932,WCA3A-TW_Marsh,31.5,111.5,215.6,44.5,NA,NA,30.5,F,none
4933,WCA3A-TW_Marsh,32.4,116.4,234.5,47,NA,NA,39,M,none
4934,WCA3A-TW_Marsh,15.8,55,112.4,20,NA,NA,NA,F,NA
4935,WCA3A-TW_Marsh,42,145.1,286.8,59.2,NA,NA,78,M,none
4936,ENP-FC,31.5,112.8,222.9,47.4,NA,NA,32,F,NA
4937,ENP-SS,26.6,96.9,193.1,35.8,NA,NA,19.6,F,NA
4938,ENP-SS,40.4,144.1,282.6,57.4,NA,NA,64,M,NA
4939,ENP-FC,33.6,115.2,230.8,45.2,NA,NA,32,M,NA
4940,ENP-SS,32,110.6,216.1,43.8,NA,NA,31,M,NA
4941,ENP-SS,37.6,132.1,269.2,44.4,NA,NA,53,M,NA
4942,ENP-SS,39.2,141,272.6,56.1,NA,NA,65,M,NA
4943,ENP-FC,38.5,139,277.4,60,NA,NA,73,M,NA
4944,ENP-NESSE,36,125.8,247.4,46.8,NA,NA,39.5,M,NA
4945,ENP-NESSE,39.8,140.5,284.5,56.8,NA,NA,64,M,NA
4946,ENP-NESSE,36.5,132.8,259.5,48.2,NA,NA,67,M,NA
4947,ENP-NESSE,38.2,141,278.4,54.2,NA,NA,56,M,NA
4948,ENP-FC,25.1,91.7,178.3,36.2,NA,NA,16.8,F,NA
4949,ENP-FC,26.8,99.4,194.4,37.2,NA,NA,20,F,NA
4950,ENP-FC,25.5,93,189.5,36.5,NA,NA,18,F,NA
4951,ENP-FC,27.6,100.4,200.6,44.6,NA,NA,26,F,NA
4952,ENP-FC,25.9,93.2,189.5,33,NA,NA,15.5,F,NA
4953,ENP-FC,34.7,124.2,250.2,53,NA,NA,47,M,NA
4954,ENP-FC,25.9,99.6,194.1,37.9,NA,NA,20,F,NA
4955,ENP-FC,33.5,119.5,237.8,46,NA,NA,37.5,M,NA
4956,ENP-NESSE,26.2,97.6,195.9,37.9,NA,NA,21.5,F,Broken jaw
4957,ENP-NESSE,25.3,93.8,190.9,34.2,NA,NA,17.5,F,NA
4958,ENP-FC,34.4,124,244.5,45.7,NA,NA,42.5,M,NA
4959,ENP-FC,25.9,94.4,187.9,35.1,NA,NA,17,F,NA
4960,ENP-FC,27.9,100.4,200.6,37.8,NA,NA,21,F,NA
4961,WCA3A-HD_Marsh,31.1,113.1,217.5,41.4,NA,NA,32,F,NA
4962,WCA3A-HD_Marsh,31.5,119.4,232.4,50.2,NA,NA,42,M,NA
4963,WCA3A-HD_Marsh,34.9,123.9,241.6,49.5,NA,NA,42.5,M,NA
4964,WCA3A-HD_Marsh,38.2,132.4,266.9,59.6,NA,NA,68,M,NA
4965,WCA3B_Marsh,37.9,137,270.7,60.2,NA,NA,69,M,NA
4966,WCA3B_Marsh,33.5,121.2,236.1,47.4,NA,NA,37,M,NA
4967,WCA3B_Marsh,32.7,116.2,224.5,44.8,NA,NA,32,M,NA
4968,WCA3B_Marsh,25.8,94.9,184.6,37.3,NA,NA,18.4,F,NA
4969,WCA3A-HD_Marsh,29,107.8,214.9,40.4,NA,NA,26,F,NA
4970,ENP-NESSE,33.1,115.7,229.9,46.4,NA,NA,34,M,NA
4971,WCA3B_Marsh,28,106,205.6,41.5,NA,NA,26,F,none
4972,WCA3B_Marsh,27.6,98.5,194.5,38.6,NA,NA,21,F,none
4973,WCA3A-HD_Marsh,32.9,120.4,233.1,47.2,NA,NA,37,M,Broken jaw
4974,ENP-NESSE,27,102.3,205.3,39.9,NA,NA,23.5,F,NA
4975,ENP-SS,28.5,107.8,215.1,46.4,NA,NA,28,F,Eye injury on right eye; tooth embedded in left orbital socket
4976,ENP-SS,29,104.8,206.1,40.3,NA,NA,25,F,NA
4977,ENP-SS,26.8,97.5,189.5,34.2,NA,NA,18.6,F,NA
4978,ENP-SS,28.9,105.2,204,43.4,NA,NA,27,F,NA
4979,ENP-FC,27,102.2,202.3,42.4,NA,NA,24,F,NA
4980,WCA3B_Marsh,37.1,137,276.2,57.9,NA,NA,60,M,NA
4981,WCA3B_Marsh,26.6,96,171.2,35.6,NA,NA,16.5,F,Incomplete tail
4982,WCA3B_Marsh,26.5,98.3,195.6,42.5,NA,NA,22,F,NA
4983,WCA3A-HD_Marsh,31,112.9,218,33,NA,NA,25.5,F,NA
4984,WCA3A-TW_Marsh,37,134.9,259.5,57,NA,NA,58,M,NA
4985,WCA3A-TW_Marsh,35,123.5,251.4,55,NA,NA,48,M,NA
4986,WCA3A-TW_Marsh,39.2,140.1,274.9,54.7,NA,NA,64,M,NA
4987,WCA3A-HD_Marsh,27.5,104.6,210.2,43.1,NA,NA,26,F,NA
4988,WCA3A-TW_Marsh,26.5,96.9,192.4,37.2,NA,NA,17,M,NA
4989,WCA3A-TW_Marsh,31.5,119.8,231.3,43.4,NA,NA,35,F,Incomplete tail
4990,WCA3A-N41_Marsh,35,123.1,239.8,51.2,NA,NA,44,M,NA
4991,WCA3A-N41_Marsh,36.6,127.8,250.1,53.5,NA,NA,53,M,NA
4992,ENP-FC,30.8,112,176,46.9,NA,NA,30.5,M,Incomplete tail
4993,ENP-FC,31.7,119,239.8,46.1,NA,NA,36,M,NA
4994,WCA3A-N41_Marsh,30.5,114.8,226,47.8,NA,NA,37,F,NA
4995,WCA3A-N41_Marsh,33.6,120.2,232.8,42.1,NA,NA,34,M,NA
4996,WCA3A-N41_Marsh,28.5,104.2,207.3,44.5,NA,NA,29,F,NA
4997,WCA3A-N41_Marsh,25.3,93.3,181.9,36,NA,NA,16,F,NA
4998,WCA3A-N41_Marsh,27.2,104.1,201.9,38,NA,NA,25,F,Incomplete tail
4999,WCA3A-N41_Marsh,27.9,104.8,205.2,38.5,NA,NA,23,F,NA
5000,WCA3A-N41_Marsh,25.6,94.4,186.7,41,NA,NA,19.4,F,Front left foot missing
5001,WCA3A-N41_Marsh,34.6,124.9,255.3,52.4,NA,NA,47,M,NA
5002,ENP-FC,28.7,100.8,201,46,NA,NA,22,F,NA
5003,WCA3A-N41_Marsh,26.1,93.7,182.5,39.4,NA,NA,18.6,F,NA
5004,WCA3A-N41_Marsh,29,108.2,217.9,39.3,NA,NA,27,F,NA
5005,ENP-EST,27.5,97.7,164.1,36,NA,NA,19.6,F,Incomplete tail
5006,WCA3A-N41_Marsh,29.6,108,213.5,44.7,NA,NA,29.5,F,NA
5007,WCA3A-N41_Marsh,35.7,126.7,212.3,48.6,NA,NA,41.5,M,Incomplete tail
5008,WCA3A-N41_Marsh,27,98.5,199.7,40.4,NA,NA,22,F,NA
5009,WCA3A-N41_Marsh,32.2,116.9,225.1,44,NA,NA,31,F,NA
5010,ENP-SS,21.8,79.3,160.5,31,NA,NA,10.2,F,NA
5011,ENP-SS,27.3,99.2,197.6,39.5,NA,NA,20.5,F,NA
5012,ENP-SS,31.3,112.8,223,46.5,NA,NA,35.5,F,NA
5013,WCA3B_Marsh,24.9,94.7,181.9,34.5,NA,NA,16.6,F,NA
5014,WCA3B_Marsh,37.2,136.9,270.2,49.2,NA,NA,67,M,NA
5015,WCA3B_Marsh,25.6,97.2,172.1,39.5,NA,NA,22,F,Incomplete tail
5016,WCA3B_Marsh,17.8,65.4,132,26.1,NA,NA,5.6,F,NA
5017,WCA3B_Marsh,27.2,97.6,191.6,42,NA,NA,24,F,NA
5018,WCA3B_Marsh,26.4,97.3,190.5,39.5,NA,NA,19,M,NA
5019,WCA3B_Marsh,27,101.3,199,45.1,NA,NA,25.5,F,Incomplete tail
5020,WCA3B_Marsh,35.9,132,263.5,54.5,NA,NA,59,M,NA
5021,WCA3A-HD_Marsh,29.3,108.1,215,45.1,NA,NA,31,F,NA
5022,WCA3A-HD_Marsh,24.2,86.5,177.1,34.7,NA,NA,13.8,F,NA
5023,WCA3A-HD_Marsh,31.6,117.1,234.5,43.2,NA,NA,38,F,NA
5024,WCA3A-HD_Marsh,28.5,107,209,41.4,NA,NA,26,F,NA
5025,WCA3A-HD_Marsh,30.1,106.2,210.8,48,NA,NA,31,F,NA
5026,WCA3A-HD_Marsh,30.5,108.3,215.3,42.4,NA,NA,27.5,F,NA
5027,WCA3A-HD_Marsh,29,106,207.2,40.5,NA,NA,25.5,F,NA
5028,WCA3A-HD_Marsh,20.6,73,143.9,30.5,NA,NA,9.4,F,NA
5029,WCA3A-HD_Marsh,19,70.3,140,27.1,NA,NA,7.4,F,NA
5030,WCA3B_Marsh,26.7,100.5,201.2,38.5,NA,NA,21.5,F,NA
5031,WCA3B_Marsh,21.8,80.2,158.4,33.4,NA,NA,12,F,NA
5032,WCA3B_Marsh,31.6,119.1,237,50.2,NA,NA,44,M,NA
5033,ENP-SS,27.7,100.6,204.7,41.2,NA,NA,23.5,F,NA
5034,ENP-SS,31.5,112.5,220,44.7,NA,NA,33.5,M,NA
5035,ENP-SS,31.9,117,231.7,45.3,NA,NA,34.5,M,NA
5036,ENP-SS,32.9,119.3,232.5,45.7,NA,NA,37.5,M,NA
5037,ENP-FC,25.6,97,192.5,38.7,NA,NA,20,M,NA
5038,ENP-FC,34.1,122.3,242,48.1,NA,NA,40.5,M,NA
5039,ENP-FC,41.9,147.9,283.9,59.3,NA,NA,78,M,NA
5040,ENP-SS,35.8,130,264.6,52.5,NA,NA,52,M,NA
5041,ENP-FC,30.5,112.7,219.6,45.5,NA,NA,33,M,NA
5042,ENP-FC,25.3,89.7,179.8,33,NA,NA,14,F,NA
5043,WCA3A-TW_Marsh,28.5,105.5,207,44.8,NA,NA,28,F,NA
5044,WCA3A-TW_Marsh,31.2,115.5,215,48,NA,NA,36,F,Incomplete tail
5045,WCA3A-TW_Marsh,29,106.9,208.5,45.1,NA,NA,30.2,F,NA
5046,WCA3A-TW_Marsh,23,84.7,173.6,35.7,NA,NA,14.4,F,NA
5047,WCA3A-TW_Marsh,36,130.2,262.1,53.9,NA,NA,52,M,NA
5048,WCA3A-TW_Marsh,22.6,82.5,162.8,31,NA,NA,11.25,M,Left foot below elbow
5049,WCA3A-TW_Marsh,30.2,114,222.3,44,NA,NA,27,F,NA
5050,WCA3A-TW_Marsh,44.7,150.5,294.6,60.1,NA,NA,90,M,NA
5051,WCA3A-TW_Marsh,40.6,138.9,272.4,58.4,NA,NA,69,M,NA
5052,WCA3A-TW_Marsh,42.5,146.5,292.4,57,NA,NA,81,M,NA
5053,ENP-FC,40.2,149.5,292.5,63.5,NA,NA,83,M,NA
5054,ENP-FC,38.7,139.8,277,59.5,NA,NA,80,M,Missing right foot past elbow
5055,ENP-FC,34.8,127,234.2,52.1,NA,NA,49,M,Incomplete tail
5056,ENP-FC,42.4,151,298,66.1,NA,NA,87,M,NA
5057,ENP-NESSE,34.6,124.4,249.1,52.4,NA,NA,45,M,NA
5058,ENP-NESSE,26.6,100.2,193.7,41.3,NA,NA,22,F,NA
5059,ENP-NESSE,37.5,134.8,266.9,59,NA,NA,60.2,M,NA
5060,Lox_Marsh,NA,NA,117.5,NA,NA,NA,NA,U,NA
5061,Lox_Marsh,25,89.8,181.6,36.5,NA,NA,16.4,F,NA
5062,Lox_Marsh,25.5,89.9,180.2,35,NA,NA,15.8,F,NA
5063,Lox_Marsh,26.8,99.3,190,37,NA,NA,18.5,M,NA
5064,Lox_Marsh,27.6,99.6,195.5,39.1,NA,NA,20.5,M,NA
5065,Lox_Marsh,26.7,94.4,196.6,41.1,NA,NA,20,F,NA
5066,Lox_Marsh,31,113.5,210.1,35.9,NA,NA,29,F,NA
5067,Lox_Marsh,30.4,111.8,218.4,43.6,NA,NA,30,M,NA
5068,Lox_Marsh,24.4,89.8,174.5,36.1,NA,NA,16.8,F,NA
5069,ENP-FC,28.3,104,211.6,41.8,NA,NA,25,F,NA
5070,ENP-FC,42.5,153.8,301.9,62.4,NA,NA,108,M,NA
5071,ENP-FC,33.4,122.6,247.7,50.5,NA,NA,42.5,M,NA
5072,ENP-NESSE,34.1,118.7,232.6,50.1,NA,NA,38,M,NA
5073,ENP-NESSE,31.3,116.8,232.2,47,NA,NA,35,M,NA
5074,ENP-NESSE,NA,NA,NA,NA,NA,NA,NA,U,NA
5075,Lox_Marsh,31.5,112.5,226,46,NA,NA,32,M,NA
5076,Lox_Marsh,20.8,74.5,153.4,29.6,NA,NA,8.8,M,NA
5077,Lox_Marsh,27.7,100.5,203.6,38.7,NA,NA,21.5,F,NA
5078,Lox_Marsh,28.5,105.4,207.1,38,NA,NA,21.5,M,NA
5079,Lox_Marsh,25.2,89,177.6,36.4,NA,NA,16.5,F,NA
5080,Lox_Marsh,28,101.5,198.2,36.5,NA,NA,20,M,NA
5081,Lox_Marsh,24.3,88.4,177.5,32.4,NA,NA,12.6,M,NA
5082,WCA3A-HD_Marsh,24,90,175.2,35,NA,NA,14.2,M,NA
5083,WCA3A-HD_Marsh,31,117.5,232,35,NA,NA,35,F,NA
5084,WCA3A-HD_Marsh,36,132,256.8,51.3,NA,NA,47,M,NA
5085,ENP-FC,37,129.6,267.9,52.3,NA,NA,55,M,NA
5086,ENP-NESSE,29.2,110,224,45.8,NA,NA,32,F,NA
5087,ENP-NESSE,28.4,104.9,205.6,39.4,NA,NA,23,F,NA
5088,ENP-NESSE,27.5,106.8,207.5,40.5,NA,NA,27,M,NA
5089,ENP-EST,NA,NA,NA,NA,NA,NA,NA,F,Incomplete tail
5090,ENP-SS,30.5,111.7,217.9,44.6,NA,NA,31,F,NA
5091,ENP-SS,34.9,126.5,246.6,47,NA,NA,42,M,NA
5092,ENP-SS,28.7,101.3,205,41.9,NA,NA,26,F,NA
5093,ENP-NESSE,33.5,117.6,237,53.5,NA,NA,43.5,M,NA
5094,ENP-NESSE,26.6,97.6,193.4,36.1,NA,NA,18.5,F,Broken jaw
5095,WCA3B_Marsh,26.7,96.3,189.9,37.1,NA,NA,20.5,F,NA
5096,WCA3A-N41_Marsh,27.1,102.2,169.7,42.1,NA,NA,22,F,Incomplete tail
5097,WCA3A-N41_Marsh,27.4,100.6,197.6,40,NA,NA,21.5,F,NA
5098,WCA3A-N41_Marsh,26,96.4,195.6,37.6,NA,NA,17,F,NA
5099,WCA3A-HD_Marsh,30,106.4,214.2,45,NA,NA,28,F,NA
5100,WCA3A-N41_Marsh,36.5,127.8,251.8,51.9,NA,NA,50,M,NA
5101,WCA3A-N41_Marsh,28,103.9,206.1,40.9,NA,NA,26,F,NA
5102,WCA3A-N41_Marsh,35.1,123.6,244.1,50.2,NA,NA,45.5,M,NA
5103,WCA3A-N41_Marsh,36,129.1,259.4,51.7,NA,NA,52,M,NA
5104,WCA3A-N41_Marsh,32,117.5,229.8,44.3,NA,NA,34,M,NA
5105,WCA3A-N41_Marsh,36.7,127.7,245.5,54,NA,NA,55,M,NA
5106,ENP-FC,27.9,107.2,211.5,36,NA,NA,23,F,NA
5107,ENP-FC,33.7,125.7,245.8,52.7,NA,NA,50,M,NA
5108,WCA3A-HD_Marsh,28,102.4,196.5,38.1,NA,NA,22,F,NA
5109,WCA3A-TW_Marsh,31.5,118.9,229.8,37.8,NA,NA,30.5,F,"Right eye wounded, white in color (Healed)."
5110,WCA3A-TW_Marsh,34.9,123,249,54,NA,NA,54,F,NA
5111,WCA3A-TW_Marsh,31.2,110,219,45,NA,NA,32,F,Missing left foot at the wrist
5112,WCA3A-TW_Marsh,28.2,96.5,191.2,39.8,NA,NA,11.8,M,NA
5113,WCA3A-TW_Marsh,33,110.5,221.3,44.4,NA,NA,35,M,NA
5114,WCA3A-HD_Marsh,34.9,126.2,246.6,50.3,NA,NA,44,M,NA
5115,WCA3A-HD_Marsh,27.2,99.7,197.2,38.5,NA,NA,22,F,NA
5116,WCA3A-HD_Marsh,33.2,119.2,226.9,46.5,NA,NA,35,M,NA
5117,WCA3A-HD_Marsh,29.2,107.8,213.2,47.3,NA,NA,35,F,NA
5118,WCA3A-HD_Marsh,30.6,109.1,212.7,41.6,NA,NA,30.5,F,NA
5119,WCA3A-TW_Marsh,38.8,132.1,252.5,49,NA,NA,51,M,NA
5120,WCA3A-HD_Marsh,30.9,112.3,217.2,47.1,NA,NA,30,M,NA
5121,WCA3A-HD_Marsh,30.7,109.6,209.8,41.4,NA,NA,29,F,NA
5122,WCA3A-HD_Marsh,23.1,87.6,172.4,36.4,NA,NA,16.8,F,NA
5123,ENP-NESSE,32.8,119.2,236.1,47.1,NA,NA,39,M,NA
5124,WCA3A-N41_Marsh,29.7,110.5,215.1,40.5,NA,NA,28,F,NA
5125,WCA3A-N41_Marsh,33.3,119.3,231.4,39.9,NA,NA,30.5,M,Right eye is damaged
5126,WCA3A-N41_Marsh,28.9,100.7,201.1,41,NA,NA,23,F,NA
5127,WCA3A-N41_Marsh,26.8,100,200.9,39.3,NA,NA,21,F,NA
5128,WCA3B_Marsh,37,136,270.5,52,NA,NA,58,M,NA
5129,WCA3B_Marsh,33.9,124.8,246,55.5,NA,NA,51,M,NA
5130,WCA3B_Marsh,28,102.5,204.9,38.3,NA,NA,22,F,NA
5131,WCA3B_Marsh,37,132.5,262.5,58,NA,NA,70,M,NA
5132,ENP-FC,27.1,104.4,209.8,41.6,NA,NA,27.2,F,NA
5133,ENP-SS,28.4,103.4,210.2,45.4,NA,NA,28,F,NA
5134,ENP-SS,35.4,132.1,263,52.6,NA,NA,56,M,NA
5135,Lox_Marsh,21.5,78,155.1,30.1,NA,NA,9.9,F,NA
5136,Lox_Marsh,29.5,109.5,214,32.5,NA,NA,21.5,F,NA
5137,Lox_Marsh,30.2,107,215.2,40.9,NA,NA,26,M,NA
5138,Lox_Marsh,30,103.8,207.5,42.4,NA,NA,27.5,M,NA
5139,Lox_Marsh,18.2,65.5,135.6,25.9,NA,NA,6.3,M,NA
5140,Lox_Marsh,35.8,122.5,225.1,53.5,NA,NA,45.5,M,Incomplete tail
5141,Lox_Marsh,24.5,90,175.6,37.2,NA,NA,16.4,F,NA
5142,Lox_Marsh,NA,NA,121,NA,NA,NA,NA,U,NA
5143,WCA3A-HD_Marsh,32,111.9,223.7,44.3,NA,NA,33,F,NA
5144,WCA3A-HD_Marsh,23.6,87.6,172.3,34.7,NA,NA,14.4,M,NA
5145,WCA3A-HD_Marsh,41.3,144,276.9,56.5,NA,NA,68,M,NA
5146,WCA3A-HD_Marsh,29.3,110,209.1,41.5,NA,NA,29,F,NA
5147,WCA3A-HD_Marsh,29.9,109.2,206.2,42.9,NA,NA,35,F,NA
5148,WCA3B_Marsh,26,100,202.9,38.2,NA,NA,23,F,NA
5149,ENP-FC,45,144.5,286.2,63,NA,NA,79,M,NA
5150,ENP-FC,29.5,110.2,215.5,40.3,NA,NA,25.5,M,NA
5151,ENP-FC,29.5,107.4,216.8,52.8,NA,NA,40,F,NA
5152,ENP-FC,33.8,121.8,250,49.2,NA,NA,40.5,M,NA
5153,Lox_Marsh,27.7,103,206.2,41.1,NA,NA,24,F,NA
5154,Lox_Marsh,24,88.5,177.6,35.8,NA,NA,13.5,M,NA
5155,Lox_Marsh,27.2,96.9,184,41,NA,NA,20.5,M,NA
5156,Lox_Marsh,23,82.5,159.4,30.5,NA,NA,10.4,F,NA
5157,Lox_Marsh,23.2,83.1,167.5,32,NA,NA,12.8,F,NA
5158,ENP-FC,34,122.1,243.8,48.1,NA,NA,41,M,NA
5159,WCA3A-TW_Marsh,36.5,127.4,249.1,51.5,NA,NA,56,M,NA
5160,WCA3A-TW_Marsh,44.2,154.2,263,66.7,NA,NA,NA,M,Incomplete tail
5161,WCA3A-TW_Marsh,37.5,135.5,270.2,52.9,NA,NA,63,M,NA
5162,ENP-SS,30.2,111,219.6,43.1,NA,NA,32,F,NA
5163,ENP-SS,28.7,107.5,214.7,40.5,NA,NA,28,F,NA
5164,ENP-SS,33.1,121.5,236.4,48.5,NA,NA,33.5,M,NA
5165,WCA3A-TW_Marsh,34.9,121.9,242.4,47.9,NA,NA,45,M,NA
5166,WCA3A-TW_Marsh,29,111.6,216.5,29.5,NA,NA,22,F,NA
5167,Lox_Marsh,24.5,85.7,172.3,35,NA,NA,14.2,F,NA
5168,Lox_Marsh,29.5,106.5,197.5,43,NA,NA,22,M,Incomplete tail
5169,Lox_Marsh,26.3,97.5,200.5,38.5,NA,NA,20,F,NA
5170,Lox_Marsh,20,71,143.8,29.6,NA,NA,8.8,F,NA
5171,WCA3B_Marsh,36.9,136,271.4,57,NA,NA,62,M,NA
5172,WCA3B_Marsh,39.2,136,249.5,54.5,NA,NA,63,M,Incomplete tail
5173,WCA3B_Marsh,27.9,100.5,197.3,37.5,NA,NA,21,F,NA
5174,WCA3A-TW_Marsh,25,89.8,179.2,38.3,NA,NA,19.6,F,NA
5175,WCA3A-TW_Marsh,24.7,102.4,206.1,42.7,NA,NA,24.5,M,NA
5176,WCA3A-TW_Marsh,40.1,148.1,287,60.3,NA,NA,81,M,NA
5177,WCA3A-TW_Marsh,26.2,95.7,196.8,37.4,NA,NA,18,M,NA
5178,WCA3B_Marsh,27,92.3,180,35.7,NA,NA,16.8,F,NA
5179,WCA3A-TW_Marsh,43,145.8,280.6,60,NA,NA,76,M,NA
5180,WCA3A-TW_Marsh,39.4,142,272.6,56.3,NA,NA,65,M,NA
5181,WCA3A-N41_Marsh,24.2,83.8,169.6,34.4,NA,NA,13.6,M,NA
5182,WCA3A-N41_Marsh,33,119.5,238.6,46.6,NA,NA,38,M,NA
5183,WCA3A-N41_Marsh,23.1,84.9,167,34.5,NA,NA,13.6,F,NA
5184,ENP-NESSE,NA,NA,NA,NA,NA,NA,NA,U,NA
5185,ENP-NESSE,25,93.4,187.3,37.7,NA,NA,20,F,NA
5186,ENP-SS,30.8,113.5,226.2,47,NA,NA,35.5,M,NA
5187,ENP-SS,26.4,100.1,198.9,37.5,NA,NA,21.5,F,NA
5188,ENP-SS,28.1,104.6,208.7,39.4,NA,NA,25.5,F,NA
5189,ENP-FC,34.5,121.8,233.1,49,NA,NA,40,M,NA
5190,ENP-FC,33.5,120.5,238,49.4,NA,NA,43,M,NA
5191,ENP-FC,28.1,102.5,203.9,46.6,NA,NA,32,F,NA
5192,ENP-SS,34.6,123.9,248.4,50.7,NA,NA,41.5,M,Front left foot missing
5193,WCA3B_Marsh,30.4,109,198.1,36.7,NA,NA,23,M,Incomplete tail
5194,WCA3B_Marsh,35,123,236,48.3,NA,NA,42,M,Incomplete tail
5195,WCA3B_Marsh,27.6,100.6,199.6,38.1,NA,NA,21,F,NA
5196,WCA3B_Marsh,35.8,125.7,245.5,48.6,NA,NA,42,M,NA
5197,WCA3B_Marsh,29,101.1,195.3,40,NA,NA,21,F,NA
5198,ENP-FC,26.7,99.8,206.4,46.9,NA,NA,30,F,NA
5199,ENP-FC,26.2,99.5,168.9,43.7,NA,NA,25,F,Incomplete tail
5200,ENP-FC,32.6,120.6,244.5,49.5,NA,NA,47,M,NA
5201,ENP-FC,34.5,124.4,244.7,49.8,NA,NA,44,M,NA
5202,ENP-FC,35.1,131,259.1,54.6,NA,NA,62,M,NA
5203,ENP-NESSE,34.5,125.8,246.4,45.8,NA,NA,38,M,NA
5204,ENP-NESSE,40.4,141.9,288.6,56.8,NA,NA,68,M,NA
5205,ENP-SS,32.4,114.6,224.8,45.4,NA,NA,34,M,NA
5206,ENP-SS,31.5,114.3,227,46,NA,NA,30,M,NA
5207,ENP-SS,28.9,102.5,205.8,40.2,NA,NA,24,F,NA
5208,ENP-SS,NA,NA,NA,NA,NA,NA,NA,U,NA
5209,ENP-SS,23.5,84.8,173.5,34,NA,NA,12.8,F,NA
5210,ENP-FC,NA,14.5,30.2,NA,NA,NA,0.055,U,NA
5211,WCA3B_Marsh,NA,NA,31.9,NA,NA,NA,NA,U,NA
5212,WCA3A-N41_Marsh,NA,NA,32.1,NA,NA,NA,NA,U,NA
5213,ENP-FC,NA,NA,33.2,NA,NA,NA,NA,U,NA
5214,WCA3A-N41_Marsh,NA,NA,34.8,NA,NA,NA,NA,U,NA
5215,ENP-FC,NA,NA,35.2,NA,NA,NA,NA,U,NA
5216,WCA3A-HD_Marsh,NA,NA,37.2,NA,NA,NA,NA,U,NA
5217,ENP-FC,NA,NA,38,NA,NA,NA,NA,U,NA
5218,ENP-FC,NA,NA,41.7,NA,NA,NA,NA,U,NA
5219,WCA3A-N41_Marsh,NA,NA,52.4,NA,NA,NA,NA,U,NA
5220,ENP-NESSE,7.6,26.2,55.5,10,NA,NA,0.3,U,NA
5221,ENP-FC,NA,NA,57,NA,NA,NA,NA,U,NA
5222,ENP-FC,NA,NA,58.6,NA,NA,NA,NA,U,NA
5223,ENP-FC,9.2,31,64.6,10.1,NA,NA,0.51,U,NA
5224,WCA3A-TW_Marsh,NA,NA,67.9,NA,NA,NA,NA,U,NA
5225,WCA3A-N41_Marsh,NA,NA,69.3,NA,NA,NA,NA,U,NA
5226,WCA3A-HD_Marsh,NA,NA,72.4,NA,NA,NA,NA,U,NA
5227,WCA3A-HD_Marsh,NA,NA,72.6,NA,NA,NA,NA,U,NA
5228,WCA3A-N41_Marsh,NA,NA,73.1,NA,NA,NA,NA,U,NA
5229,WCA3A-HD_Marsh,NA,NA,76.4,NA,NA,NA,NA,U,NA
5230,ENP-NESSE,12.5,46,88.8,17.5,NA,NA,1.9,F,Incomplete tail
5231,WCA3A-N41_Marsh,NA,NA,90.1,NA,NA,NA,NA,U,NA
5232,ENP-NESSE,NA,NA,91.9,NA,NA,NA,NA,U,Incomplete tail
5233,WCA3A-HD_Marsh,NA,NA,95,NA,NA,NA,NA,U,NA
5234,Lox_L40,NA,NA,108,NA,NA,NA,NA,U,NA
5235,Lox_Marsh,NA,NA,119,NA,NA,NA,NA,U,None
5236,ENP-NESSE,17.1,63.6,128.4,23.4,NA,NA,5,M,NA
5237,Lox_Marsh,17.2,62.1,129.1,24,NA,NA,4.65,M,NA
5238,Lox_Marsh,18,64.2,132.2,25.7,NA,NA,6.4,M,None
5239,WCA3A-N41_Marsh,20.2,78.3,135.7,30,NA,NA,10,F,Incomplete tail
5240,Lox_Marsh,18.6,68,140.2,27,NA,NA,6.8,M,NA
5241,Lox_Marsh,21,73,148,31,NA,NA,8.6,M,NA
5242,Lox_Marsh,20.7,73.2,149.4,29.5,NA,NA,8.8,M,NA
5243,Lox_Marsh,29,105.9,151.6,38.6,NA,NA,20.5,F,Incomplete tail
5244,WCA3B_Marsh,21.6,78.6,151.9,29.7,NA,NA,9.2,M,NA
5245,Lox_Marsh,20.8,74.2,153,29.8,NA,NA,9.8,F,NA
5246,WCA3B_Marsh,24.8,91.6,158.6,35.2,NA,NA,22,F,Incomplete tail
5247,Lox_Marsh,23,79,160.1,32.2,NA,NA,11.2,M,NA
5248,Lox_Marsh,22.6,79,160.4,29.6,NA,NA,9.4,M,NA
5249,Lox_Marsh,23.7,82,161.4,34.5,NA,NA,12.4,F,NA
5250,Lox_Marsh,24,82.5,165.2,33,NA,NA,12.8,F,NA
5251,Lox_Marsh,23,85.9,170.7,33.6,NA,NA,13.6,F,none
5252,Lox_Marsh,24.3,86,173.6,34.6,NA,NA,16.6,F,NA
5253,WCA3A-HD_Marsh,24.5,88.1,174.7,33.6,NA,NA,14.8,F,NA
5254,ENP-FC,26.6,91.7,175.4,37.8,NA,NA,17.2,M,NA
5255,WCA3A-TW_Marsh,24.4,89.8,177,38,NA,NA,15.8,M,NA
5256,WCA3A-N41_Marsh,24.7,92.8,177.4,35.9,NA,NA,17,F,Left rear foot missing digit # 3.
5257,WCA3B_Marsh,25.6,90,180.2,35.5,NA,NA,16,F,NA
5258,WCA3A-N41_Marsh,25.2,93.2,180.2,36.8,NA,NA,18.6,F,NA
5259,Lox_Marsh,25.5,88.8,180.6,34.9,NA,NA,15.8,M,NA
5260,WCA3A-TW_Marsh,24.4,90.5,180.6,36.1,NA,NA,15.2,F,Missing front left leg at the wrist.
5261,WCA3A-TW_Marsh,29.4,106.7,181.7,46.8,NA,NA,30.5,F,Incomplete tail
5262,WCA3A-N41_Marsh,26.2,93.9,181.9,37.4,NA,NA,19.5,F,NA
5263,Lox_Marsh,26,92,182.5,37,NA,NA,17.8,M,NA
5264,WCA3A-N41_Marsh,25.7,93.9,182.7,35.5,NA,NA,18,F,NA
5265,WCA3B_Marsh,26.3,92,183.3,36.7,NA,NA,16,M,NA
5266,Lox_Marsh,25.5,91,184.9,37.4,NA,NA,17.6,F,NA
5267,WCA3B_Marsh,27.1,95.1,186.9,37.5,NA,NA,19,F,NA
5268,WCA3A-N41_Marsh,26.2,95.1,187.6,38.9,NA,NA,23,F,NA
5269,Lox_Marsh,27.2,97.4,188.2,38.5,NA,NA,20,M,NA
5270,Lox_Marsh,27,95.2,188.3,37.3,NA,NA,17.2,M,NA
5271,Lox_Marsh,26.5,94.5,188.4,40,NA,NA,21,M,NA
5272,WCA3A-N41_Marsh,26.9,96.9,189.7,38.3,NA,NA,18,F,NA
5273,WCA3A-HD_Marsh,26.6,100,189.8,36.3,NA,NA,20.5,F,"Missing front left leg, only nub of leg is left."
5274,WCA3A-TW_Marsh,28.6,100.9,190.2,43.2,NA,NA,25.5,F,"Missing left rear foot at the ""knee."" Fully healed."
5275,WCA3A-N41_Marsh,27,98,190.2,40,NA,NA,20,F,NA
5276,WCA3B_Marsh,27,96,190.5,40.2,NA,NA,24,F,NA
5277,WCA3A-N41_Marsh,26.1,94.4,191,38.2,NA,NA,19.4,F,NA
5278,WCA3A-HD_Marsh,26.7,99.3,191.8,37.5,NA,NA,20.5,F,NA
5279,WCA3A-TW_Marsh,29.9,103.9,191.9,45.9,NA,NA,26.5,F,Incomplete tail
5280,WCA3A-N41_Marsh,26.1,96.5,193.7,41.5,NA,NA,21,F,NA
5281,WCA3A-N41_Marsh,27.1,96.2,193.9,41.5,NA,NA,29,F,NA
5282,ENP-NESSE,27.4,97.9,194,32.5,NA,NA,18,F,Broken jaw
5283,ENP-SS,27.1,99.5,194.6,32.9,NA,NA,18.2,F,NA
5284,WCA3B_Marsh,27.8,100,194.8,41.6,NA,NA,25.5,F,NA
5285,ENP-NESSE,26.8,99.9,194.9,40.3,NA,NA,21.5,F,NA
5286,WCA3A-TW_Marsh,26.6,98.2,194.9,39.5,NA,NA,20.5,M,NA
5287,Lox_Marsh,28,98.8,195,37.9,NA,NA,19,M,None
5288,WCA3B_Marsh,29,97.5,195,42.1,NA,NA,23,F,NA
5289,Lox_Marsh,27.2,97.8,195,39,NA,NA,21,F,NA
5290,Lox_Marsh,28,100,195.6,41.2,NA,NA,21,F,None
5291,WCA3A-N41_Marsh,27.1,99.3,195.6,37.8,NA,NA,21,F,NA
5292,ENP-NESSE,29.1,107.2,195.6,42.5,NA,NA,26,M,Incomplete tail
5293,WCA3A-N41_Marsh,27,96.4,195.7,42.1,NA,NA,22,F,NA
5294,WCA3A-N41_Marsh,27.9,99.1,196.1,40.8,NA,NA,21,F,NA
5295,ENP-NESSE,27.5,99.2,197.2,41.1,NA,NA,26,F,NA
5296,ENP-FC,28.4,100.1,197.5,37.9,NA,NA,20,F,NA
5297,ENP-SS,28.4,101.9,197.5,26.9,NA,NA,14.5,F,NA
5298,WCA3A-TW_Marsh,28.6,98.3,198.1,40.9,NA,NA,23.5,M,"Left rear foot mostly missing, only one digit left (1st digit remianing) fully healed."
5299,WCA3B_Marsh,28.4,101,198.3,42,NA,NA,24.5,F,NA
5300,WCA3B_Marsh,26.8,97.9,198.4,39.1,NA,NA,20.2,F,NA
5301,WCA3A-N41_Marsh,28.2,105,199.7,37.5,NA,NA,20,F,NA
5302,Lox_Marsh,28.5,105.2,199.9,42,NA,NA,22,M,Incomplete tail
5303,WCA3A-N41_Marsh,26.8,100.6,199.9,40.4,NA,NA,23.9,F,NA
5304,ENP-SS,27.2,100.5,200.2,40.3,NA,NA,23.9,F,NA
5305,WCA3B_Marsh,28,103.8,200.4,37.4,NA,NA,21,F,NA
5306,WCA3A-TW_Marsh,30.5,109.4,201.3,42.8,NA,NA,28.5,F,Incomplete tail
5307,WCA3A-N41_Marsh,28.7,102.4,202.1,44.6,NA,NA,25.5,F,NA
5308,WCA3A-TW_Marsh,29.1,107.2,202.4,44.8,NA,NA,31,F,NA
5309,Lox_Marsh,29.6,103.5,202.7,37.5,NA,NA,19.5,M,NA
5310,Lox_Marsh,27.5,101,203.2,41,NA,NA,23.5,F,None
5311,ENP-FC,28.8,102.8,203.3,40.8,NA,NA,23.5,F,NA
5312,WCA3A-HD_Marsh,27,101.9,203.4,42.8,NA,NA,25,F,NA
5313,WCA3B_Marsh,29,104.7,203.6,36.9,NA,NA,20.5,F,NA
5314,ENP-FC,27.2,103.5,203.9,41.9,NA,NA,24.5,F,NA
5315,Lox_Marsh,28.7,103.9,204.2,39,NA,NA,23,F,None
5316,Lox_Marsh,28.2,102,205,40.5,NA,NA,24,F,Incomplete tail
5317,WCA3B_Marsh,27.9,105.6,205.1,42.2,NA,NA,28,F,NA
5318,ENP-SS,27.9,105.9,206.1,40.2,NA,NA,25.5,F,NA
5319,WCA3B_Marsh,29.1,107.3,206.4,46.7,NA,NA,28,M,NA
5320,WCA3A-HD_Marsh,29.7,103,207.1,47.3,NA,NA,29.5,F,NA
5321,WCA3B_Marsh,27.9,105,207.3,42.3,NA,NA,27,F,NA
5322,WCA3B_Marsh,30,107,207.8,43,NA,NA,27,F,NA
5323,Lox_Marsh,29,103.4,207.8,41.8,NA,NA,22.5,M,NA
5324,WCA3A-N41_Marsh,27.8,102.9,207.9,41.4,NA,NA,23.7,F,NA
5325,ENP-SS,32.4,119,207.9,46.7,NA,NA,42,M,Incomplete tail
5326,ENP-FC,29.3,106,208.2,45.5,NA,NA,32,F,NA
5327,WCA3A-N41_Marsh,29.4,107,208.8,40.4,NA,NA,30,F,NA
5328,WCA3A-N41_Marsh,29.1,102.9,208.9,41.1,NA,NA,26,F,NA
5329,WCA3A-TW_Marsh,29.1,105.5,209.2,41.8,NA,NA,27,F,NA
5330,WCA3B_Marsh,30.1,107.9,209.9,40.1,NA,NA,NA,F,NA
5331,WCA3A-HD_Marsh,30.5,111.1,210.1,49.1,NA,NA,35.5,F,Incomplete tail
5332,WCA3A-HD_Marsh,29.1,106.4,211.2,41.3,NA,NA,25,F,NA
5333,WCA3A-HD_Marsh,28.7,108.1,211.5,41.2,NA,NA,25,F,NA
5334,ENP-SS,29,104.2,211.9,36.2,NA,NA,22,F,NA
5335,WCA3B_Marsh,30.4,110.4,212,42.9,NA,NA,27.3,F,NA
5336,WCA3B_Marsh,29.2,107,212.2,47.5,NA,NA,31,F,NA
5337,WCA3B_Marsh,29.3,106.7,212.6,42.3,NA,NA,27,F,NA
5338,WCA3A-HD_Marsh,29.9,106.7,212.9,44.2,NA,NA,28.5,F,NA
5339,WCA3A-HD_Marsh,29.2,105.4,213.1,43.4,NA,NA,27,F,NA
5340,WCA3A-TW_Marsh,30.3,105.1,213.8,48.9,NA,NA,31.5,F,NA
5341,WCA3B_Marsh,32.8,115.1,215.2,48.1,NA,NA,34,M,Incomplete tail
5342,WCA3A-HD_Marsh,30.1,112.4,215.3,50.4,NA,NA,38,F,NA
5343,WCA3A-TW_Marsh,31.3,107.5,215.4,41.6,NA,NA,29,F,NA
5344,ENP-SS,28.4,106.9,215.7,43.1,NA,NA,28,F,NA
5345,WCA3A-HD_Marsh,30.9,110.4,216.9,45.6,NA,NA,32,F,NA
5346,ENP-FC,30.4,107.2,217.7,48.2,NA,NA,33.1,F,NA
5347,WCA3B_Marsh,29.4,108.8,217.9,44,NA,NA,26,F,NA
5348,WCA3A-N41_Marsh,29.9,111.5,218,45,NA,NA,31,M,NA
5349,WCA3A-N41_Marsh,31.1,112.2,218.4,46.8,NA,NA,31.5,M,NA
5350,Lox_Marsh,31,110,218.9,43.7,NA,NA,28,M,NA
5351,ENP-SS,29.9,110.9,219.4,42.1,NA,NA,28,F,NA
5352,ENP-SS,31.6,112,221.2,48.5,NA,NA,35,M,NA
5353,ENP-SS,31.8,111.4,221.7,42.3,NA,NA,32,F,NA
5354,WCA3B_Marsh,32,112.5,225.2,43,NA,NA,32,F,NA
5355,Lox_Marsh,31.5,113.4,226.4,42,NA,NA,30.5,M,None
5356,WCA3A-N41_Marsh,32.8,114.7,226.7,48.5,NA,NA,36,M,NA
5357,WCA3A-TW_Marsh,31.1,115,227.4,47.5,NA,NA,36.5,F,NA
5358,WCA3B_Marsh,31.4,115.1,228,47.5,NA,NA,35.5,M,NA
5359,WCA3B_Marsh,33.9,116.5,228.6,50.1,NA,NA,36.2,M,NA
5360,WCA3A-TW_Marsh,35.6,124.8,229.1,46,NA,NA,38,M,Incomplete tail
5361,ENP-SS,35.9,128,229.5,54,NA,NA,50.5,M,Incomplete tail
5362,ENP-SS,32.1,114.1,229.7,50.5,NA,NA,42,F,NA
5363,WCA3A-HD_Marsh,31.1,110.2,229.8,52.8,NA,NA,38,F,NA
5364,ENP-FC,34.4,116.4,229.8,48.4,NA,NA,40.5,M,NA
5365,ENP-FC,33,119.8,230.2,47.6,NA,NA,37.5,M,NA
5366,ENP-FC,34.2,117.4,231.6,45.5,NA,NA,34,M,NA
5367,WCA3A-N41_Marsh,31.4,117.6,231.8,48.5,NA,NA,37,M,NA
5368,ENP-SS,31.2,115.5,232.2,42.4,NA,NA,33,F,NA
5369,ENP-SS,31.2,115.6,234.1,47.8,NA,NA,33.5,M,NA
5370,WCA3B_Marsh,34.5,120.7,234.2,48.2,NA,NA,38,M,NA
5371,ENP-NESSE,32.8,118.6,234.6,47.4,NA,NA,38.2,M,NA
5372,ENP-SS,31,121.2,234.6,44.4,NA,NA,35,F,NA
5373,ENP-FC,33,118.8,234.9,46.4,NA,NA,36,M,NA
5374,WCA3A-TW_Marsh,32.6,117,235.3,38.9,NA,NA,29.5,F,NA
5375,WCA3A-HD_Marsh,33.6,118.4,235.6,51.5,NA,NA,41,M,NA
5376,ENP-SS,37.9,129.4,236.7,52.3,NA,NA,55,M,Incomplete tail
5377,WCA3A-HD_Marsh,34,121.7,243.9,43.8,NA,NA,36.5,F,NA
5378,WCA3A-HD_Marsh,35,125,244,54.1,NA,NA,52,M,NA
5379,ENP-NESSE,34.6,121.7,244.7,48,NA,NA,38.3,M,NA
5380,ENP-FC,33.8,124.7,244.9,46.2,NA,NA,42,M,NA
5381,WCA3A-N41_Marsh,36.3,124.8,246.5,51.4,NA,NA,45.6,M,"Tail loose after Single scute-14, about to fall off."
5382,WCA3A-HD_Marsh,35.9,123.9,247.5,53.4,NA,NA,46,M,NA
5383,ENP-NESSE,34.9,128.4,247.7,52.3,NA,NA,47.1,M,NA
5384,Lox_Marsh,35,128.3,248.2,46.9,NA,NA,37.5,M,NA
5385,ENP-NESSE,34.5,124.3,248.4,50.1,NA,NA,38,M,NA
5386,WCA3A-TW_Marsh,34.4,128,249.6,50.2,NA,NA,49,F,Incomplete tail
5387,ENP-FC,36,127,250.1,48.2,NA,NA,42.5,M,NA
5388,WCA3B_Marsh,36.7,132.5,250.3,51,NA,NA,52,M,Hind right hand missing part fourth digit
5389,WCA3A-N41_Marsh,34.1,126.1,251.3,50.5,NA,NA,45,M,NA
5390,ENP-FC,34.9,127,252,51.4,NA,NA,45.5,M,NA
5391,WCA3A-N41_Marsh,35.5,129.4,253,52.1,NA,NA,50.2,M,NA
5392,WCA3A-HD_Marsh,38.9,140.1,254.9,56,NA,NA,59.7,M,Incomplete tail
5393,WCA3A-N41_Marsh,38.2,132.6,256.2,52.1,NA,NA,47.5,M,NA
5394,WCA3B_Marsh,36.6,133.7,259.6,54.4,NA,NA,56.6,M,NA
5395,ENP-FC,37.4,129.6,260,53.4,NA,NA,54,M,NA
5396,WCA3A-TW_Marsh,37.7,135.2,261.1,52.7,NA,NA,55.5,M,"Left eye might be blind. Pupil is not dialting, little cloudiness."
5397,WCA3B_Marsh,36.2,129.1,261.7,45.4,NA,NA,47,M,NA
5398,WCA3A-N41_Marsh,38.4,134.5,263.5,55.3,NA,NA,52.5,M,NA
5399,ENP-NESSE,38.9,136.7,265.6,52.5,NA,NA,57,M,NA
5400,WCA3B_Marsh,39,136.9,265.9,57.9,NA,NA,54.3,M,NA
5401,ENP-FC,38.1,134.8,266.1,51.7,NA,NA,51.8,M,NA
5402,WCA3B_Marsh,36.5,135,266.5,54,NA,NA,55,M,NA
5403,ENP-SS,38.7,133.5,266.7,55.5,NA,NA,55,M,NA
5404,WCA3A-N41_Marsh,39.6,138.5,267.9,55.8,NA,NA,56.7,M,NA
5405,ENP-SS,39.2,138.1,273.2,57.6,NA,NA,69.7,M,NA
5406,ENP-SS,37.7,138.5,274.6,47.7,NA,NA,51,M,Incomplete tail
5407,ENP-FC,40.2,136.4,274.8,54.3,NA,NA,61,M,NA
5408,WCA3A-N41_Marsh,40.8,145.4,277.2,56.5,NA,NA,62.2,M,NA
5409,WCA3A-HD_Marsh,37,135.8,278.2,58,NA,NA,65.8,M,NA
5410,WCA3A-N41_Marsh,38.8,136.9,278.4,54.6,NA,NA,64.9,M,"Right front foot broken at the ""wrist."" Still intact, no flesh wound."
5411,ENP-SS,40,142.1,280.4,50.9,NA,NA,56,M,NA
5412,ENP-SS,41,140.1,283,58.5,NA,NA,72,M,NA
5413,ENP-FC,41.2,143,285.5,58.3,NA,NA,74,M,NA
5414,ENP-NESSE,40.2,143.5,286.2,58.8,NA,NA,72.2,M,NA
5415,ENP-SS,40.2,146.2,286.4,50.2,NA,NA,61.8,M,NA
5416,ENP-NESSE,39,143.4,296.5,60.8,NA,NA,78.8,M,"Hole in toe webbing where tag may have been previously, but no PIT tag."
5417,ENP-NESSE,NA,NA,NA,NA,NA,NA,NA,U,NA
5418,WCA3A-HD_Marsh,17.5,62,125.4,23.8,NA,NA,5.1,F,NA
5419,WCA3A-HD_Marsh,30.8,104.8,207.2,43.4,NA,NA,30,F,NA
5420,WCA3A-HD_Marsh,29.3,102,198.6,39,NA,NA,24,F,Missing toe on back right foot - birth deformity rather than the toe having been ripped off (picture taken)
5421,WCA3A-HD_Marsh,20.8,75.8,147.2,28.1,NA,NA,8,F,NA
5422,WCA3A-HD_Marsh,29.8,107.2,211.1,44.4,NA,NA,29,F,NA
5423,WCA3A-HD_Marsh,28.8,106.8,210,43.7,NA,NA,27,F,NA
5424,WCA3A-HD_Marsh,29.5,105,211.9,44.9,NA,NA,26.5,F,Missing 3rd digit near webbing on left front foot.
5425,WCA3A-HD_Marsh,31.2,113.6,210.4,43.6,NA,NA,33,F,Incomplete tail
5426,WCA3A-HD_Marsh,16.5,60.9,124.1,22.4,NA,NA,4.3,M,NA
5427,ENP-SS,35.4,126.8,243.3,49,NA,NA,45,M,Missing front left foot
5428,ENP-SS,32.6,118.4,230.2,47.7,NA,NA,37,M,NA
5429,ENP-SS,8,27.2,57.8,9.4,NA,NA,0.4,F,NA
5430,ENP-FC,27.4,99.5,197,39.3,NA,NA,22,F,NA
5431,ENP-SS,26.9,96.2,191.3,39.1,NA,NA,20,F,NA
5432,ENP-SS,31.4,115.3,229.1,45.7,NA,NA,34.5,F,NA
5433,WCA3B_Marsh,30.4,109.3,217.4,46.6,NA,NA,32,F,NA
5434,WCA3B_Marsh,26.6,103,197.2,37.3,NA,NA,22,F,NA
5435,WCA3B_Marsh,35.5,129.1,251.6,50.3,NA,NA,45.5,M,Tip of the 5th digit on the left front hand looks broken.
5436,WCA3A-HD_Marsh,33.5,120.3,242.1,54.1,NA,NA,47.4,F,NA
5437,WCA3A-HD_Marsh,31,111,217.5,46.2,NA,NA,31,F,NA
5438,WCA3A-HD_Marsh,30.3,105.8,213.4,43.5,NA,NA,30,F,NA
5439,WCA3A-HD_Marsh,6.5,22,45.3,6.7,NA,NA,0.19,U,Missing back left foot
5440,WCA3A-HD_Marsh,35,126.8,247.2,52.5,NA,NA,50.8,M,NA
5441,WCA3A-HD_Marsh,26,92.9,159.1,36.7,NA,NA,17.5,F,Incomplete tail
5442,WCA3A-HD_Marsh,7.4,25.8,52,8.1,NA,NA,0.29,F,NA
5443,WCA3A-N41_Marsh,7.4,24.9,51.5,9.6,NA,NA,0.3,F,NA
5444,WCA3A-N41_Marsh,8.2,27,56.1,9.9,NA,NA,0.35,M,NA
5445,WCA3A-TW_Marsh,25.6,92.7,180.7,37.9,NA,NA,18.1,F,NA
5446,WCA3A-TW_Marsh,20.9,75,149.6,30.6,NA,NA,9.2,F,NA
5447,WCA3A-TW_Marsh,43.6,147.8,287.7,69.2,NA,NA,NA,M,NA
5448,WCA3B_Marsh,28.3,101.2,197.9,40.6,NA,NA,23,F,"Left front foot, digits 1 and 3 broken at end. Nail on digit 1 facing upward, nail on digit 3 facing to side. Nail on digit 2 has been cut. Wound on right side of tail torward anterior."
5449,WCA3B_Marsh,29.9,110.5,212.1,41.8,NA,NA,26,F,NA
5450,WCA3B_Marsh,27.7,101.1,193.2,40.2,NA,NA,23,M,NA
5451,WCA3B_Marsh,26.9,101.1,202.3,33.9,NA,NA,19,F,NA
5452,WCA3B_Marsh,28.6,104,204.1,39.1,NA,NA,25,F,NA
5453,WCA3A-TW_Marsh,29.7,105.5,201,41.7,NA,NA,26.5,F,NA
5454,WCA3A-TW_Marsh,34,119.5,232,47.1,NA,NA,37,M,NA
5455,WCA3A-TW_Marsh,29.2,104,203.1,42,NA,NA,21.5,F,NA
5456,WCA3A-TW_Marsh,33.4,117.5,221.4,49.4,NA,NA,40,M,Incomplete tail
5457,WCA3A-TW_Marsh,37.6,125.6,250.6,51.8,NA,NA,46,M,NA
5458,WCA3A-TW_Marsh,38.4,135.6,258.4,53.1,NA,NA,52,M,Multiple bite wounds and lacerations on the tail. One to face where skull looks fractured by tooth puncture.
5459,WCA3A-TW_Marsh,28.1,98.3,193.6,44.5,NA,NA,25.5,F,Incomplete tail
5460,WCA3A-TW_Marsh,27.5,100.9,209.1,46,NA,NA,30,F,NA
5461,WCA3A-TW_Marsh,29,102,198,42.3,NA,NA,24,F,NA
5462,WCA3A-TW_Marsh,29.9,107.1,211.1,48.1,NA,NA,30.5,F,NA
5463,ENP-FC,27.9,102.7,200.1,40.4,NA,NA,25,F,Broken jaw
5464,ENP-FC,28.5,104.4,207.7,41.5,NA,NA,20,F,NA
5465,ENP-FC,38,135.4,263.4,54.3,NA,NA,58,M,NA
5466,ENP-FC,7.5,27.4,56.3,9.3,NA,NA,0.35,M,NA
5467,ENP-FC,27,99,190.4,40.5,NA,NA,23,F,NA
5468,WCA3A-TW_Marsh,27.8,99,199.8,41.5,NA,NA,22,M,NA
5469,WCA3A-TW_Marsh,31.2,109.9,217.1,46.5,NA,NA,30,M,NA
5470,WCA3A-TW_Marsh,30.4,115,226,45,NA,NA,35,F,NA
5471,WCA3A-N41_Marsh,26.4,93.1,181.6,36.3,NA,NA,17.2,F,Missing rear left leg before elbow.
5472,WCA3A-N41_Marsh,18.8,67.6,137.5,27.1,NA,NA,6.4,M,NA
5473,WCA3A-N41_Marsh,16,59.5,121.6,23.6,NA,NA,4.2,M,NA
5474,WCA3A-N41_Marsh,28.9,97.5,205.1,40.6,NA,NA,24,F,NA
5475,WCA3A-N41_Marsh,25.2,88,175.1,34.8,NA,NA,15,F,NA
5476,WCA3A-N41_Marsh,38,127.5,251.6,54.1,NA,NA,50.8,M,NA
5477,WCA3A-HD_Marsh,7.8,27.6,58.1,9.4,NA,NA,0.4,U,NA
5478,WCA3A-HD_Marsh,33.6,122.5,242.2,51.8,NA,NA,41,M,NA
5479,WCA3A-HD_Marsh,39.9,137,268.7,51.7,NA,NA,53,M,NA
5480,ENP-SS,28.8,103.6,210.4,40.8,NA,NA,25.4,F,NA
5481,ENP-SS,34.5,125.4,246.2,34.1,NA,NA,26.5,M,Broken jaw
5482,WCA3A-N41_Marsh,29,103.4,213.6,44.4,NA,NA,26,F,NA
5483,WCA3A-N41_Marsh,27.9,99.9,198,42.4,NA,NA,25.5,F,NA
5484,WCA3A-N41_Marsh,31.3,112.3,220.7,45.6,NA,NA,33,F,NA
5485,WCA3B_Marsh,29.1,101.1,209.6,45.8,NA,NA,27,M,NA
5486,WCA3B_Marsh,26.7,95.9,197.3,34.9,NA,NA,17,F,NA
5487,WCA3B_Marsh,27,96.7,192.1,39.5,NA,NA,18,F,NA
5488,WCA3B_Marsh,34,109.8,217,42.9,NA,NA,31,F,NA
5489,WCA3B_Marsh,32.5,116.7,223.5,43.9,NA,NA,31,M,NA
5490,WCA3B_Marsh,36.7,130.8,259.6,50.3,NA,NA,52,M,NA
5491,WCA3B_Marsh,32.9,123,210.4,50.7,NA,NA,46,M,Incomplete tail
5492,WCA3B_Marsh,28.3,104.2,204.7,41.4,NA,NA,26,F,Incomplete tail
5493,WCA3B_Marsh,27.2,98.9,197.6,42.6,NA,NA,24,F,NA
5494,ENP-SS,4.8,15.7,31.4,5.4,NA,NA,0.081,U,NA
5495,ENP-SS,38.9,141.4,277.1,54.4,NA,NA,55,M,NA
5496,ENP-SS,NA,NA,NA,NA,NA,NA,NA,M,Broken jaw
5497,ENP-FC,28,102,168.5,40.5,NA,NA,23,F,Incomplete tail
5498,WCA3A-N41_Marsh,42.6,144.9,291.2,58.4,NA,NA,72,M,NA
5499,WCA3A-N41_Marsh,17.2,63.5,130.6,25.4,NA,NA,5.6,F,Missing middle claw on both front legs
5500,WCA3A-N41_Marsh,26.8,97.3,192.2,43.3,NA,NA,24,F,Scar tissue on left foreleg and on scutes behind front legs
5501,WCA3A-N41_Marsh,34,120.5,237,47.6,NA,NA,38,M,Notch in top left jaw below eye
5502,WCA3A-N41_Marsh,27.1,95.3,192.4,42.6,NA,NA,22.5,F,NA
5503,WCA3A-N41_Marsh,29,106,212.3,41.8,NA,NA,25,F,NA
5504,WCA3A-N41_Marsh,14.4,51.6,108.9,22,NA,NA,3.5,F,NA
5505,WCA3A-N41_Marsh,30.5,114,223.9,44,NA,NA,32,F,NA
5506,WCA3A-N41_Marsh,32.5,118.5,242.7,49,NA,NA,36,M,"Back right foot between digit 3 and 4, there was 6.5cm gash; starting to heal"
5507,ENP-FC,36.1,126.8,260.9,50.5,NA,NA,51,M,NA
5508,ENP-FC,27.9,102.7,202.2,39.9,NA,NA,23.5,F,NA
