xi,sigma1,sigma2,dep,y_CF_star_log,y_CH_star_log,CF_star,CH_star
-0.3255248983912438,0.1931963533931374,0.23048360161948622,0.34222204794305866,7.200141972380842,7.137756260351473,1339.620940068539,1258.6012450815401
-1.6672951090556385,0.27557948840153745,0.3799194151204528,0.6569018485128635,6.771935555839602,6.657585206821633,872.9999999999998,778.6683420022141
-0.248935620820403,0.13383198737791335,0.28252001200145177,0.23481130244909096,7.1442670484891595,7.564631432665665,1266.8224654082962,1928.757770926828
-0.5869464869922614,0.26123585762938417,0.40573002320628593,0.21367594762099593,7.051726293507515,7.120975039147275,1154.850634146032,1237.6566089805415
-0.4284032945441828,0.2029688171127352,0.2858816280216247,0.2531541697126508,7.0804299626322225,7.097038407800871,1188.4794104046503,1208.3830321147761
-0.4755183283386776,0.21323323270675765,0.35335829196510954,0.200584961954568,7.05507292828627,7.172820786456923,1158.721971805923,1303.516363046872
-0.5072940815039134,0.231423437577491,0.2883834284157002,0.36046926753536757,7.06284205993626,6.998193345427389,1167.759295973984,1094.6537097467226
-0.2999098211690648,0.17433597709550155,0.13211897246870352,0.2057480133899615,7.187944844759014,6.870248474234383,1323.38065624318,963.1878634480707
-0.4623755190388346,0.21726909159959612,0.18264757720657085,0.30932489269517727,7.076547667040725,6.824739477338085,1183.8743269606941,920.3366042737947
-0.29723644363476043,0.16668339889311007,0.29396248806591885,0.24566418063838508,7.167427313171004,7.418704827450515,1296.5048076802111,1666.8732206356176
-0.21042412607792355,0.15986982082776427,0.1877659138376922,0.3973166754125197,7.366400618848518,7.322040702498729,1581.9295559325237,1513.2889935151652
-0.7829765665796631,0.19660459592294177,0.20280732674031582,0.4225081167312433,6.857749138982696,6.688740418635425,951.2235839705094,803.3097806030718
-0.8192663125863295,0.21500727326132885,0.21287548256970823,0.31074421150701265,6.869088992674434,6.689556211588799,962.071712085144,803.9653824427854
-0.18025053962769375,0.16064268073153837,0.21608007504355997,0.2675176495319782,7.497869047807976,7.628495778458942,1804.1936647169694,2055.9550807639716
-0.24946468180484424,0.1399673674552509,0.20943843324779815,0.29197454755283364,7.1677210618131735,7.269270919680249,1296.8857101490862,1435.5034740852154
-0.7587103514336124,0.18150604146496568,0.3076305746677406,0.592509172542307,6.845879875264672,6.835184586148524,940.0000000005854,930.0000000011371
-1.3768499997685133,0.3220401799299727,0.33239355128567133,0.4490128855186565,6.840546529288687,6.671135428463335,935.0000000000003,789.2912796636406
-0.5108205111455397,0.24502560066796902,0.1595426537629135,0.24486479449119913,7.0863208245570535,6.742045726265019,1195.5012405215884,847.2922921983055
-1.2944462868282935,0.5248528036290464,0.3468649598781234,0.24376450298534288,7.01211529430638,6.6976834433327666,1110,810.5260192159117
-0.4739501392669524,0.23305971841725828,0.36869889711777426,0.2362735927149875,7.098389082567623,7.20764708385867,1210.0162673213204,1349.7127673362177
-0.21028301397329213,0.17835418983303825,0.18499062809502453,0.39868455956262394,7.454812795545687,7.3094416419915715,1728.1604456502207,1494.3425780614348
-0.3838972925168654,0.18770878203996288,0.1611814902214501,0.33336960269580646,7.095605919147847,6.849575239888172,1206.6532763563048,943.4800688480944
-0.4159353993433925,0.18670737275531676,0.16288272838957318,0.4270939379390447,7.055535693539159,6.821325310691767,1159.2583121625028,917.1997796042205
-0.7885229723839815,0.18863810550488297,0.31971855224388057,0.5007512528429312,6.8458798752642975,6.835184586147858,940.0000000002331,930.0000000005176
-0.23720933243831696,0.13868950966613558,0.1898858730837007,0.3715203225020809,7.1913215742946335,7.2302186453013615,1327.856908084588,1380.5243162461077
-0.2761815373889972,0.153982803959532,0.11777588831475413,0.3347214220635947,7.164192176206946,6.856163220181353,1292.3172144239902,949.7162162017887
-0.36904282800636307,0.15636224855963754,0.19401976084731565,0.44584315730164525,7.030346940865783,6.955457268136417,1130.422732002238,1048.8580376742116
-0.4054548041389282,0.24014028088682177,0.25652748290726013,0.2082093735353755,7.198924043692177,7.062410175716409,1337.9903704540081,1167.2550680533473
-0.30133672148301355,0.14313766295553756,0.1836657352633358,0.38123374050608116,7.081659213478703,7.039222808265318,1189.9412480244043,1140.5008742402038
-0.3585049355465842,0.1827408548307261,0.1716406748392716,0.3086195712990638,7.116380560069123,6.908487433011876,1231.9832645956778,1000.7324221199245
-0.1709563108109378,0.16021377807745213,0.08149612889128113,0.38905196030555583,7.543812302749935,6.906426822182803,1889.0178232683595,998.672425208787
-0.17595616026351785,0.14732841317018114,0.14862555388860307,0.43233305596823485,7.443952005864757,7.27439325169967,1709.492814619744,1442.8754642661627
-1.170544836834301,0.28002907735348787,0.4746150888124727,0.2818136943116808,6.84587987526405,6.835184586147301,940.0000000000001,929.9999999999997
-0.3088239862361964,0.19338441724027539,0.1389608351613159,0.25244724766792903,7.2328464204906195,6.879687231045976,1384.156794370202,972.3222000310204
-1.2550342643337313,0.29354792488090076,0.3229984803597068,0.40491712652976736,6.840546529288687,6.687081758527295,935.0000000000003,801.9784671190192
-0.2712619766605351,0.16254054605071128,0.2040628196850109,0.36856021923937077,7.205851548850376,7.181991588554578,1347.2914852102417,1315.525636811456
-0.4620389118135748,0.22611063502695752,0.3647139478953154,0.24904904322819751,7.096025927603713,7.219077124268015,1207.1601873816799,1365.228542856229
-0.13194563051393185,0.13031823683155427,0.1522787336508383,0.3565727300173731,7.5943163660024355,7.58382161130197,1986.8710944778973,1966.1284048225436
-0.43571215925659235,0.20232588676139943,0.39345937192945213,0.10000000074558962,7.071006946648981,7.332745394508323,1177.3329490438375,1529.5753005416516
-0.1038283780602558,0.16321917905965394,0.08473882582986911,0.46311124777770835,8.178659516488738,7.2458626887198605,3564.0738749942407,1402.291115037476
-0.3682303394806571,0.17935191279219365,0.2500853931503216,0.2582428118460296,7.093714649830265,7.108874252474714,1204.3733267167675,1222.770240415824
-0.3085367498698466,0.16533402583344844,0.21447528532638394,0.28593288228526664,7.142515122557314,7.124856395819138,1264.6050292392208,1242.4697303952976
-0.541860855036181,0.16538284104170886,0.25478831778578737,0.41000427244425713,6.91186293501482,6.899929339884158,1004.1161040148993,992.2046038357565
-0.577525221483363,0.1625784547964626,0.15412210146609462,0.42251672161731874,6.888159025550517,6.696585920807187,980.5945050599125,809.636936635579
-0.6606467686239084,0.2860684723096123,0.3421616742440817,0.10000000006218748,7.0396629335480245,6.947638720960413,1141.002947989476,1040.6894664173935
-0.21566167238355854,0.1559987429980494,0.20107729417898731,0.3099963680248917,7.329999593971529,7.362093283530951,1525.3811526422542,1575.130308717462
-0.4211345572814549,0.194505701409559,0.14365051740075607,0.4065703197604955,7.068511361080536,6.7708230871280275,1174.3984770628902,872.0293548210958
-0.27696015047298966,0.15883119298470877,0.23127650796786087,0.32566639813721204,7.180130496320298,7.2647728515041985,1313.079599121685,1429.0609818388664
-0.46506239361825463,0.2097079347777025,0.28140078123745144,0.3169592424820169,7.057574487228328,7.034801258675304,1161.6242116644187,1135.46922510781
-0.8490778017811662,0.21203305892684,0.2177655736883589,0.3704937716902237,6.856371776471856,6.686192528249069,949.9143061486047,801.2656405640204
-0.38542383020803317,0.18684761225297528,0.2829435336110876,0.2730615705787015,7.0914349805170405,7.163829596394737,1201.6308809246264,1291.8487312274772
-0.5052985479858954,0.21936462291588751,0.20522444934437906,0.27592294412017165,7.040778928088071,6.835864419801582,1142.277011841529,930.632460258006
-0.29779799153250475,0.1680039867366992,0.2134445002939731,0.34287055020121443,7.170804383048671,7.146462056441234,1300.8905964017897,1269.606204841144
-0.09832802100978284,0.13341334149392958,0.1619815926876889,0.37122563239632544,7.963469332193801,8.077078908486467,2874.026629327952,3219.8141145982395
-0.2663656507592771,0.14026410188456695,0.21704255562620905,0.3556109296164237,7.133234982266114,7.2445488488965575,1252.9236036237344,1400.4499388967927
-0.46712658409243746,0.21017077556052924,0.31642984587485423,0.20056284159385407,7.0565727183719344,7.107115834081759,1160.461115380426,1220.6219880514925
-1.1933748599496568,0.28549069668474025,0.48387186660305237,0.3518402136895008,6.84587987526405,6.835184586147301,940.0000000000001,929.9999999999997
-0.35895677537671167,0.20388855851463208,0.3051006536216228,0.26081516065271115,7.174653278772965,7.279684361140818,1305.9072367257606,1450.5301091813567
-0.3833041362868472,0.19413265549019249,0.2423665795162345,0.3049612084343821,7.113121776541067,7.062028280819336,1227.97503235395,1166.8093844068471
-0.4379954187144409,0.19597304703378518,0.32927408884206555,0.22327176215816436,7.054081914157802,7.18149466739732,1157.5742307686226,1314.8720866845003
-0.07550832581537414,0.11968796549202211,0.13300336514012734,0.3850522080440816,8.191746454716629,8.191159209405114,3611.0232312235757,3608.903297282826
-0.26276490452726997,0.19793828503405853,0.1950992069284577,0.2618789454180625,7.359940605214261,7.1722052650183885,1571.7432068343064,1302.7142676587132
-0.661136054101896,0.29752397128289665,0.37366809573363435,0.22352054661968906,7.056669466552031,6.994910399658493,1160.5733933126673,1091.065913474558
-0.346109259394382,0.17781792048704415,0.1426253030671874,0.29343703879392136,7.120412576716712,6.8418012100238625,1236.9606693743401,936.1738627448815
-0.8921698704177474,0.21343352069395127,0.361743752959793,0.33654396646067997,6.845879875264059,6.835184586147317,940.0000000000085,930.0000000000146
-0.5648001227661599,0.25270214014953674,0.21894942537341183,0.10000000705824291,7.0540688923272175,6.817377724820472,1157.5591571312439,913.5861918796968
-0.33257042357235483,0.1866446692016659,0.2604206366666653,0.2944539036333167,7.167868670983466,7.2127735869082255,1297.077156501996,1356.6498402238672
-0.28876327176456307,0.20280207357393948,0.1880689040953262,0.4226517837522261,7.308962749477695,7.081010422853837,1493.627119915083,1189.1694756849456
-0.39008234231611066,0.1835540904422756,0.1928875509105326,0.25790659830653595,7.077202350524405,6.924198540498782,1184.6496436951463,1016.5791959879201
-0.8952758918959817,0.21417657324642175,0.3630031362942553,0.6415327913157782,6.8458798752640595,6.835184586147322,940.0000000000093,930.0000000000186
-0.3928064660963624,0.2021072541527491,0.3794906110079708,0.1439146750486625,7.12117138581403,7.395820201327321,1237.8996425889404,1629.160615467102
-0.33043731826160794,0.1564755904597465,0.2663685765209988,0.31344006937817503,7.080191102469254,7.235828721154693,1188.1955639201542,1388.2909276473213
-0.35637517488725307,0.18348253877142365,0.2858187019966866,0.17249787842717773,7.12150798691195,7.231735785957082,1238.3163911028194,1382.6203554035658
-0.31127792512284524,0.15272410449617882,0.1745335825792032,0.43563169149764763,7.097286020512218,6.990419638547865,1208.6822801609853,1086.1771823788285
-0.6572018001224247,0.28980264307019965,0.46566952542543905,0.22642566753248913,7.047614655583745,7.138283461489416,1150.1120548193153,1259.2649560293742
-0.29051556315382016,0.15906678007175315,0.20923428789101262,0.1876349395538373,7.154182918506713,7.149936617594682,1279.4465985037589,1274.0252018325825
-0.47103485790806454,0.21100992645543126,0.3110274763998539,0.28182646837237796,7.054621122770845,7.090026186084425,1158.198573074337,1199.939221909209
-0.4857861904471302,0.2265468249488494,0.3474107064424561,0.230049716474755,7.073001081723528,7.1448709444130385,1179.683052404936,1267.5877253768656
-0.39108086716427365,0.22208678727452202,0.24512677290348225,0.24612057487145997,7.1745296349804395,7.056512536674033,1305.7457793841302,1160.391278961612
-0.7164063945277712,0.17138567901170906,0.2904777962157713,0.2569514099556001,6.845879875269709,6.8351845861601275,940.0000000053201,930.000000011928
-0.30387362333299117,0.15229855741640924,0.2970068603637421,0.22336107504523517,7.107840634207312,7.40712204791693,1221.5070157170221,1647.677579657324
-0.45639820110085183,0.21109227811808315,0.27291455967390654,0.32021610262019184,7.0691679560073855,7.02769413923549,1175.1698343519586,1127.4279188148123
-0.9261961663728964,0.2215736208953598,0.3755402287277597,0.41965739032758825,6.845879875264054,6.835184586147308,940.0000000000043,930.0000000000063
-0.21854717946056598,0.14534532492025987,0.17051553080922552,0.39719576257852435,7.271702580280865,7.209942454286666,1438.998378814155,1352.814416463681
-0.5522537468307613,0.2404821912621033,0.20019341862841517,0.278440472546153,7.042106156650506,6.792222077210755,1143.7940810439493,890.8909925869701
-0.5956368992499357,0.26279293763653294,0.2319116044849462,0.20505165326485486,7.047846723832903,6.819070112254352,1150.3789902826372,915.1336427444517
-1.1297185769172013,0.458061464921535,0.35201122490339787,0.22509455525428052,7.01211529430638,6.74131143739593,1110,846.6703632649702
-0.4662421046919667,0.2060605731416233,0.34524283260635236,0.2358954456806304,7.0486106420814565,7.170199218354408,1151.2581215355176,1300.1035815025818
-0.8953262787950182,0.2141886272886147,0.36302356642371414,0.5696536657880217,6.845879875264063,6.835184586147315,940.0000000000126,930.000000000012
-0.3341573194250942,0.21235291946495485,0.24333949701014343,0.25019379805353564,7.242138045121373,7.157937843654472,1397.077795318612,1284.2598557667045
-0.4536164488374416,0.20195923335956417,0.1726949798549789,0.2054617534789382,7.051870446347861,6.810426527568698,1155.0171211446184,907.2576948512955
-0.3223630760569226,0.1648001368342421,0.13083538734798592,0.37586180539659747,7.117875413510359,6.835582919188592,1233.8262761912194,930.3705235193813
-0.47930659750931426,0.2309582974791965,0.2842620461083145,0.3150233553916917,7.088509394227807,7.022788815255574,1198.1205434959636,1121.9110616571852
-0.3901920181685984,0.18223565071106024,0.14893791312953364,0.24537193996738357,7.07369113584757,6.811423629314675,1180.4973784925344,908.1627742360133
-0.3484554206660494,0.18997899494557866,0.2221858326471045,0.2823235634930232,7.151853341834154,7.0673500599437356,1276.4694985917283,1173.035438378792
-0.37702589472355874,0.19146525513846557,0.2252427675166912,0.37265559256311165,7.114480703459771,7.027139365290762,1229.6448950346107,1126.8026246453887
-0.35912629566520204,0.2171588927433573,0.27686824543427624,0.1828917961232655,7.2113368810032235,7.200668998517551,1354.7021328637559,1340.3271413941698
-0.3002097121535451,0.1609685453399467,0.16042908055562077,0.26058169923432656,7.142837187562175,6.964109519603042,1265.0123798572781,1057.9723941616742
-0.1764062819386918,0.1403294176550953,0.16697168887346303,0.3188063135052492,7.402140097968281,7.376237294969786,1639.4893460448423,1597.5672700934774
-0.4581479550939651,0.21030343321742578,0.35031323786144264,0.21256152144977808,7.065679700308549,7.194348532837809,1171.0776828649684,1331.8823652690403
-0.2898572129701636,0.16862340234247386,0.1905841997013099,0.29076503534813697,7.18839662822942,7.087230111458937,1323.9786728255574,1196.5887885124198
-0.378440513339071,0.18409017557423996,0.199189751940801,0.2110106571447868,7.093094340789299,6.956063103839933,1203.626474716979,1049.493665845033
-0.34573065785264256,0.15106361983900324,0.2124081114275279,0.2623041209829521,7.043590377667696,7.044094010939429,1145.492984720766,1146.070038399927
-0.5385586721015153,0.23079507190142154,0.281258814105853,0.1091406166609471,7.035192300283638,6.951963067597077,1135.9133276454363,1045.1995128853016
-0.42720330411906593,0.20483993862092986,0.14262703929981996,0.3422244499964069,7.086140715990182,6.763581688196735,1195.2859398957908,865.7374509704221
-0.32728183335056127,0.17852327327350467,0.18949943192316054,0.2950080040619966,7.152122788346233,7.008729409580868,1276.8134851868122,1106.2480234192342
-0.1027388760452241,0.10481018270023579,0.16140049072177015,0.40159337895446756,7.626811071101218,8.00069725134789,2052.494314120314,2983.037188795076
-0.9212748926949172,0.22039630612356814,0.37354482396388733,0.36799154606751217,6.845879875264053,6.8351845861473075,940.0000000000035,930.0000000000055
-0.48488302614176704,0.21860676688140096,0.37775308561516485,0.15906892569002767,7.057494524101449,7.208779715764844,1161.5313282738682,1351.2423611505308
-0.39018748025388694,0.2017530250210135,0.19669208371456529,0.2433003852015811,7.123717071301082,6.933815825739945,1241.0549602627034,1026.4030919715524
-0.3516915794939724,0.17739724488634706,0.2467329098293703,0.28194370964985627,7.111061594459946,7.131279948108905,1225.4477843855968,1250.476488058974
-0.9928214210521227,0.23751235985619967,0.40255444481900027,0.5326895553321886,6.84587987526405,6.835184586147302,940.0000000000001,930.0000000000006
-0.5191605771890575,0.14858915975007947,0.15312408329799482,0.3676491738654387,6.89286059253261,6.724664992059231,985.2156907021382,832.6929710569631
-1.2865870579594758,0.3077898218317723,0.5216661605461033,0.4045470962189419,6.84587987526405,6.835184586147301,940.0000000000001,929.9999999999997
-0.4171367345956111,0.1934772038134745,0.3015513357609988,0.2210285809795387,7.070472208492749,7.15262712618318,1176.7035524895687,1277.457592948421
-0.17869416081878434,0.11822127093657489,0.13838826433751852,0.3694996606802059,7.268234596090961,7.204161483885426,1434.0165985476845,1345.016398137521
-1.0075070801422468,0.2410256055140566,0.4085089671696166,0.23061014015149067,6.84587987526405,6.835184586147301,940.0000000000001,929.9999999999997
-0.8943669856060874,0.23527071375800152,0.22962423956731648,0.29869142895075296,6.869708547636462,6.686464464451742,962.6679530711515,801.4835633288495
-0.47442122685827204,0.22255942542975865,0.27530446700501265,0.17349520218702397,7.075767950813427,7.010014902061673,1182.9516007159434,1107.6710113594381
-0.8004908705799649,0.19150118206915373,0.3245711173799911,0.10253685911890156,6.845879875264386,6.83518458614816,940.0000000003166,930.0000000007984
-0.3846116658875394,0.1803727370539691,0.33574678209694553,0.14668319428183413,7.0756238369005064,7.302669551776937,1182.7811332156327,1484.256944267111
-0.3410389339370462,0.17932862928420448,0.24709584490406322,0.3384361851903369,7.13248055756956,7.154257999349657,1251.9787235795009,1279.5426640391715
-0.5396866953754709,0.23377248896848576,0.24184663637256432,0.19885545329513937,7.039813521465996,6.877843618294822,1141.1747821855656,970.5312658266495
-0.31213734924342684,0.18404985327309023,0.14224610669875204,0.10000000141076953,7.196293987938695,6.885435870337384,1334.4760046968274,977.9278265591317
-0.5522701120638502,0.23672508212790444,0.4270915843837676,0.17591352526842857,7.035290224753362,7.20305769615801,1136.0245668021273,1343.5326045912843
-0.41289587973636793,0.20415050965260498,0.16889889371769629,0.30602322818949446,7.1010859984009285,6.838778763943219,1213.2839837486974,933.3485994763478
-0.4551271136903819,0.23035848453317112,0.21472376871380544,0.10000000285753227,7.112791168802652,6.901508044913841,1227.5691214080216,993.7722393257369
-0.27487242075655505,0.17249888908424205,0.23643777261742144,0.22592903150614893,7.234210014170256,7.289892251890561,1386.0455092538157,1465.412793239191
-0.2667072435583986,0.15282019001402633,0.1899563417856298,0.31532450266992607,7.179638710900825,7.1419473847552775,1312.434004480257,1263.887268928586
-0.4748139782618377,0.22473210222017653,0.22746177966723757,0.23849760452245694,7.079955759557404,6.90877399218784,1187.9159634185826,1001.0192322702454
-0.24931852017843031,0.1653520108872655,0.1934831723352504,0.30794272520578764,7.269866102805324,7.205767611955462,1436.3581158379225,1347.178402492402
-0.35613625251308556,0.1691857751075599,0.3025454180937607,0.25653358080173516,7.081709307289358,7.279241019187618,1190.0008582090118,1449.8871708608722
-0.4081931070251837,0.18664633465284636,0.2876582018952708,0.345273364433548,7.063900275532357,7.134430549697493,1168.9956911444187,1254.4224540880975
-0.6375428409757877,0.2843847243513471,0.3798841589522239,0.2519681620418621,7.0527138952912125,7.0255761554834235,1155.991730073658,1125.0425717559865
-0.516172547482153,0.23663414577716685,0.250058568615269,0.17223811452558513,7.065090192222264,6.914167110589598,1170.3875265476038,1006.4324314036821
-1.160860750055422,0.2777123562844901,0.47068852951974577,0.3462098122377489,6.84587987526405,6.835184586147301,940.0000000000001,929.9999999999997
-0.21143057286550776,0.17098180284065753,0.19296770310222633,0.3504419888455826,7.415340247069498,7.342395920650747,1661.27431596405,1544.4079633495032
-0.20064223969107875,0.17805175312547344,0.19409096617143365,0.29169112654289403,7.4940593050338755,7.39706796094218,1797.333227488093,1631.1946850402305
-0.3799972360333288,0.18295952913709648,0.2491746134345941,0.11416821770057348,7.088126133357603,7.085446914469069,1197.6614387579145,1194.4569363077549
-0.31978370946973833,0.1733863045163037,0.22219941665685727,0.36663323520555824,7.148848864185317,7.124562304852629,1272.640130020534,1242.1043849964524
-0.749275063603476,0.1792488404916271,0.3038048946685782,0.5326609875290995,6.845879875265363,6.8351845861497615,940.000000001235,930.0000000022877
-0.4402439431585152,0.183610787167689,0.26015754921629775,0.26852157331664106,7.023716201576825,7.020659008858815,1122.951989225816,1119.5241510324984
-0.4513497305083811,0.20769807756654352,0.3168560198687961,0.2676220587426291,7.066821232124401,7.131738330497304,1172.41526860188,1251.0498158498488
-0.28493100553315054,0.17641906124445697,0.20138238557150684,0.3749266525548125,7.225814327055224,7.1364954401521015,1374.4574178935325,1257.0153751672815
-0.07676045805628266,0.1368834372946924,0.13510701877166476,0.4474873979001666,8.389904751906071,8.189831678940818,4402.39835420939,3604.115546858391
-0.25012700144680833,0.14255964471344812,0.1654480851458287,0.4052914817484745,7.176599227640527,7.091175794985442,1308.450939589372,1201.3194759435444
-0.38882646268147886,0.18269718117486342,0.17720203231751225,0.1000000034252699,7.0765183631605595,6.885455003588163,1183.8396353575881,977.946537676483
-0.4471542697843562,0.2148859494399348,0.15658463744221263,0.32614184340206054,7.08721352632592,6.779899825232796,1196.5689430927653,879.9805678438323
-0.24577819700732279,0.14495399434839,0.17757903825256416,0.38973292550715577,7.196425829902165,7.152236936523355,1334.6519562321337,1276.959239437304
-0.5639241604694937,0.2436411752087292,0.23994861944844598,0.1251767520805352,7.038696181542494,6.855217508215176,1139.9004141254727,948.8184827771848
-0.5796878678307624,0.1386785487726639,0.23504320462059927,0.544178738597791,6.845879875947649,6.835184587219617,940.0000006425831,930.0000009972532
-0.5128954919699025,0.23926992149945964,0.3002063053062356,0.3256060615127663,7.073158325274432,7.015036194614709,1179.8685645419484,1113.2469390263657
-0.3052473087002785,0.1612286100264392,0.2225566881380717,0.36525253398941904,7.134840297727582,7.158822345762042,1254.9365565365993,1285.3962888304275
-0.4585571791067354,0.20345949582571118,0.2189832925360739,0.17578148507967253,7.050345116941744,6.907267976925691,1153.256682530885,999.5128166559169
-0.4723211011177737,0.22449848887906546,0.303539412719663,0.2621380120486449,7.0819592256372275,7.07237425675074,1190.2982984237933,1178.9438293136645
-0.4766825409399406,0.24956298463328205,0.28107007884502955,0.3573415252815359,7.130191459896187,7.019357349589468,1249.1160996591257,1118.0678600469969
-1.0727084856690996,0.25090259200012055,0.2794383851644248,0.2705971797565697,6.840546529288687,6.690217450132764,935.0000000000003,804.4971711418856
-0.2722672281313063,0.11798359222402131,0.1677598627821852,0.3749214885376057,7.039987657747018,7.045878330257957,1141.3735194213102,1148.1168188217093
-0.6208444775978672,0.2711071857515194,0.3070064384205018,0.10860609100743959,7.043325062973266,6.924217616459169,1145.1891089126939,1016.5985883973563
-1.0173847938683283,0.24338864789742837,0.4125140354334237,0.6750298630466883,6.84587987526405,6.835184586147301,940.0000000000001,929.9999999999997
-0.2812407436589493,0.18300585377158052,0.2428480458642416,0.27165182294498624,7.257359082038375,7.293207615301123,1418.505429729754,1470.279231743836
-0.6245637563562301,0.2768831940232527,0.3088079332767356,0.26254255447887975,7.049972731263299,6.924157283841948,1152.8273062104972,1016.5372561940405
-0.4427634628318319,0.12984762065377511,0.12709531292951723,0.4357773204015606,6.899916527154387,6.716769615637754,992.1918910677325,826.1444322145063
-0.31479361115551224,0.18566775429736257,0.10098378691594398,0.43235418342809173,7.196458072120144,6.750513113415863,1334.6949890651658,854.4971039849634
-0.1497152441435178,0.13784923806500782,0.1705644503047634,0.3334236628202988,7.52739301939204,7.568978551358748,1858.2547492965875,1937.1605606167232
-0.4229770430156156,0.19125718231559818,0.16055314271083937,0.31271614959558103,7.058819365291316,6.809298335478244,1163.071192633521,906.2347110655752
-1.0233478428664557,0.41497277232691304,0.22172983812971064,0.11983699613526627,7.012155289101008,6.646390514847729,1110.044395109818,769.9999999999997
-0.28925332276524457,0.15428484632633285,0.12745988628563903,0.3307563328127169,7.140040243229812,6.870370894130507,1261.4791540723231,963.3057840240273
-0.4892523083965838,0.22175381964463958,0.26064817041751415,0.20887591983798648,7.059900617190332,6.962467440479481,1164.329445690914,1056.2365453704965
-0.09029368754743619,0.1668047406601367,0.16307006077001204,0.35066774733050254,8.454007905114114,8.235715724281075,4693.84758220718,3773.339601569727
-0.3514034279677742,0.15295945281911702,0.19426136760649687,0.40036614531335574,7.041931804546982,6.982535279324695,1143.5946755238115,1077.6470428234775
-0.4835582573934334,0.21740512367241754,0.141726929279948,0.46362088408715235,7.0562446670045516,6.722811214376991,1160.080486960981,831.1507732985983
-0.39804106787434956,0.18670999412384642,0.26821511665452347,0.3392841595737884,7.075722372947512,7.103557275949959,1182.8976855351805,1216.286053163851
-0.20287805192918112,0.16313482858624162,0.13118274259843393,0.3566004734530635,7.410753079709768,7.076328321879111,1653.6712243053303,1183.614678332493
-0.36625419105165846,0.16538297876509367,0.19740135996371772,0.4035515753044948,7.058202640219873,6.968693132912278,1162.3541186106431,1062.8328612495072
-0.36522281004790624,0.17744007422822852,0.26004426691113347,0.32342667910858636,7.092490800055147,7.141734882764334,1202.9002562840315,1263.6187189023292
-1.0824767442513865,0.169327595325546,0.21410759655414224,0.8495082281444828,6.763076267612693,6.627513654857425,865.2999999999997,755.601147931113
-0.2487529975995768,0.13672462889716505,0.223107926656197,0.3434504351820383,7.15629031201191,7.326624957808828,1282.1457390323708,1520.2422221299337
-0.38838372464515114,0.18854590998757043,0.25270538972931317,0.27287307309922065,7.092113139517993,7.080378539409947,1202.4460540996195,1188.4182965351092
-0.40569628958038173,0.21216796427384899,0.29668573597475567,0.2685690972998088,7.12962259122883,7.161019575167515,1248.4057187240235,1288.2237044567892
-0.8690155068499099,0.1797075518986686,0.2050565833989873,0.14483398608843753,6.813444599510919,6.665683717782449,910.0000000000209,785.000000000032
-0.3543060400992622,0.16761531970261134,0.223995127802866,0.4235850068883239,7.079730802198022,7.061927519821636,1187.648763035758,1166.6918214521281
-1.1228516292579855,0.2626308899166214,0.16831269251339023,0.21548806718843488,6.840546529288687,6.579617014033823,935.0000000000003,720.2634256349575
-0.3230310605385536,0.16611190049809282,0.1993227461995254,0.5238947787732664,7.120879066297711,7.046758427381089,1237.5378332487094,1149.127717910413
-0.36798966569376823,0.1845498304975539,0.3550031584927715,0.14453706554172754,7.108158374341552,7.3944290652594376,1221.8951991876393,1626.8958070681258
-0.9470320673648213,0.22729648630180138,0.24368250893382082,0.43861644731336835,6.84665946796865,6.687031260112033,940.7331028660183,801.937969499897
-0.2482963891926611,0.14085763731383494,0.21201094142105514,0.26558662037849956,7.173946544279923,7.283581840316783,1304.9846330931605,1456.1945514284516
-0.956211922782948,0.22875428096840897,0.38771057064550407,0.4927937113736082,6.845879875264051,6.835184586147302,940.000000000001,930.0000000000006
-0.3487128785966098,0.17882084004907034,0.2606823741274239,0.1852108250969846,7.119452698020355,7.1772753904463205,1235.773906844732,1309.3359646247138
-0.32641246955161785,0.2061264368629998,0.24287744002486886,0.10000419938269167,7.238140880000903,7.173800855685346,1391.5045906147154,1304.7945255646052
-0.1298578860300345,0.14566628055075792,0.17004129362989437,0.28440291294555786,7.728386300992716,7.739160889942038,2271.9330250437797,2296.544520785163
-0.2551439117353498,0.16168954552746456,0.17811609217848856,0.33067331850477893,7.2403691898293046,7.127819977349664,1394.60875120158,1246.1573523256825
-0.4475435570265313,0.2021056141646037,0.18352238109182162,0.22960202479900593,7.058238888552436,6.839785444156805,1162.3962527729325,934.2886561326478
-1.2848350775232824,0.30343884325587867,0.27838654837501675,0.3726662262616988,6.842819674846364,6.646390514847729,937.1278085895169,769.9999999999997
-0.15357629191559433,0.16383813344526432,0.173052794714462,0.3228237297276008,7.673469363830853,7.556539201031095,2150.5294870131443,1913.212797867984
-0.4932286267694744,0.16221209858252966,0.24251977732575586,0.39892424942019733,6.935528296223943,6.921417980849489,1028.1622828225316,1013.7564631024916
-0.4396457618819436,0.19446638765170637,0.18305051065740774,0.33077653557586395,7.0489753591267,6.8460785710367444,1151.678081574554,940.186792583167
-0.3837316472792145,0.19298268103923055,0.27023826469378914,0.29304187066498144,7.109560702981343,7.133957105062785,1223.6098998261896,1253.8286950746526
-0.1571702582962798,0.14103565090962078,0.1489225374385399,0.3038769408927089,7.503993312298804,7.37724313202339,1815.2769276880153,1599.1749708563186
-0.656833766243323,0.1736293728574576,0.1735479957909257,0.42494851058096206,6.870993132284116,6.693938531184823,963.9053761616454,807.4963469493325
-0.12888252585794974,0.13356927982235556,0.16402709333550908,0.35997814807725004,7.6430147277309555,7.702406308496624,2086.0231383954433,2213.6683570763503
-0.5441146486464372,0.1301683803885052,0.22061950833429544,0.39852988650648724,6.845879879264405,6.835184592575418,940.0000037603344,930.0000059781482
-0.38896724562949203,0.19820816351228737,0.3193920598931602,0.2826566994775074,7.11622564721554,7.250847898187385,1231.7924293343917,1409.299284061576
-0.35106390780742297,0.18372868339603105,0.40782416960398693,0.10568718567846433,7.129998440775316,7.591400187830871,1248.8750196349797,1981.085464426629
-0.4001846200785903,0.19917925972999712,0.2641303356869873,0.2924468376978185,7.104368613485304,7.08974068433916,1217.2732721222433,1199.5966860667593
-0.7447359364996433,0.18915276040980072,0.19250264530720904,0.4072768932104116,6.860636533760337,6.6882039097317945,953.9741109969814,802.8789133457997
-1.8771893884400062,0.7611347983233266,0.5244115496881498,0.13618526975061543,7.01211529430638,6.7090794365588,1110,819.8155997033425
-0.27647048125635754,0.1760265719810761,0.2341656068504685,0.2678405871516083,7.243342288664863,7.276701787999882,1398.7612306630062,1446.21024239928
-0.4252862967482011,0.21953237329443048,0.3488725423154533,0.17572011898036782,7.122849214883141,7.250043445641625,1239.978369980887,1408.1660255522356
-0.3271767257047359,0.1893740180550219,0.2238140666950741,0.3607925400595956,7.185462806952677,7.113796458799246,1320.1000484027393,1228.8038048693852
-0.951933884459633,0.2277308471905107,0.3859759753742505,0.5117684546345791,6.845879875264051,6.835184586147302,940.000000000001,930.0000000000006
-0.8502332498517493,0.2034010359955027,0.34473991656835373,0.5738250807294849,6.845879875264091,6.835184586147371,940.0000000000385,930.0000000000641
-1.1984177563152003,0.28030553069681396,0.3054474014239309,0.2928338873579902,6.840546529288687,6.684595041935234,935.0000000000003,799.98665152521
-0.5191491584073631,0.2586435579855516,0.3228010269027005,0.19173698614529328,7.104856826422797,7.0515080751602115,1217.86770577545,1154.5986520438255
-0.46934619194332605,0.2085670450432086,0.20937796620004953,0.26459976062744334,7.051028022054596,6.87582508152368,1154.0445163930842,968.574188659656
-0.349215929507127,0.1862365919063383,0.1645188141537717,0.3420790547516654,7.1399494322239825,6.900828612109764,1261.3646030828327,993.0972671916285
-1.2507717243900462,0.5071442924484456,0.27100651765131745,0.2400208331416548,7.01211529430638,6.646390923648829,1110,770.0003147769107
-1.01774831058807,0.41266142877949374,0.5848965371775452,0.10020528539667106,7.01211529430638,7.004416120708663,1110,1101.4867319245013
-0.293839551494986,0.19713545238433486,0.22293680495611062,0.3538872515886533,7.277545072136328,7.1884219870167785,1447.4303229196316,1324.0122477448972
-0.4356194105876795,0.19675257499621523,0.1802471639591147,0.2856727406247971,7.05831182067585,6.843491590985044,1162.481031891418,937.7576914786556
-0.5057466476842116,0.24052080498565948,0.34246908943857923,0.24607865866149709,7.082225864429583,7.106874909531818,1190.6157204412593,1220.32794567081
-0.5777253271957421,0.25460175634091897,0.430103623589072,0.18481949562519503,7.047347078572221,7.174197179366132,1149.8043524416462,1305.311749020829
-0.2283550840750849,0.14227049927949506,0.1608892046237953,0.3824004089545449,7.229673316406761,7.134276616652674,1379.7716816820996,1254.2293718814972
-0.5666970030947974,0.1355707482679011,0.22977586246827025,0.4889553378735513,6.845879876010467,6.835184587636396,940.0000007016323,930.0000013848581
-0.40498309144585437,0.19097016496676555,0.26019605227702897,0.3396127833558887,7.078201144745575,7.072205689866124,1185.8334560074147,1178.745115174002
-0.5148954994573433,0.24428164845241007,0.34600536118442105,0.2076212470683013,7.081079752410898,7.101710904550113,1189.2519231359545,1214.042409318569
-0.3206935603496928,0.15931700184266823,0.17250094820275008,0.28503217778899226,7.103439088566398,6.967619110369299,1216.1423119919289,1061.6919675795373
-0.36701842324775813,0.18378592266212823,0.3302649363721441,0.21127123088582045,7.107404129381232,7.32957876425594,1220.973938363454,1524.7393619773864
-0.5578847733336565,0.24095159381889275,0.2534745625958183,0.17709355304748994,7.038552265867964,6.884068789423232,1139.736376392561,976.5918335053981
-0.39378802727744944,0.17921114160465024,0.22874023504942953,0.37958149561899474,7.061745641597585,7.010590960168448,1166.4796449113583,1108.309278046871
-0.3595920500867623,0.18420970278757742,0.20009062724213167,0.2556038369806193,7.118924311121531,6.986157328080187,1235.1211125816026,1081.5574104498075
-0.7661284666060495,0.18328067485118638,0.31063836153814944,0.5294575764555581,6.8458798752647505,6.835184586148588,940.0000000006588,930.0000000011966
-0.25768620176279733,0.15035454071770704,0.15750806005354415,0.2671513216479395,7.190129393424491,7.040959268823635,1326.2748057439417,1142.4830294941921
-0.2796945370614322,0.14389265356590877,0.23954393758366127,0.2574671749427385,7.121113768782612,7.286167873851201,1237.8283205410432,1459.9651927721943
-0.39456802850715234,0.18310411944319333,0.3157673370546933,0.20245797703755092,7.070712416825383,7.230005649854423,1176.9862404385583,1380.230302165301
-0.6834056746059805,0.29997192629096014,0.3799795876417724,0.10000000173282032,7.04558702479545,6.985728305242469,1147.7824148300103,1081.093497142238
-0.3155275990549823,0.17096659828560534,0.2609068986746339,0.3133601348216767,7.148493748528918,7.256610372705913,1272.1882758204008,1417.4437789598796
-0.28041482889270186,0.15644694554585764,0.11106792673630775,0.3708346126192984,7.164562712306885,6.825803833402551,1292.7961533311043,921.3166916083284
-0.388692123351478,0.18493864645485386,0.16505814521666737,0.2794245861683688,7.082447444090219,6.854369568175932,1190.8795658988563,948.0142826006131
-0.23930181536094045,0.13693465472625493,0.17640678025334428,0.3567313809642705,7.178875910937141,7.166892240340455,1311.433261601143,1295.8112687464125
-0.3262871460954544,0.19852498874976,0.25730436425683856,0.24845681772504208,7.21508662362895,7.218302072652181,1359.7914530537164,1364.170830212
-0.6286995002249756,0.27868690900272636,0.5481638519851268,0.10000000040789128,7.049925405763366,7.301620683287385,1152.7727493728694,1482.7009700766669
-0.6484273231884439,0.2726879072301549,0.5018025832051747,0.10000000288460592,7.027187534762269,7.203595848235436,1126.8569034395903,1344.255824037104
-0.7467508201637372,0.31682261784321825,0.30399671595756067,0.16180029447704125,7.0309183748474755,6.836812055307288,1131.0688785624498,931.514778612181
-0.19424763636167874,0.13967907642310504,0.18051054686335483,0.3508281133619485,7.325727540442207,7.359000010067099,1518.8785423448062,1570.2655278591546
-0.6660959570664116,0.1766525297658938,0.17717283487968072,0.38618028196076626,6.871856014115109,6.6957064323211855,964.7374715458977,808.9251833072736
-1.099597487787308,0.2630563651009305,0.44584841426114613,0.3467920538535444,6.84587987526405,6.835184586147301,940.0000000000001,929.9999999999997
-0.35690640870892515,0.18313866564270048,0.2942441296033561,0.25680795455947913,7.119778169260181,7.254148859029398,1236.176181171148,1413.9590123721175
-0.7985771667155267,0.3332270477186281,0.5527472044136983,0.10000000121156014,7.023926138488662,7.121884527895366,1123.1877630465233,1238.7827557717012
-0.8185262231846877,0.21117807773242794,0.2110605948997687,0.3286560950470738,6.864648124139391,6.687573886268825,957.8087507219132,802.3732401021989
-0.3708754134847814,0.178401428746297,0.2391086801179585,0.36419724766158285,7.087678106248293,7.0744337713681835,1197.1249741498934,1181.3743833849805
-1.5591037158719603,0.3613301045114172,0.3691540043213785,0.6881200068868963,6.838405200847344,6.6664926962434965,933.0000000000001,785.6353050313497
-0.45411228219170185,0.2093858495066162,0.11991888930497757,0.5065984847332803,7.067738462639557,6.6937926907833685,1173.4911369969097,807.3785899449932
-1.0593439535697575,0.4295270106578923,0.40928580173724277,0.12662821308054434,7.01211529430638,6.8160772802978276,1110,912.3988958941094
-0.25902657313446253,0.19793444163797852,0.3049927277556761,0.10000000029453085,7.370797428864432,7.607176771570764,1588.900312965839,2012.5880735117007
-0.33772841383464003,0.19390591721277983,0.23269476144687862,0.28663001466466387,7.180797664673985,7.118719135500033,1313.955936575894,1234.8677218353941
-1.2061188341738496,0.2827744375365284,0.26133101831481775,0.30474237261051024,6.841100084105845,6.646390514847729,935.5177170332014,769.9999999999997
-0.22861904353227003,0.1312002308471309,0.15770683288039622,0.45102480012689133,7.180531647777385,7.119543170955321,1313.606448582293,1235.8857159948134
-0.281806788376031,0.17107425717436192,0.18945957864273089,0.38938327582538673,7.213712415466048,7.1020225823558585,1357.9240998989274,1214.4208583668085
-8.532314091368109e-4,0.12491873719708663,0.11601110344089868,0.45054955293289767,153.01328250117973,142.39647152044662,2836770801634257e51,695027236355699e47
-0.49539166281207614,0.22674379170647946,0.2798449672553856,0.10000000019481123,7.064356297801658,6.994615878731175,1169.5289007807912,1090.744619046246
-0.10113900159527722,0.1256196459211442,0.07606255846073481,0.49966999928041245,7.848699681840163,7.181779091650022,2562.4002140762664,1315.2461213849028
-0.7849390119351878,0.19630788187632883,0.19792752390250154,0.4894498228437293,6.856743351261258,6.681876041661235,950.2673359412856,797.8144420578415
-0.40661769611638787,0.18727323984547542,0.2763102125365697,0.3098139731889108,7.067213613796485,7.109252649309382,1172.8753931316642,1223.2330203560336
-0.7100642863757591,0.16986845844989906,0.2879062926475522,0.48432452921879565,6.84587987526894,6.835184586159214,940.000000004597,930.0000000110789
-0.5546012345828084,0.2595509076987495,0.32287953401217373,0.296034406328854,7.074645732392758,7.011902700647821,1181.624815249649,1109.7640461210374
-1.5459314113931772,0.3615877037935564,0.375002377112033,0.4367155150782963,6.840546529288687,6.672293226362218,935.0000000000003,790.205648673959
-0.25739008665603225,0.1907093254081349,0.23746706041181712,0.23270427245674202,7.347585192226605,7.35231546258908,1552.4431460365,1559.8040175706196
-0.7741936789937389,0.18521011310272473,0.3139085237505431,0.29005595744149054,6.845879875264461,6.835184586148192,940.0000000003866,930.0000000008282
-0.33271625601693544,0.16197633349055118,0.20968176705406272,0.28880673911129706,7.093480422356879,7.05993144773439,1204.0912624303296,1164.365343154554
-0.32397881018442687,0.1707575448215925,0.3303977452642737,0.12753450735336816,7.133714115855799,7.449532301835215,1253.5240652467194,1719.0589566126125
-0.40899928608587527,0.2082316255350813,0.24446233000922218,0.4707079329070728,7.115774853695459,7.0274279296815045,1231.2372704295833,1127.127826676863
-0.4393824605968171,0.20336000263801063,0.2932399857679025,0.29432822780209306,7.069481593628054,7.097110673785987,1175.5384696286098,1208.4703602603786
-0.17714513193955803,0.13078359644129406,0.17520209565260927,0.4993957553382425,7.3449352014811495,7.418750865660832,1548.334632232756,1666.9499622620308
-0.5713401044668395,0.2552935794497295,0.14872386280759636,0.31982219559997893,7.053483127652523,6.690026537958171,1156.8812984203535,804.3435974974949
-0.5113455533402553,0.23050571624826027,0.3026917085818842,0.28005557347182897,7.057432860932612,7.021670863173154,1161.4597067796906,1120.6575196800047
-0.6025813027921132,0.25607712561157714,0.221161413141049,0.22230539909402838,7.0316171150176485,6.796742835910147,1131.8594780027609,894.9276132110332
-0.7422429838205353,0.17756655823150475,0.30095363167898326,0.6045943475610327,6.8458798752651555,6.835184586149543,940.0000000010396,930.0000000020846
-0.38677086333382854,0.18209255398278168,0.2898299612509247,0.20294879663318335,7.0774523361151145,7.17907778996753,1184.945826055228,1311.6980392020378
-0.2529262622217584,0.11552758573483053,0.1604142256749992,0.4343143394599932,7.063414085367924,7.063952650450283,1168.4274750788438,1169.0569188011812
-0.5446830652320994,0.24479519943871447,0.3541154402186129,0.2573555838815186,7.056077045714038,7.079850651233806,1159.8860490690777,1187.791110124768
-0.383443064137227,0.2078578634260173,0.27112025661309536,0.2934725760264276,7.1487329172908005,7.136787311494762,1272.4925799037749,1257.382315479653
-0.29671903431969937,0.1890883889211185,0.21993506742238628,0.22617740757064742,7.243914288093968,7.170942797017109,1399.5615501577265,1301.0706702938248
-0.3804958688659956,0.20164735062239322,0.2277113645999429,0.2607914260041768,7.136609555332417,7.0281789705918385,1257.1588278883894,1127.9746637507108
-0.14097205481837927,0.1549828869693305,0.19452498671280144,0.2744746268257522,7.706037487951049,7.809602795789005,2221.72119593662,2464.1514695335604
-0.41972070980159765,0.15631139635852245,0.22216840929030704,0.38698686277038574,6.979067826567714,6.9590438694786885,1073.9168235308114,1052.6266274948043
-0.5473352788441512,0.2532720826881249,0.3614937629594394,0.2513833004095712,7.069386816701877,7.090180765538881,1175.4270609854239,1200.1247221964095
-0.4399601532690776,0.21749517985915146,0.31379757031706124,0.2451378830956073,7.101002182039376,7.142960365845502,1213.182294961301,1265.168211507957
-0.41093316727338314,0.19893851111734867,0.17835684303140972,0.34226728934105405,7.09076421485485,6.863748311036094,1200.8251384534763,956.9472894927363
-0.4242123085907462,0.20506868066507097,0.27884958521106,0.22512386272528112,7.09006067786056,7.087054448203987,1199.9806106580081,1196.3786102918284
-0.9125639938032775,0.2183124004902376,0.3700128584030704,0.5938329253953749,6.845879875264053,6.835184586147308,940.0000000000035,930.0000000000063
-0.5660814096997535,0.24545528377457926,0.17206016645315514,0.3278790000622923,7.040254398540689,6.733668986899382,1141.6780109081014,840.2243898174715
-0.42876059057930077,0.15160345195590008,0.2258541251651203,0.39802686878646476,6.960235509306078,6.956479936270543,1053.8817269722397,1049.9312200277277
-0.32631155639976017,0.183066322698682,0.2298632744290291,0.38111155443773215,7.167667162484552,7.1341483280778615,1296.815810763792,1254.0684789034772
-0.29773543024160487,0.1288529547920856,0.17923270643205402,0.43484524609167796,7.0394268788730665,7.031705967475786,1140.7336406963354,1131.9600509676593
-0.5155141256041621,0.2356054244433588,0.3728956596405453,0.16913134844764605,7.063680193217399,7.153066601075827,1168.7384441753281,1278.019126867935
-0.3974743626272222,0.18737276458540503,0.31638408231549375,0.24419902699210538,7.078058614522775,7.225705614665061,1185.6644509451778,1374.3080054640934
-0.4330342147051329,0.21227197255275382,0.23940664821217897,0.3074526260871048,7.096846954361896,6.9825779822457825,1208.1517051725555,1077.693062482687
-0.302170931815829,0.17039439270460857,0.25237871768287945,0.2230536764593749,7.170550862152257,7.264937863097773,1300.5608352540896,1429.2968129256908
-0.46316857549059587,0.20635180627376817,0.20265850178007422,0.420304598342759,7.052172221140238,6.867267516710403,1155.3657287943988,960.3209165859291
-1.1165504326196705,0.2676998367801006,0.28752046412447807,0.36493430073940253,6.8464063395786035,6.687227294725834,940.495006745941,802.0951925101125
-1.058229950872686,0.24751611565793125,0.2151269100933073,0.45060042835043573,6.840546529288687,6.633008857550556,935.0000000000003,759.7647588596889
-1.0069730092648728,0.23869657176090628,0.2181818859556875,0.5102455605361775,6.843693850293207,6.646390514847729,937.947380883136,769.9999999999997
-1.4860513335465695,0.38014424305389605,0.2927495436378217,0.14506303471605714,6.862458471196455,6.626717749249025,955.7137764424668,755.0000000000001
-0.2690483094945307,0.1206559753980599,0.17009015693014293,0.4638481003104802,7.055104873108309,7.061911359302753,1158.758987564333,1166.672967259264
-0.2200935726018789,0.1625333033216694,0.18525341075988794,0.38390250723821884,7.3451238335666975,7.271422434512963,1548.6267253717629,1438.5953059705246
-0.36041103661296925,0.2081912775848147,0.283182801820819,0.27292381327843557,7.184299748601552,7.215441259708431,1318.5655875238656,1360.2737696819236
-0.36021056793675904,0.19155446224252726,0.2431712109978172,0.3534033448946656,7.138434867974008,7.104800202046407,1259.4556313439123,1217.7987467284854
-0.4308729248313449,0.20276194209378046,0.23260386148978113,0.22757001288615902,7.077234273544031,6.969562777733191,1184.6874618926042,1063.7575503600606
-0.46536006217780007,0.22140483647333883,0.2891472697212935,0.19282683833037945,7.082421216993605,7.051060442212421,1190.8483329950022,1154.081931304938
-0.4050690794951305,0.18914557461610199,0.2968020944998516,0.27627749689764386,7.0735966508650545,7.16243917826849,1180.3858444875955,1290.053769498049
-0.5314166420713806,0.25633853571475995,0.28621452242085355,0.2740728163546125,7.089018473942445,6.968307282337538,1198.7306376404483,1062.4228456865987
-1.1212099905724229,0.2622469166313925,0.31892642698526064,0.2079117898441556,6.840546529288687,6.714167912914781,935.0000000000003,823.9978435991964
-0.3693516930976128,0.17876334519909093,0.23820707562415303,0.2359776222196,7.090642404292224,7.074652424268247,1200.6788741761927,1181.6327225622438
-0.4247433872727093,0.2010106632543347,0.2793125893556239,0.31734459439027257,7.079902199714024,7.0873226279059285,1187.8523405294645,1196.6994977767774
-0.2856886948036174,0.161338756905553,0.2397775418407531,0.13733824384618984,7.171386417768237,7.269016048754252,1301.6479802857289,1435.137652606113
-0.5280821016189661,0.2317431138274797,0.18061597209013347,0.4958393284464941,7.045489361237502,6.771741999795529,1147.6703237893214,872.8310419254794
-0.43590786263897663,0.20798781829085797,0.29062264807500426,0.27769486014577,7.083787297310881,7.09642607588663,1192.4762391356724,1207.6433271151877
-0.29920319203386103,0.15610964489741785,0.1965329710554246,0.3616594923290364,7.128401454412462,7.086574004621805,1246.8821749561407,1195.8039559222095
-0.33465988384197987,0.17481421049664236,0.3836980365680717,0.10000001273901613,7.129013991772194,7.576250792647634,1247.646170835607,1951.2994078716279
-0.15038426315856457,0.13972074347660027,0.09124299307938108,0.3792076961946893,7.535741705097897,7.036451799380333,1873.8336754507202,1137.3449108051295
-0.27481759212678014,0.15172429647644237,0.22075595545268017,0.29729057119044666,7.158741103312605,7.233001224830806,1285.291864329334,1384.3710844355576
-0.23258127335784778,0.14859809059062018,0.20623177472536341,0.39054061944508933,7.245558420061,7.316427903648523,1401.8645067056354,1504.8189992156686
-0.0817134346962847,0.13252757048213415,0.1445803943663983,0.4386971400412281,8.22850797463554,8.199078395624474,3746.240094945581,3637.5963373521404
-0.3070033375366523,0.16718606796526186,0.2834431696990459,0.19176331312363715,7.151224291830868,7.352977094628424,1275.6667879484808,1560.8363753665794
-0.5532114610406706,0.13234460683902544,0.22430794711418606,0.47261801251409674,6.845879877119778,6.8351845902264925,940.0000017443845,930.0000037936475
-1.1987375136807508,0.28677360266939766,0.4860462355778772,0.24143712576622756,6.84587987526405,6.835184586147301,940.0000000000001,929.9999999999997
-0.23256729957072614,0.148526458881126,0.19068557333009203,0.3341709205208512,7.245288804590727,7.249635148393742,1401.4865932953408,1407.5911925987832
-0.2612294742579695,0.1379988498167356,0.23676750630429627,0.2954412842167406,7.134916953218766,7.336077793756925,1255.0327580018834,1534.6809584443245
-0.9118027880035624,0.2181302974634577,0.3697042160112026,0.5830317997749369,6.845879875264054,6.8351845861473155,940.0000000000043,930.000000000013
-0.18623633225105707,0.1454373648740909,0.19530377090587894,0.3687351069010114,7.387579251521695,7.478407285327989,1615.789953756092,1769.420348710145
-0.2621726493784802,0.14504102981131828,0.14859784478394825,0.4071223574459847,7.159877344542764,6.996513326048157,1286.7530959369633,1092.8162142470135
-0.8826377098793234,0.21115314489221998,0.35787879445657744,0.5863569728882781,6.84587987526406,6.835184586147319,940.0000000000101,930.0000000000163
-0.3364252529278114,0.19282524787723918,0.25184372666831545,0.23157647981612955,7.179809442821007,7.178306941306513,1312.6580979873672,1310.6873081352535
-0.35223462685288565,0.17614195731925125,0.27133875151800646,0.2746146290075898,7.106720150622294,7.200054734235667,1220.1391036615453,1339.5040791199299
-0.44173272914996015,0.20873725530583215,0.18782960690799994,0.36219429539899073,7.079192159050242,6.854930458600723,1187.0092164267417,948.5461638839042
-0.42665974904291404,0.20792398961951158,0.23780844167016504,0.3737909102951432,7.093979938034258,6.9870920499857965,1204.6928751378894,1082.5688384818566
-0.32417978081819415,0.1619845297397495,0.2412640294584491,0.2737938560278401,7.106325179286674,7.173948587114125,1219.6572788498884,1304.9872989631242
-0.38688467925003545,0.17842263595355679,0.2924314838698502,0.2575296132807711,7.067828013915311,7.185581623929019,1173.5962293308198,1320.2569080175665
-0.1845199143780536,0.15957137746805708,0.1681538660746406,0.33025694170589703,7.471442357850318,7.341024182690791,1757.1392823186372,1542.2908926855832
-0.34163238287101916,0.16848052641894246,0.2504753411400228,0.3049862787022286,7.099813407445163,7.162891606029674,1211.7409515568531,1290.6375576878236
-0.5110472063646201,0.2371769099422834,0.1729818371017839,0.23615339410553365,7.070749993395015,6.768204523935984,1177.0304683749398,869.7488779396693
-0.37055482258180983,0.19319801643545179,0.27095795040829684,0.2943780548344972,7.128025174895868,7.160941780100733,1246.4130869937292,1288.1234909057807
-0.47072686846755873,0.22007153438139238,0.18652149013638353,0.18938874759018695,7.074164469157738,6.825960913637663,1181.0562794871353,921.4614236178298
-0.5336506241842438,0.23591093214668307,0.1973020271172716,0.20505812171985566,7.048720187535334,6.799440824133081,1151.3842435368913,897.3453774549786
-0.2539197121895907,0.18187799949641117,0.18833971223302398,0.33638848175885183,7.3229317144342385,7.171448864107435,1514.6379529504961,1301.729265974993
-0.2481452241179696,0.14489752498172248,0.2221936982975904,0.25258446237296783,7.190572465971117,7.325137470012895,1326.8625719015574,1517.9825614031786
-0.459818710039972,0.22615740662953165,0.25671418278609637,0.34114629148435344,7.098490560875165,6.988013817048919,1210.1390639547183,1083.5671748268253
-0.5448555513471409,0.13034562502099525,0.22091991683497667,0.4041383483648474,6.845879876890948,6.83518458945951,940.0000015292849,930.0000030803534
-0.30582322745344537,0.18628461794732698,0.26170760291153894,0.30772519822427413,7.21577533178803,7.285467437704424,1360.7282750835402,1458.9429384318805
-0.5119474068010087,0.10586786731070079,0.12080128601784093,0.6790470826404797,6.8134446066880745,6.6656837282981405,910.0000065312327,785.0000082548497
-0.9968147141154737,0.2384676741140937,0.4041735858226392,0.20334981103944366,6.84587987526405,6.835184586147301,940.0000000000001,929.9999999999997
-0.4491493500242171,0.20127345635504623,0.31782525647754145,0.27469980456750953,7.054771632537154,7.137335455798885,1158.372906390014,1258.0717313664215
-0.27938791362668347,0.14500190084875977,0.18808554412515516,0.3536486502317572,7.125648660278631,7.102925207247861,1243.4544850462319,1215.5175197254
-0.5097784418688603,0.2276729689630385,0.13213584805760073,0.4556368500355318,7.053261792856951,6.688921980940569,1156.6252686698574,803.4556446198859
-0.2747628742515845,0.1737951843269256,0.19540936552652668,0.3121326981642163,7.239178087940106,7.140912233096728,1392.94861897292,1262.5796308445663
-2.5374676311404425,1.028854587381328,0.6085045275192822,0.28585574069617714,7.01211529430638,6.669527276984653,1110,788.0229997915454
-0.483490162557394,0.18379660269048198,0.2498280588260596,0.3056076563455955,6.986795671927025,6.946437455308019,1082.2480363727223,1039.4400724838317
-0.27330856795737213,0.14405524013054602,0.24966039076676938,0.3134842780280359,7.133729308551285,7.3431939169586995,1253.5431098007955,1545.64088707109
-0.7141523606642404,0.18363221069554736,0.19664423833769756,0.34340071021774526,6.863783286654186,6.705072818823164,956.9807599009889,816.537483446283
-0.47085120623927723,0.2129732950994207,0.3250868015678918,0.22294723804545358,7.058965678390439,7.120143113489461,1163.241377634059,1236.6273988644784
-0.40541255800582376,0.20701569356271815,0.28912333371793464,0.2677532880397343,7.117279887905049,7.142877785566902,1233.0917197965232,1265.0637378783647
-0.5313113605258724,0.23006584526848028,0.46589498637852017,0.10232812870494612,7.039665292520748,7.306596994675323,1141.0056395874828,1490.097740852026
-0.6218973067260513,0.27404361669168886,0.34704898528762773,0.24159781949801218,7.0473075322388,6.987768180830038,1149.75888279444,1083.3010441700999
-0.27866786873191163,0.14578674804491126,0.20834706878409961,0.37364314937469917,7.129806116260476,7.1773731983341635,1248.6348534483955,1309.4640342728994
-0.695348051064598,0.29016342518939264,0.2517731582379272,0.21378137355326443,7.023942540358329,6.791801686873196,1123.2061855769057,890.5165493335459
-0.9013777927521168,0.2220141305489717,0.23887358840694928,0.3190633108332914,6.852955489406441,6.694728878456705,946.6746631173759,808.1348017514698
-0.3724071453261628,0.18035040074026448,0.25698845873833187,0.3351153956825461,7.090933055105872,7.1197933983804225,1201.027903188228,1236.195007190202
-0.4762395313879012,0.21194035779623135,0.2210376846628338,0.2416377421370901,7.051679092510497,6.893850802918165,1154.7961253311391,986.1917446807234
-0.4993676652357843,0.23033963398503288,0.2675171970922591,0.3594382371864245,7.067912798939219,6.965431370730361,1173.6957369334998,1059.371800863468
-0.4752480912300666,0.20687929408044392,0.3172974155182048,0.32457178370973055,7.041958181954676,7.0973653273827,1143.6248409846467,1208.7781407711846
-0.3085395959952224,0.15747152826568528,0.26364345090764973,0.3245369938804089,7.1170272344268115,7.284207700392718,1232.7802142376693,1457.1062107168027
-0.5622126217605357,0.25172534029047283,0.3441434049626507,0.24335073992837067,7.054390650477032,7.0418427062316775,1157.9316711504403,1143.4927877039154
-0.5774202019112483,0.24466136843365877,0.2179318645542814,0.22326347513956757,7.030364783685166,6.8071428238675855,1130.4429021108167,904.2834153996372
-0.4610527911788017,0.21887632766809342,0.16425443456049799,0.27561570422504683,7.081381782787141,6.785978973053881,1189.6111675903853,885.3463930929128
-0.25507356592899094,0.1767028400757214,0.18664418313307551,0.3579294198579386,7.299402645404094,7.161446352414802,1479.4159276764744,1288.7736063577304
-0.16097588684065692,0.16359522525381293,0.14953565472098215,0.5157166204711524,7.622921805908245,7.3586514917450225,2044.5271227286096,1569.71835690726
-0.9928204021761546,0.23751211611081854,0.40255403170034565,0.417228988349618,6.84587987526405,6.835184586147302,940.0000000000001,930.0000000000006
-0.371232632128229,0.17756128938908428,0.18257694599375696,0.3027835251445912,7.084952129567655,6.921532239614182,1193.8660832349244,1013.8723002812459
-0.5270146561047162,0.16143877752249003,0.25749295437665987,0.35340550485895333,6.912977108329224,6.918307321648361,1005.2354868600048,1010.6079118067024
-0.13299874157683989,0.14505602229814513,0.20107889163523235,0.3586269680310793,7.697307290005014,7.941605148920161,2202.4095500160856,2811.870358511289
-0.5618203645465527,0.24539448933214097,0.21322217794569087,0.21066614749090634,7.0434347971124165,6.809239679514539,1145.314782148921,906.1815565541839
-0.7717957559535706,0.20347527034691112,0.20821949539004025,0.3128790876119069,6.870288938779217,6.699505226125794,963.2268391951183,812.0039674125545
-0.2382197110496584,0.1333539323385823,0.21590354548018456,0.3316367676278852,7.166444049396983,7.3360405567141855,1295.2306279999927,1534.6238125278633
-0.31266395316331097,0.15802842904297507,0.16428492891428798,0.32757637570522036,7.112075987427158,6.955155580449314,1226.6915007016576,1048.5416578450752
-1.073636872314912,0.43532229050207755,0.7024512363256492,0.1067910066336015,7.01211529430638,7.083992123138468,1110,1192.7205140842862
-0.667387918529469,0.2886011104275295,0.4142493412697644,0.27430619523173505,7.0390840112866835,7.050421965705571,1140.3425871498678,1153.3453122868118
-0.8061478269457492,0.2041699672869493,0.2094883669324581,0.35571293866262427,6.859916349626935,6.689582942195763,953.2873213157651,803.9868732126652
-0.3862154497601902,0.1988254478011744,0.2715832254369949,0.2266142859732878,7.121454676605395,7.132910470542485,1238.250377836007,1252.5170811897626
-0.46395935347039646,0.21685219349402574,0.19400128632607289,0.13694493750162862,7.074044995402902,6.847862327999918,1180.9151826876023,941.8653539488141
-1.0072550483594769,0.24312458870574133,0.25841872786237746,0.35347773891883194,6.848023599120514,6.6862768696186246,942.0172618787474,801.3332232554919
-0.43462298964584445,0.21267585711318004,0.21148475297669697,0.27211557663038705,7.095984303766365,6.916313049973809,1207.1099417881012,1008.5944933930642
-0.42432395421692704,0.19474537658865732,0.3080341103145362,0.25155608933935397,7.065604658726292,7.155660371201771,1170.9898066399267,1281.3383174474125
-0.4518771955047229,0.20782006394905223,0.27489868325353123,0.5065831426758565,7.066554040644617,7.038067688544613,1172.102051077731,1139.1842197820536
-0.44439395402978865,0.21959111998669928,0.3126656714469875,0.2804269929050468,7.100786341731914,7.133297167635763,1212.9204695790015,1253.0015195637586
-0.3652259815124048,0.20487968904730042,0.23984097534008433,0.33905590193573737,7.167617092766284,7.086411464591957,1296.7508811870186,1195.6096057067944
-1.2223020186375135,0.28589197231141655,0.3098621088600889,0.1568254881666843,6.840546529288687,6.683226470693448,935.0000000000003,798.8925616408641
-0.7120779926446144,0.19372225473133564,0.1900221492472569,0.3160855836506016,6.878702204000174,6.696575287669662,971.3649079234677,809.6283277004565
-0.1846062791036583,0.13039727331312512,0.16686540565559788,0.4103962375710881,7.313003588402404,7.333618340341114,1499.6748372168602,1530.9111198903381
-1.0468478939977373,0.42446029451259704,0.6651385380998545,0.10596264060537204,7.01211529430638,7.065092144797631,1110,1170.3898118196882
-0.9804872730431831,0.23439429550964797,0.2528433733461186,0.40712727651603814,6.845709174472635,6.687594700183896,939.8395549505082,802.3899408044762
-0.21233241768729444,0.15756548573047352,0.1868196018970396,0.2955975180475076,7.348720038021421,7.309564411431136,1554.2059296670784,1494.526048924338
-0.2525420863140093,0.1420721967030626,0.14160364072370163,0.28180532352684406,7.169218583318412,6.990432517162575,1298.8292792949517,1086.1911709263434
-0.2514759186623828,0.1470673449006074,0.17118960290280139,0.39727467154318974,7.191466997616455,7.110459024844932,1328.050023488467,1224.709589215266
-0.22539977329097627,0.1737884920748814,0.20696734506505524,0.2698649266073189,7.377673552980984,7.3479428730461684,1599.8634374332273,1552.9985244914894
-0.7884998768226514,0.18863258036090985,0.319709187799458,0.5369049585658543,6.845879875264275,6.835184586147666,940.0000000002123,930.0000000003391
-0.2344765798377773,0.15426418755680188,0.1110677488423833,0.6479535731962727,7.264558910658158,6.903403241761833,1428.7552800255864,995.6574191705172
-0.21044742747357753,0.14228164003217098,0.16870347727473645,0.37603871065316596,7.282741320883313,7.231361385949453,1454.9711058459848,1382.1027992245195
-0.36830855761754866,0.17826268330173395,0.1931491757147581,0.3681122021323933,7.090653828293444,6.9541416553683,1200.692590811466,1047.4790539511014
-0.27101367416846134,0.1677992348250112,0.2000734230032529,0.24713411216873613,7.225804313161962,7.167960541399239,1374.44365429257,1297.1963249935998
-0.4570680110532738,0.2077106333531749,0.33581554825841964,0.21697779553926066,7.061091600451914,7.16443628196633,1165.716968666009,1292.6327150051698
-0.18404766364341907,0.17278999876654616,0.20711364838471716,0.31216395878070824,7.545483069734928,7.5550456260851515,1892.1765699115483,1910.3574040699586
-0.4201627775785469,0.2116399248307656,0.24721366664900712,0.10497180149638644,7.110359548675477,7.018095411942022,1224.5877658559978,1116.6578180016975
-0.3774630090533342,0.17785543801136602,0.2728682511670939,0.26345328967294435,7.077836590549259,7.152620118956083,1185.4012342338133,1277.4486415443225
-0.460958888922709,0.23693414517190847,0.33701955117466764,0.28527912848158044,7.12065295491722,7.160846611659023,1237.2580434938395,1288.000908033525
-0.2681660271388595,0.14417254174876032,0.2439015257812803,0.34071569517963174,7.1442743710622665,7.339236348552289,1266.8317418423765,1539.5359957593264
-0.1530804111125867,0.1275259486921636,0.15110672876409814,0.37229148796635003,7.439715290774996,7.416826369547046,1702.2655014602715,1663.7450084875015
-0.3040682019935672,0.2042224695618407,0.22043659855731096,0.33157637086800373,7.278283945410437,7.154677224729054,1448.5001856992067,1280.0791932534328
-0.17789742579742204,0.1713362311367101,0.19709173631886945,0.2249725764964095,7.5697682884905815,7.5376148589610885,1938.6910124895576,1877.3469436575738
-1.0310810375063226,0.2466651960043157,0.41806738434077884,0.5391077266599991,6.84587987526405,6.835184586147301,940.0000000000001,929.9999999999997
-0.26424072986720026,0.13359312339418256,0.15978220006016366,0.37784640863645846,7.112223734459767,7.034403699659572,1226.872754120311,1135.0178988006478
-0.21903356407569974,0.15285324786298127,0.1859350481771106,0.30086064218956904,7.304503268706401,7.278607861706446,1486.981148299666,1448.9694545119312
-0.24964478256731606,0.14269546748636436,0.20621235668669302,0.3445787538742186,7.1782442168000244,7.255742576002695,1310.6050984989965,1416.214259485135
-0.32672013177143056,0.17465317951189382,0.23584621204203185,0.2870227152939115,7.141215284972352,7.151579532279771,1262.96231595361,1276.1200368922953
-0.3093301954132005,0.13894253851500346,0.17980011615928237,0.3411210832170765,7.0558224318285045,7.010975749898104,1159.5907635688375,1108.7358261347438
-0.40054440896535254,0.19591513885712086,0.21900410901942713,0.29319782305332825,7.095772327144308,6.976485589654919,1206.8540898184667,1071.147293198469
-0.44930401954248556,0.22439846095991994,0.3298806744820145,0.24891282621006244,7.1060858716132245,7.163923180062376,1219.3654404250606,1291.9696328268997
-1.099888409382564,0.4459663728172186,0.3389799641529447,0.15407610923774628,7.01211529430638,6.737914346956099,1110,843.7990273234942
-0.3272614341941247,0.19732443846894276,0.19837830006111418,0.30943476259361363,7.209606776408274,7.035896312011698,1352.3603827992958,1136.713305514018
-0.3227405748123471,0.12393731936932692,0.1877282174380408,0.384779061004657,6.990665488399956,7.0113885710783155,1086.4442517065927,1109.193630256149
-0.8141987739366687,0.19478051952683947,0.33012919389608186,0.18582107974268505,6.845879875264279,6.835184586147689,940.0000000002156,930.0000000003606
-0.7458622264731348,0.17843238852653048,0.30242110829346586,0.3702997756330023,6.845879875265942,6.835184586150976,940.0000000017793,930.0000000034169
-0.8275734667526331,0.21086832866470784,0.2202054783157644,0.30248408635114366,6.861453339194585,6.695805193884817,954.7536405536251,809.0050779684336
-0.42565390278282655,0.1938687101283943,0.14799983615572448,0.3886353838297423,7.06211108732217,6.7774194173281606,1166.9060078119107,877.8005618571607
-0.21142002905364524,0.15768981672754193,0.18072120169741396,0.30829279842278234,7.352510535538769,7.284516454968689,1560.1083228211612,1457.5561683867074
-1.0914745956063405,0.44381522273316787,0.23649093228026402,0.16007402398285758,7.013270023727844,6.646390514847729,1111.2824899797754,769.9999999999997
-1.0929176107144776,0.26309266397649766,0.23680359185987457,0.1006316956086828,6.847375252202509,6.646390514847729,941.4067058377524,769.9999999999997
-0.3330344262555923,0.1561090897266298,0.15819776072747732,0.2372732332712995,7.07539779130863,6.904738720062081,1182.5138009700906,996.987986322324
-0.1459097290447249,0.16496856960483136,0.16824318033051794,0.28424038276367375,7.737270952098373,7.582782960728132,2292.2082932766048,1964.0873445843185
-0.5263217402367193,0.24658175762046453,0.19596841565541445,0.26881937413520485,7.075150228604903,6.802055257988632,1182.2210908898724,899.694497060763
-0.006943724618361348,0.10967937399678775,0.13589281255705032,0.33949447480934447,22.402117320185884,26.000313075271933,5359397077.632804,195790897122.86615
-0.8720985121382798,0.35727888138498776,0.2618460002241457,0.2600644877806637,7.016327391711367,6.729967668558499,1114.6852886384881,837.1202002138252
-0.3851391065015633,0.18459325606316346,0.30370870337865663,0.21431534778051997,7.085940014073469,7.218288330829536,1195.046067788835,1364.1520841471965
-1.0753577672959382,0.21654185866601827,0.21184362108942406,0.9948619058873749,6.808017456935031,6.626717749249025,905.0746775586707,755.0000000000001
-1.2075869486401696,0.2824501712507175,0.28633420739265025,0.8050539835091877,6.840546529288687,6.6668321826067745,935.0000000000003,785.9020627816648
-0.5358547950905971,0.12819237793303614,0.21727042588619017,0.532933520743984,6.845879878845386,6.835184592612678,940.0000033664561,930.0000060128
-0.49544705057673577,0.22312398576446085,0.19873122598550438,0.2785090525743593,7.056998988365326,6.83083444230054,1160.9558905788283,925.9631530210563
-0.38627559809820716,0.1992514985717655,0.25018996335909405,0.35517448465715823,7.122477485548115,7.077417558349883,1239.517519307132,1184.9046170040615
-0.533114788631907,0.23319363899480278,0.15488592528076553,0.31245747267205737,7.044067500381583,6.720249638866673,1146.0396558466095,829.024442373637
-0.42272731503101146,0.2034305188088081,0.1861508725906311,0.1448793104510363,7.087883623393738,6.870076336873715,1197.371029140715,963.0220771008511
-1.2796493478492736,0.2993053029000527,0.31265875202337945,0.3902719571996416,6.840546529288687,6.674051061960053,935.0000000000003,791.5959218706726
-0.540754379699287,0.2335596301923506,0.19948133860488976,0.2767651964093619,7.038564635642403,6.798614018876368,1139.7504747616529,896.6037542110583
-0.5802323341379569,0.25003269628349944,0.3845353629139594,0.22827458380257135,7.0375684263114096,7.092446010653454,1138.615610078941,1202.8463803078012
-1.1864686301436558,0.28383852147563343,0.48107163138814235,0.262555009035868,6.84587987526405,6.835184586147301,940.0000000000001,929.9999999999997
-0.40665855876496937,0.15207329500233435,0.21215413853831072,0.38514881325273925,6.980608367391263,6.951420384034151,1075.5725112383598,1044.6324541703186
-0.8113394589298595,0.19409648648674577,0.3289698414276233,0.39007966858842186,6.845879875264189,6.835184586147559,940.0000000001312,930.0000000002392
-0.10250980561100749,0.133301396669143,0.149477552372926,0.3419696535437539,7.907027217201278,7.887897566290971,2716.3034716205307,2664.8353872107286
-0.2181750146853953,0.1615923210109802,0.17311508919854188,0.3303419513792173,7.347304753101733,7.2231883793621,1552.007841280308,1370.852899317614
-0.2690756774477458,0.14649516085915645,0.22459724169272768,0.2896879396728532,7.151088696020812,7.264418637112496,1275.493824603825,1428.5548775124885
-0.4976687850834465,0.217831335877027,0.193604647681409,0.20807818817666723,7.0443536194977385,6.818742566254217,1146.3676066142737,914.8339434655118
-0.2574634763546506,0.15850445731364737,0.18080149892319877,0.3550976909354007,7.222288798547684,7.131960826921371,1369.620260862079,1251.3282009288992
-0.27421600561084436,0.1721524440877607,0.35448308176615406,0.10000000001164035,7.234448857921528,7.7224342522059715,1386.3765971002372,2258.4505328676382
-1.2862668972620077,0.521537415028184,0.27869678224232936,0.19574064499277422,7.012116124984595,6.646390514847729,1110.0009220532017,769.9999999999997
-0.15696076942450357,0.15556668037807608,0.15589738901706537,0.629222342466212,7.597768418788824,7.422944661558962,1993.7417304518913,1673.955489784726
-0.8789521624046852,0.21027145251583146,0.3563844335513505,0.38782952672061766,6.8458798752640675,6.835184586147336,940.0000000000168,930.000000000032
-0.34327930929175043,0.17117758101375702,0.12817343056272937,0.3429068817061658,7.105304128863529,6.803098901422316,1218.4125828260649,900.6339474552891
-0.257175519685198,0.17789099247586032,0.18972840836638932,0.30509904681369743,7.2983606285202995,7.167458468898886,1477.8751541970846,1296.5452018604487
-0.47440748641792274,0.21398990365811743,0.21442385439019668,0.25204140923067586,7.057717907059614,6.881701920410005,1161.7908235603136,974.2831018665976
-0.2182900329085977,0.15830881729463006,0.2133890140291823,0.25300370755075335,7.331872566648893,7.407267610612522,1528.2408270737728,1647.9174375040395
-0.3021815537918265,0.1295663222562839,0.18349744135074098,0.40356741522683226,7.035419979160304,7.036961842929328,1136.1719805596492,1137.9251542019897
-0.04811975808523558,0.14830465304440724,0.2062283588728483,0.2505320438564994,9.688641013785336,10.715450892306672,16133.30445063858,45046.51458345831
-0.21442076038084346,0.1421269390179076,0.1878945437314531,0.27971566567798845,7.2694915023350895,7.306008431579476,1435.8201561785663,1489.220982351714
-0.05905819758320729,0.14167150855791016,0.1192449452981579,0.4462789000294711,9.005495974851158,8.448828597144125,8147.740877386746,4669.599548237439
-0.4612864531500833,0.21453692649211953,0.32125489714846533,0.21299755460459147,7.071734137888247,7.126152020019603,1178.189406616561,1244.0805475278412
-0.5998397868972213,0.27281145996774125,0.31457177133284653,0.33233001880885815,7.06145739626827,6.954145796873414,1166.1434610560118,1047.4833920999433
-0.14429163152323798,0.1192822844869718,0.10160545218707723,0.15191678413673204,7.433325186180882,7.133886803021625,1691.4225276237514,1253.7405514564982
-0.868151882807344,0.21305026229007085,0.24319677815588797,0.2787028541402601,6.852056855825112,6.7098510805525855,945.824331599957,820.4484496228835
-1.3729099078418758,0.3264703564538892,0.29746981317688714,0.10852077222065043,6.8444446362121125,6.646390514847729,938.6518429863999,769.9999999999997
-0.4037579571205775,0.20418943615318014,0.19008635912837385,0.34845297982092877,7.112372569007382,6.90051232750763,1227.0553687609984,992.7832154850714
-0.8496178805039967,0.20325382137778053,0.34449040576925233,0.4529663550215317,6.845879875264092,6.835184586147384,940.0000000000402,930.0000000000765
-0.5200857049598585,0.23954257935933584,0.19409477527826335,0.2828480539550008,7.0672330806613965,6.80291715185954,1172.898225560737,900.470272503494
-1.3831181741484513,0.3235062829952936,0.32346812443278955,0.5990539581948289,6.840546529288687,6.663588232335523,935.0000000000003,783.3567662117343
-0.4725300241045591,0.20501809228966494,0.2281853330868463,0.2517398626590859,7.040523340984882,6.912620714884893,1141.9850978753454,1004.8772913555348
-0.42234324267129253,0.19058027730685925,0.18716187125141331,0.29847217809487236,7.057895188015817,6.872870574923338,1161.9968052061945,965.7167530610801
-0.45652117120956914,0.22106907379023344,0.32108903616097034,0.16025111424456895,7.090897331198091,7.133058241738165,1200.9849985445383,1252.702180812319
-0.6585903065111575,0.2963326856619801,0.4531220869931477,0.19667442986966793,7.056600151650614,7.117737632137905,1160.492951070278,1233.6562896242756
-0.9089168647721416,0.23846857593894877,0.24435638186724173,0.2939450236231448,6.8690158493094735,6.698562967843345,962.0013454962448,811.2392103048205
-0.3838892952079509,0.1787469165903029,0.267754848779783,0.351891089082944,7.072271183765956,7.127198808987247,1178.8223183166428,1245.3835191690437
-0.42162413094306794,0.18978649823439336,0.2055669819936452,0.28969055954971784,7.0567821504429755,6.9172792899831155,1160.704178606912,1009.5695087192981
-1.2982505826257134,0.3036560636912292,0.3101142464973351,0.5715949183298761,6.840546529288687,6.668590348306824,935.0000000000003,787.2850242134782
-0.3694138666042077,0.19481951103739228,0.3315228472719338,0.16346794354764893,7.134024842781216,7.3271488309744175,1253.9136294463578,1521.0388448817266
-0.33919188219151275,0.177232015845184,0.21640432417481267,0.3635995600044222,7.129162737796122,7.067719193057752,1247.8317670457952,1173.468524531315
-0.2623359512407416,0.15193643263719092,0.1638254966834538,0.34199535803941483,7.185817593176153,7.054206880198949,1320.5684848059993,1157.7188972765878
-0.30458716873381175,0.16910333557817375,0.20799363173386315,0.38810210222635266,7.1618388249092515,7.11259010781158,1289.2795138206861,1227.3223299547599
-1.0293542674403275,0.24493093523036905,0.22303125636964405,0.2764231733367517,6.844596385070479,6.646390514847729,938.7942931400271,769.9999999999997
-0.3224272366755262,0.18051608948420395,0.1932595153127561,0.4468211735112706,7.166516317066886,7.029109024981297,1295.3242346817935,1129.024229538908
-0.435321218437114,0.19557182257839228,0.1816977520216274,0.3137237076689679,7.055908835433216,6.847107246717074,1159.6909607194345,941.1544374827237
-0.6100707482373696,0.26030636274181107,0.48337836133916817,0.12938146660440147,7.033332441484006,7.222051126025467,1133.802652634557,1369.2947784408468
-0.22029828033213156,0.1672162416813167,0.1720489415321873,0.4057290561683846,7.365694884273997,7.210701250900907,1580.8135274067245,1353.8413170176507
-0.602960515593458,0.14424605689491488,0.24447945114285596,0.35007240090592384,6.845879875646358,6.835184586981187,940.00000035937,930.0000007755135
-0.34701748416221556,0.19141831638025728,0.25048648234409654,0.27710811759753795,7.1582601917931425,7.151546169131754,1284.6739012705937,1276.0774622208326
-0.4018160999252812,0.20840725131397755,0.23421513962462925,0.34866431224273176,7.12531345367986,7.0126108546369945,1243.0377407491949,1110.5502082864225
-0.36365840353473394,0.17919792310474691,0.26813276265221725,0.24209731508494164,7.099414608422357,7.167039886548842,1211.2578067947113,1296.0026044916794
-0.1828995773169298,0.16726912387030188,0.22531065248840484,0.3008499532963691,7.521190975871319,7.661601234102383,1846.7654379018454,2125.157580423153
-0.08429395072126347,0.12294120194479644,0.13701210662001054,0.46994732817935964,8.065132092584696,8.055128009110025,3181.5764520831117,3149.906374855993
-0.37551929494885683,0.18166831076315484,0.1356193482166006,0.4085105759049351,7.090429084398099,6.790870955581912,1200.4227728026056,889.6881033057997
-0.44791471302532315,0.20485514849390665,0.16128793196566782,0.2580380913416024,7.064003210193042,6.789805733916491,1169.1160275125142,888.7408928468083
-0.36663819924520913,0.19190971103603865,0.16930849021963895,0.3086797896797866,7.130080945543857,6.891505758269051,1248.9780620300971,983.8817905382411
-0.18281538562807037,0.13054389747393058,0.1797240656095951,0.3622019808851133,7.320725191567382,7.4128099602332105,1511.2995541534278,1657.0761289793911
-0.739248716308011,0.17685024054577853,0.29973956067873025,0.3676116351955722,6.845879875265532,6.835184586150117,940.0000000013936,930.0000000026181
-0.6141163865877597,0.2612105605099805,0.3949060308171341,0.24800907343969486,7.031993925943308,7.072767016652081,1132.286055384845,1179.406962119797
-0.19135739774928903,0.15556702772678227,0.19127987936787683,0.3067173436444734,7.4196160268531015,7.4293143806542234,1668.3927667180512,1684.652147217627
-0.5727270414636453,0.13701331245028914,0.23222083252654405,0.46447104778201215,6.845879875964813,6.835184587444635,940.0000006587173,930.0000012065201
-0.9487159828346137,0.23093154648661152,0.2448429512985738,0.37641999401555226,6.850065023372798,6.687797718238087,943.9422829870755,802.5528569858649
-0.785779259670476,0.18798172796584223,0.31860607247227735,0.49495202455050114,6.845879875264677,6.8351845861483636,940.0000000005896,930.0000000009876
-0.2641398628731731,0.180273574185084,0.2541988582826984,0.19336450164758062,7.289143060329987,7.392084096229131,1464.3153294983588,1623.0852563428814
-0.24089599557328298,0.15569218225004633,0.19836760097572415,0.3786287354410201,7.2529547537753185,7.2531769228324805,1412.2716041584029,1412.5854020659572
-0.5313795370826306,0.12712176261756158,0.21545586382909637,0.6252556775404656,6.845879877494728,6.83518459062512,940.0000020968373,930.0000041643714
-0.27947706071806766,0.15456746856045556,0.22274949502399782,0.31952177392784087,7.15970977600255,7.226741940103401,1286.5374946635607,1375.7329740483356
-1.2145010291000515,0.49243779106152963,0.341528747713961,0.1890884754433475,7.01211529430638,6.710928583285458,1110,821.3329615159469
-0.365518533905675,0.1888100292414175,0.16641594143847696,0.3064039546390912,7.1232040999599215,6.8850067644600825,1240.4184978927185,977.508282002134
-0.45287391674920996,0.21079470520469948,0.3309163044772797,0.20638092697506966,7.07211021250711,7.160422422586357,1178.6325770759606,1287.454667985473
-0.8201562427995167,0.19325171975402342,0.21810681365768783,0.44442585622480524,6.842278118620432,6.695652726212929,936.6204385873731,808.8817402503967
-1.27449976794902,0.5175550009722253,0.27614718613382355,0.22887279913443642,7.012735000011165,6.646390514847729,1110.6880865158598,769.9999999999997
-0.13265545024041675,0.16445927402659608,0.1968835377038006,0.23778137070747302,7.846397770851088,7.913891725368446,2556.508580474689,2735.0137037856475
-0.22066512798009563,0.15820694660688084,0.1955499273203627,0.3328205479359707,7.323605094547627,7.31590357568234,1515.6582235033943,1504.0301873464687
-0.5013924189806127,0.21785882329303052,0.19167369527833558,0.2687829515019068,7.041157799488344,6.812002272956599,1142.7098699261019,908.6884289198609
-0.7702670100577382,0.32564833881090915,0.3773121891017253,0.2962542613933889,7.029423503189292,6.919565445963225,1129.3793388895463,1011.8801823627807
-0.6033100916538545,0.2694579514646062,0.4102889873700676,0.10002333045348474,7.053282780600774,7.109782671156531,1156.6495438794354,1223.881532428578
-0.37868249098062007,0.19474075256508833,0.1741492255862649,0.3052281634233843,7.1209088519759645,6.88960138368335,1237.574694701406,982.0098940228067
-0.38018058673833693,0.1774125799425043,0.2960438479795349,0.2269599945836907,7.073303629669831,7.208412179103567,1180.0400170864725,1350.7458212984268
-0.44713157569968454,0.22731404618456286,0.3000899509378381,0.2755398623584523,7.115033084070849,7.100864096864701,1230.324314664979,1213.0147840378424
-0.307464799352491,0.15853914088793059,0.20853411107168235,0.3838596568268432,7.122283654555594,7.1079568291468,1239.2772856792305,1221.6489568970612
-0.1526144685560769,0.15529863722104498,0.1748609218049915,0.3182632016921102,7.624238090479924,7.575488443848171,2047.220074193051,1949.8124039904733
-0.5291099344825999,0.23117900231923888,0.36869737609583625,0.21386798083894165,7.043570733806722,7.126545131967511,1145.4704830368378,1244.5697065960715
-1.3024042325790506,0.5299663278435996,0.28219327541680095,0.10255670128655105,7.013564041809809,6.646390514847729,1111.6092751640226,769.9999999999997
-1.0687440997168312,0.43333844193164806,0.7623059700917219,0.10864302256409689,7.01211529430638,7.14299215977249,1110,1265.208436813158
-0.40812756982078635,0.21020423159038099,0.2591873168942255,0.3603364189341748,7.121695596344567,7.0647839433190445,1238.5487327324145,1170.0291515300353
-0.5007454280792192,0.14682174197592757,0.22810233388386714,0.49955172449211593,6.899856541649353,6.885245022743224,992.1323757211028,977.7412091944747
-0.4203589983578586,0.2059264027965788,0.2613564602617869,0.3252623960104265,7.096532414486499,7.0514653221456784,1207.7717530439297,1154.5492905260592
-0.5075615473985546,0.23506235281069543,0.2515806272537492,0.26458166608191824,7.069771070779561,6.925384739805312,1175.878810414349,1017.7857770065391
-0.4950887927471297,0.2278608613835141,0.22361958189496123,0.17473729942512095,7.0668926007339365,6.881395187873225,1172.4989452353057,973.9843033671739
-0.1996560091271779,0.12331154957580791,0.1433385076678048,0.41466819898215646,7.224270212336574,7.147646818640744,1372.3367356740791,1271.1112776815567
-0.5453886043049712,0.24163125718903622,0.22735867594811449,0.10000003960005772,7.049694384925038,6.84659411413069,1152.5064656056416,940.6716243562
-0.3918090523288144,0.19408487686660275,0.11984747406663793,0.31432253983491765,7.102005961448969,6.735601829032038,1214.40067375854,841.8499814188797
-0.5050011674373326,0.23305777350552306,0.3985868710915492,0.15423197265428265,7.068149660918626,7.218998586272113,1173.9737737558467,1365.1213247529272
-0.32008860803401884,0.17698398499550688,0.18603225033764154,0.2144544214076162,7.159572035190408,7.010909328812803,1286.3602981480708,1108.662185143544
-0.40071814734980005,0.21203220650847715,0.11724414428090796,0.10526942067278855,7.1357807182461865,6.7223045407729245,1256.1172797250517,830.7297578084932
-0.46840937363810126,0.2255367373234976,0.22346091831442283,0.2206512428939029,7.088145113534469,6.906782771155623,1197.684170799576,999.0279649059642
-0.45251003398730055,0.2204204935871239,0.33645369890803023,0.2606840691248081,7.093756497730989,7.173247076628194,1204.4237282667711,1304.0721577170157
-0.2187548015359065,0.15961867706472965,0.19105837727456396,0.30795326496755165,7.336319550911702,7.303110031906379,1535.052023398325,1484.910873968994
-0.23241034166806962,0.1339074049458866,0.12273670796796685,0.3721602747657168,7.182818200000003,6.957822948336774,1316.6135149238996,1051.342237619678
-0.486868141079077,0.23623857709344792,0.15849844826714904,0.533788187151101,7.091871044087699,6.7552664483458384,1202.1549826397036,858.5684835664952
-0.42800586029689097,0.1919486884974974,0.18478782330883003,0.29315907013892756,7.055122289744531,6.861460817236339,1158.7791694238379,954.7607802679094
-0.5841418339579549,0.13974406966431335,0.23684913240800082,0.5415044234247253,6.845879875873843,6.835184587091828,940.0000005732056,930.0000008784099
-0.38060681863057333,0.19448062184363718,0.2367113202313968,0.29789476521925884,7.1176253246452355,7.05165084827335,1233.5177485593179,1154.7635094561258
-0.7470639951169038,0.18928311557974808,0.21852619704491652,0.2922015566920854,6.860019531819173,6.7222328349580724,953.3856886662037,830.6701917899283
-0.22852130259708237,0.13970085563224915,0.2054110444555714,0.33714514511729177,7.217975493924834,7.328589920843072,1363.7253937773776,1523.232378710988
-0.48259451917540164,0.22723826837630856,0.33648116281548907,0.2855341481921908,7.077518087401456,7.126953179305424,1185.0237403289905,1245.0776535778546
-0.0601278278496815,0.1491479516248599,0.14311017420886338,0.32984197748084443,9.087164732603036,8.80981833287614,8841.08364684042,6699.702040856002
-0.23414243845065696,0.19177709971318857,0.1862464123783435,0.34504923531091564,7.425711869258305,7.225160123531488,1678.5940873258508,1373.5585370650822
-0.44079358128522467,0.22241144018736125,0.16640268382456075,0.37932707394299475,7.1112206918278,6.807226526438933,1225.6427654126082,904.359109414581
-0.2735627327529475,0.14860420826918536,0.17069401951563473,0.29713417541353027,7.149868214376742,7.05368611924749,1273.9380573895542,1157.1161594369069
-0.6043735638150827,0.26735548948442145,0.1920852465246623,0.26049962873934673,7.049018127967129,6.747544839744458,1151.7273385639744,851.9644833439996
-1.165206748002097,0.2784633218670667,0.25246655418598163,0.2963494413832964,6.845632085628964,6.646390514847729,939.7671065984963,769.9999999999997
-0.39281656341615306,0.18119643437449673,0.18004373106491467,0.2493730774682113,7.06792512022521,6.888059955077971,1173.7101984634328,980.497361911008
-0.19722446705532168,0.13969590835475423,0.16417875128116627,0.46894311318852017,7.3149594058427,7.262165643225702,1502.6107975836146,1425.3399750442047
-0.28439428645643683,0.16788489498202025,0.154600335527282,0.35067294788026726,7.196974615967435,6.973332141477661,1335.384595640461,1067.7748059957019
-0.08422146613499287,0.15091818278146996,0.17754713435252145,0.4073364200504552,8.398570817686315,8.537817834673575,4440.715618098362,5104.194004935243
-0.21708512566774021,0.15119030348867668,0.18102127527890222,0.333542460441088,7.3031064865717426,7.263591788369438,1484.9056094723726,1427.3741669094356
-0.5705400412565717,0.24905331047814222,0.3309262193310231,0.2977680569555452,7.043172239811877,7.009742255410175,1145.0141108648997,1107.3690497335128
-0.289663858067887,0.15081749866070088,0.17485144178136064,0.4466816200090738,7.127314033136809,7.0333551644090315,1245.5270256934684,1133.8284162399373
-0.35284267885259185,0.1829015385327446,0.3135940769139282,0.17694153860473277,7.125015875767067,7.318484062679817,1242.6678952044417,1507.9163296020529
-0.26787013273747656,0.14864071227578476,0.1282563382055643,0.3618641209127086,7.161548601922146,6.908519920980869,1288.905389561327,1000.7649344119512
-1.2651840917616477,0.29592193239928977,0.32051231845325645,0.5339093912885883,6.840546529288687,6.683052032993234,935.0000000000003,798.7532168135422
-0.2749190110949555,0.1677775826084067,0.20787380629299854,0.2637277640435,7.216930217179621,7.185846911587922,1362.3006680824446,1320.6072023441723
-0.8847544492375645,0.2116595317907268,0.35873705840930586,0.23643420036782128,6.845879875264061,6.835184586147322,940.000000000011,930.0000000000186
-0.15741949668308897,0.15549982137046067,0.28257577239322473,0.10168777818836336,7.594455538438078,8.224768873744523,1987.1476314101365,3732.2586805175406
-0.8972978204920632,0.18555617635540922,0.21173019803571505,0.19930112065113467,6.813444599510903,6.6656837177824215,910.0000000000064,785.0000000000102
-0.3825639003417581,0.18542931876494645,0.2757122618666072,0.2866276803913337,7.091351744811811,7.150415449667155,1201.5308664932704,1274.63539203802
-0.43349349538559234,0.20055335536501123,0.20420880431183305,0.29963255453587956,7.069294626079877,6.900796452631777,1175.3187026284445,993.065330215466
-0.8273892579732351,0.20590347473386877,0.20689391002731747,0.4773758046827778,6.855509441681237,6.679775794378224,949.0955150810573,796.1405928075167
-1.0535503859909072,0.25204053125579473,0.42717792115320086,0.502447140860291,6.84587987526405,6.835184586147301,940.0000000000001,929.9999999999997
-1.5175055924218261,0.3549390086868056,0.3841015515085453,0.30668090328419445,6.840546529288687,6.6828332414589795,935.0000000000003,798.5784754884032
-0.5783506152346898,0.25598329842575335,0.3547936168764919,0.30524310821508754,7.049259378066849,7.043177141142893,1152.005226418142,1145.0197229718283
-0.8957963707603144,0.2418973483306005,0.22581123563178107,0.32773298004743234,6.876686275008542,6.681798235000524,969.4086777172292,797.7523691951097
-0.5755536720846444,0.25293478309173756,0.23371087701694493,0.1968241532257048,7.046113602660511,6.835782176189335,1148.3869708024927,930.5559248301184
-0.39522096816578955,0.18738167077198142,0.18307319867733143,0.22861981929236366,7.080768934607782,6.892936800558663,1188.8823399053535,985.2907749061357
-0.13404658312782752,0.14705557665658242,0.1413727676013029,0.3819837243616211,7.7036984900430765,7.484373496832657,2216.530667391341,1780.008639333783
-0.17494508101659198,0.1336838298524866,0.18285842211660341,0.2948452260665672,7.370797592205063,7.474952765274352,1588.900572497841,1763.3183963588378
-0.44475427854838234,0.2199523164124264,0.3445151895631372,0.23534239889175934,7.10119813552952,7.204338646825075,1213.4200455594491,1345.2547063055558
-0.1751342064570457,0.13267297742728773,0.15677134953458924,0.4081534989759756,7.364200524942736,7.324869276048699,1578.452988147274,1517.575502230302
-0.19616532726689678,0.1626093010881391,0.3228475756303856,0.10000000005329271,7.435590261152938,8.075512749095285,1695.258068712431,3214.775319293049
-0.7619265632701325,0.19008108500981635,0.21872291255890652,0.3298889831738625,6.8561244717435335,6.716785086593542,949.6794168950017,826.1572135573608
-0.2914200656823897,0.1668902233181052,0.20116427652633875,0.3642623895816961,7.179329431628055,7.120009201415914,1312.028158608886,1236.4618106126716
-0.4337216372020335,0.19800545642003486,0.17015703166134294,0.3938767090498169,7.063176767849481,6.822038000027197,1168.1502196700617,917.8536910957978
-1.5941744136536684,0.3887402818328147,0.3454114230600689,0.1353011739824798,6.850500720056594,6.646390514847729,944.3536451175188,769.9999999999997
-0.5478235160450685,0.2475005819882215,0.20708180101876153,0.2817276168919062,7.058439083058678,6.807727714183796,1162.628981411534,904.8124767187531
-1.0841577954625643,0.2687811646874825,0.2736084824051148,0.3010321520799807,6.854567201426432,6.68208909023971,948.201660260222,797.9844333981724
-0.09151864179117777,0.12187901612244706,0.14839717826848242,0.3487843376510793,7.938389968794027,8.051216206619168,2802.8442069444704,3137.6086321051002
-0.6078413243886855,0.27390034940859087,0.32803234820595295,0.13813138194719501,7.057261782380913,6.969387208817166,1161.2610229309557,1063.5708039939377
-0.407441154515821,0.23126071344705057,0.2647611447007582,0.2624454185512949,7.174243103319872,7.079533915697956,1305.371695473686,1187.4149540451683
-0.32851243459298873,0.2027644580590942,0.23988181525230384,0.3758597307902604,7.223870226317274,7.159925674189691,1371.7879299306671,1286.8152857625664
-0.18088052598466672,0.13644625592663925,0.17141729369472375,0.3628750339169158,7.360994829900799,7.377401893056301,1573.401051040451,1599.4288776812177
-0.44726942701970607,0.15115438644194912,0.14093523345046183,0.26461794615574086,6.944599478751336,6.7448209022289305,1037.5313606196862,849.6469431762054
-0.42668702013753934,0.20631357630174343,0.29903653194753743,0.1730457633319586,7.0901745648756815,7.130552917620086,1200.1172806502807,1249.5676839307894
-0.5515106444049539,0.13193772087916894,0.2236183245846844,0.5251430414037364,6.845879876898966,6.835184588918285,940.0000015368214,930.0000025770142
-1.119487729903394,0.26781470153780595,0.4539132134310425,0.3315390021780372,6.84587987526405,6.835184586147301,940.0000000000001,929.9999999999997
-0.637925833098221,0.27091381477503795,0.21487289386274125,0.25678565243697304,7.031329358476422,6.766550003962764,1131.5338248908704,868.3110508342609
-0.37809982579849666,0.12910920975529655,0.1993861164677112,0.5023842718537774,6.9481187639280115,6.957056712449743,1041.1891620052818,1050.5369700195288
-0.36431317750804715,0.18766350050224456,0.1281042305616047,0.21178028898546206,7.121766059266242,6.781351640888298,1238.6360075695427,881.2590652554794
-0.28547464952013213,0.15423387261383034,0.15518285589743483,0.14512852877756421,7.146921880630941,6.973315402084545,1270.1901347277878,1067.7569322430631
-0.9755907614421989,0.23339027451531844,0.3955680135574876,0.22644246941566284,6.84587987526405,6.835184586147302,940.0000000000001,930.0000000000006
-0.5003108256816688,0.21843659014222033,0.37258970180746465,0.21231755332467767,7.043251952399461,7.1744359276578615,1145.105386540359,1305.6234271759151
-1.0976151941990473,0.26684603601006635,0.23782142214397117,0.27299932986582043,6.849764564917061,6.646390514847729,943.6587101494864,769.9999999999997
-1.0197322628495473,0.23865231571567086,0.22094644665878266,0.24015534245367395,6.840684475795741,6.646390514847729,935.1289888806738,769.9999999999997
-0.45867941226844533,0.20297521254086245,0.3562723610515538,0.13029110731763388,7.049171056138786,7.206454494964299,1151.903483588534,1348.1040743246776
-0.41800485622047123,0.19254566332952758,0.17730695535655525,0.3174350664369433,7.067280392915173,6.853893869120941,1172.9537193319957,947.5634203481374
-0.35859812332277285,0.17544014011165274,0.18247813412420427,0.22900535703357955,7.095889054728879,6.93858475718048,1206.9949712035123,1031.3096281157693
-0.5076279918739541,0.24449973347505566,0.2842371149454772,0.25389802296744723,7.088301587202449,6.989651395694408,1197.8715914976822,1085.3430549681138
-0.7927921001318118,0.1896594076088018,0.32144953458816933,0.42002387820931003,6.845879875264577,6.835184586148469,940.000000000496,930.0000000010859
-0.37331158487854454,0.17675097548197202,0.17165805058236533,0.3659069935742848,7.080117880857295,6.889544614829933,1188.1085655107627,981.9541480294117
-0.5385927812416406,0.2690567287599862,0.5851256467924217,0.10000000209228914,7.106205208342623,7.5161165987794245,1219.5109641916554,1837.4179899650073
-0.26119707865569464,0.15006692316771184,0.22725994346341838,0.32504023949461813,7.1811854143105,7.299790248482127,1314.465521301959,1479.989464988966
-0.24405443623870177,0.14695963065682308,0.19437176286061406,0.35295575359984155,7.2088094131384155,7.226147380994793,1351.2824900955752,1374.9152625905892
-0.11639157674590567,0.1430838386056389,0.14038299528652937,0.3772438184259943,7.8359817461443875,7.63584623747809,2530.0181260546697,2071.1229715176178
-1.0576283630868069,0.26480536270543137,0.27555372105290094,0.3225296402007447,6.85702675697452,6.690258747474638,950.536685299188,804.5303954226316
-0.32172045281984857,0.16797172099234547,0.23708959558581022,0.3200818087683299,7.128754763386547,7.166662353469477,1247.3227874497702,1295.5134129863388
-0.1919230690863762,0.16037788692648342,0.1713395613079603,0.3081457044977367,7.44228650490623,7.322470735736292,1706.6480223581148,1513.939898025672
-0.29343653865878094,0.19026174494386203,0.2057450041157512,0.2873802207138239,7.255041643558968,7.130876208745395,1415.2219367796108,1249.9717233811418
-0.7386120118080614,0.3110575482559247,0.30912389333238044,0.1081652309019458,7.02778813587017,6.8482394701195135,1127.5338982258013,942.2206380368617
-0.1989892814374726,0.13729520437117057,0.34092406980801593,0.10001047646751846,7.296612999166673,8.142998039302462,1475.294631751788,3439.2133239006557
-0.27886177648295096,0.1492833493717376,0.17536969669399682,0.2939049795652456,7.14198117079755,7.058596260313809,1263.9299713986513,1162.8117346055146
-0.36630639333811077,0.17206665497151535,0.17755208589409444,0.29099801758708904,7.076384425351101,6.914428697215143,1183.6810850882532,1006.6957351041144
-0.19436824899111269,0.12604862164482225,0.17424887196403196,0.33505026895130646,7.255154364730923,7.326207833871367,1415.3814712461876,1519.6082249452381
-0.31296754446644437,0.1685910526977797,0.23814385989599027,0.3221727356153363,7.145335604793931,7.190641382264014,1268.176860035321,1326.9540175022057
-0.28593262811943065,0.17931365742901784,0.21481326062338257,0.32985486021016314,7.233768744189858,7.1809917691246365,1385.4340239041026,1314.2110060254
-0.29236967205408737,0.16642391287443004,0.34900822304046025,0.2180428290726953,7.175874455272342,7.623441865824608,1307.5029540815797,2045.590675864765
-0.2659425406282866,0.1424663490895659,0.22747728449605475,0.2940646497028597,7.142353683476201,7.285082008451316,1264.4008890438756,1458.3807274980234
-0.3737498129327368,0.19102744268353716,0.260214018476586,0.309865423772519,7.117760656554266,7.1259446251094225,1233.684694167332,1243.8225583081794
-0.8410261700932378,0.19786944340688123,0.23908270569183404,0.1892794222726899,6.841921632489767,6.7139944675621495,936.2866058982169,823.8549373962124
-0.3831285106921754,0.17807610138379032,0.15994732801302722,0.34687582752887614,7.071444886707637,6.8471964434679435,1177.8486632223053,941.2383891446659
-0.28845182498140615,0.14232523675882874,0.1740007531898373,0.4116701158812246,7.100060955112585,7.032942401662705,1212.0409523336446,1133.3605106826217
-0.34348298060299126,0.17395060487514313,0.13290146520392027,0.3528415240396886,7.113081697214479,6.8166424777482035,1227.9258169278544,912.9147271833275
-0.4897094566443116,0.23414858650989392,0.3482647013101239,0.2138726566398431,7.084787954078736,7.140885449177566,1193.670095775615,1262.5458144666682
-0.40333527072465103,0.19822914720752527,0.3377820070341623,0.21242479036506948,7.098125049904971,7.267191505782428,1209.6968256777773,1432.5215695921247
-0.5050147289660095,0.24680263920679696,0.45677876446947063,0.20844210880234748,7.0953540299694895,7.334205502446189,1206.3493717307115,1531.810276835786
-0.3442886164114054,0.19228401829846936,0.22820704503725894,0.31848408427984415,7.16514677636343,7.092555930245749,1293.551449645948,1202.9786039583698
-1.1487327071061568,0.2748109683407603,0.4657710312741815,0.21747173866097713,6.84587987526405,6.835184586147301,940.0000000000001,929.9999999999997
-1.53959394955139,0.36354532570464987,0.33358541731353414,0.35963194983526425,6.842780839875167,6.646390514847729,937.0914159647202,769.9999999999997
-0.6058860166144349,0.1467979206396573,0.1757387984619479,0.3269244219598056,6.848936551313445,6.719772051696374,942.8776713003315,828.628605466933
-0.10344153670732517,0.10545843896243152,0.23545615458944397,0.12231705236869013,7.626148178197434,8.705943924081906,2051.134181065508,6038.699324310631
-1.1721375443737025,0.2773847943261398,0.28593179118172896,0.4267755222784335,6.843298859092958,6.673659954610518,937.5769730801178,791.2863834230943
-0.4272032643318263,0.21521554598912773,0.2668831718696224,0.3297060485703412,7.110428045493693,7.054441230310963,1224.6716490944193,1157.9902406232752
-0.3163988791815887,0.1335315993201599,0.17133480733630654,0.4859594822670764,7.028685813080203,6.971234693830953,1128.5465141428938,1065.5375513241186
-0.9796576432304862,0.23436319338099776,0.3972169922214386,0.3090066908051019,6.84587987526405,6.835184586147302,940.0000000000001,930.0000000000006
-0.5031794573741266,0.21848072132791535,0.21223934741008457,0.24255143464878204,7.040850585531031,6.851516004705128,1142.3588674240953,945.3129197622019
-0.8688237819905429,0.2155658917797102,0.23630937441883298,0.28763693984801025,6.854762514898325,6.7017071691189445,948.3868749054107,813.7939238267763
-0.4814119465657939,0.23314783711800938,0.33202632581948943,0.22124552783250523,7.090950251415117,7.119412220788952,1201.048556613044,1235.7238871506788
-0.836137463973124,0.172908556311133,0.1972985410073511,0.5683169416958835,6.813444599510966,6.665683717782488,910.0000000000638,785.0000000000625
-0.47313573843117807,0.22880417000515763,0.2140236435783311,0.2470865793373845,7.090241154751607,6.882070941253457,1200.1971989719411,974.6426989839448
-0.9551246376218006,0.24155466765418027,0.24739022795078008,0.380919440361985,6.859554004338261,6.688733033135744,952.9419647190801,803.3038477808518
-0.3705564451706033,0.17465590430327985,0.15108540656978287,0.26576527674363426,7.077984328619807,6.837445233558579,1185.5763760622233,932.1047802791551
-0.5066356494981692,0.22348253238017188,0.3311658819309329,0.18863163306677538,7.047761135657723,7.08337636590117,1150.2805356574295,1191.9863138634134
-0.5146229682416461,0.23118636348979565,0.23113934436367758,0.21382966228739977,7.055884631135076,6.878862556812769,1159.6628915533697,971.5206815075421
-0.35390807744377895,0.20087910831325492,0.31187254046043555,0.13169439052972626,7.174252682767868,7.31094418111187,1305.3842002738525,1496.589573920951
-0.28326393785769105,0.1699228957355559,0.13303330475268516,0.2680176058156334,7.206524977958413,6.899363816668362,1348.199096084883,991.6436477292687
-0.5302331257594748,0.22929715819825344,0.19916171210723035,0.2415166768241072,7.039096118107546,6.8053310768466675,1140.3563931568654,902.6465658421126
-0.33355744107551677,0.1707243979478579,0.1649753426721312,0.2289182519106181,7.118479265463775,6.924312979356895,1234.5715495930272,1016.6955388072325
-1.1287352623548763,0.2641087867854246,0.2445642395768487,0.4140717665520381,6.840636662561517,6.646390514847729,935.0842784081831,769.9999999999997
-0.32263324100168106,0.1606664605214452,0.17716210725959133,0.3438194164904168,7.1046350188292955,6.978832479258588,1217.5976034269124,1073.6641098350785
-0.9995136592770104,0.25277404992443997,0.26041691951919366,0.3380474280213045,6.859547230253903,6.690263110536931,952.9355094316877,804.5339056465209
-2.337650796193466,0.5467679726521824,0.6116180596291884,0.17478733353279063,6.840546529288687,6.691357384190527,935.0000000000003,805.4147677671028
-0.3386509636419953,0.16993690457440364,0.20629614953071598,0.22411578338991395,7.108455652058494,7.038889897376263,1222.2584954000547,1140.1212522738415
-0.46667376569162866,0.21525380354988116,0.2708691442881529,0.3467101907682929,7.067901320019433,7.010144529116766,1173.6822642516083,1107.8146047972482
-0.45727156585384265,0.21186214669583298,0.3695855838499034,0.17878421587633114,7.069968184771409,7.237960382237484,1176.1106154258541,1391.2534498141802
-0.4287808790625377,0.2304356512496267,0.28082940319611904,0.2908765640329698,7.144070725456958,7.0846680004875004,1266.5737833924284,1193.5269193483107
-0.37778672137549774,0.18557143040721916,0.24962015142679977,0.3106363457728843,7.097857049508724,7.09046305980916,1209.3726698880364,1200.4635583526078
-0.5346521159214943,0.24795744059706565,0.19465435348644122,0.28679458411867614,7.070423606732989,6.793796132165806,1176.6463640159434,892.2944082051515
-0.6943322239870795,0.2971658110901685,0.2718109108943495,0.10000015253703715,7.034638115929816,6.821190450441259,1135.283996650759,917.07609415249
-1.0163357012387944,0.23772103378868853,0.20021637611293094,0.27876620225387794,6.840550297646563,6.626717749249025,935.0035234212527,755.0000000000001
-1.0617548829064392,0.21956497809251085,0.25053618373872333,0.265083681130629,6.813444599510896,6.665683717782408,909.9999999999999,784.9999999999998
-0.8726220180607096,0.20875709405269507,0.3538177808905922,0.5604719416462196,6.845879875264084,6.83518458614735,940.0000000000327,930.0000000000451
-0.5223144344032359,0.25055913794008605,0.3016932493959935,0.21192925606888166,7.086359574713123,7.007327963511475,1195.5475672788189,1104.69876233154
-1.0951575867125336,0.2773959915993646,0.2906926749759876,0.27918286060731173,6.8599434062470825,6.695154040610717,953.313114397645,808.4784631352447
-0.3947101864042446,0.18373119892562573,0.3138093479843307,0.23008495824099512,7.072133989895788,7.224756846704716,1178.6606022140347,1373.0047244142795
-0.3005706411394431,0.14870830524226214,0.1900348595895101,0.37317721334637693,7.101403448454699,7.061966389677282,1213.669201955112,1166.7371714761803
-0.5630433072875709,0.24564739176891992,0.4344308843061101,0.16899788430362359,7.042935261590217,7.201295800292138,1144.7427996058307,1341.1675241741182
-0.8622947577395472,0.17831773852936814,0.20347072694464416,0.67977726150634,6.813444599510917,6.665683717782437,910.0000000000193,785.0000000000222
-0.2715193448039236,0.16524019332608003,0.14248495889675833,0.3530167179151241,7.21522632078416,6.954488565853684,1359.9814253203704,1047.8424984558474
-0.704178798226653,0.16846047496182323,0.2855199325732658,0.20756830208297847,6.845879875285789,6.8351845861797065,940.0000000204349,930.0000000301366
-0.8402692781439971,0.19473661886553217,0.16997160166163813,0.776446956282524,6.838405200847412,6.63200177739569,933.0000000000639,759.0000000000455
-0.4176421320684376,0.1966011961144526,0.29395033955514605,0.25837494886874374,7.077390997573626,7.133552537456087,1184.873145435599,1253.3215391966141
-0.2744862654808276,0.15480774124369737,0.22206644486881993,0.3456702034187381,7.170641032780338,7.238745184588855,1300.678112928884,1392.345737351799
-0.610688432149246,0.27340818283844154,0.3966307596899814,0.20776572091314757,7.05435505245254,7.0792008482594415,1157.890451804119,1187.019530642956
-0.2575046915537237,0.2033041490980089,0.2568344211092904,0.26155714497778665,7.396166477615349,7.427116533446598,1629.724852843002,1680.9536051040998
-0.443959895717276,0.2020233818920799,0.23172221617143993,0.2051798702354623,7.061698905330119,6.951663505882152,1166.4251292806186,1044.8864580187499
-0.44045619552240967,0.2166703039721639,0.2737957582571576,0.3339330533645285,7.098572666060665,7.051338065859018,1210.2384267260888,1154.4023762186632
-0.40870422429970615,0.19025309407218477,0.16375285209528312,0.17071808799108432,7.0721533123236515,6.830382946531212,1178.6833770185287,925.545178938779
-1.1888688960654008,0.2844127363457678,0.4820448554695911,0.18430654247593084,6.84587987526405,6.835184586147301,940.0000000000001,929.9999999999997
-0.9092284577276206,0.23124258680455473,0.23516498294480315,0.334914654958813,6.860978550911398,6.68836182578586,954.3004423068818,803.0057108271029
-0.7589340443597837,0.32697324127595073,0.4967367367852965,0.14991891288188341,7.037482408979546,7.0842384582811295,1138.517673614321,1193.0143592529887
-1.4923939780190063,0.3490654939088881,0.3020594001375478,0.6100501024643936,6.840546529288687,6.63211871348667,935.0000000000003,759.0887596826034
-0.5620023492374722,0.25391049312075065,0.23850650604159568,0.2225957714591631,7.058446328092031,6.854106504828621,1162.6374047277948,947.7649275896536
-0.48659983251426364,0.21272724996103268,0.25332806294221605,0.10000000163197148,7.04382101065549,6.950328089088732,1145.7572036579593,1043.4920303737692
-0.9463923544514994,0.22640514868971717,0.38372907831042,0.39027676999763405,6.8458798752640515,6.835184586147305,940.0000000000018,930.000000000003
-0.1301389886787352,0.1929999353223904,0.16769814245795195,0.3327312195265235,8.089679501869597,7.718327482147241,3260.642372959324,2249.1946148125503
-0.3654632554199535,0.2091735270378035,0.2421163529715628,0.2514841268289886,7.1790019176942925,7.0922111222219355,1311.5985214653685,1202.5638787876414
-0.28899287646877486,0.15757177795298194,0.24310902395760023,0.2520579588284617,7.1518946914551025,7.2709479087470745,1276.5222812129107,1437.9128173731744
-1.7675936225511617,0.4354353517740526,0.38298634285441446,0.10769856286767196,6.852993772313665,6.646390514847729,946.7109052693983,769.9999999999997
-0.4308677877639381,0.19784473808423486,0.3151985202433066,0.1902339603560043,7.0658275573147336,7.161262956559737,1171.2508477066683,1288.5372722922136
-0.2907931650009411,0.15318021016580685,0.22654595062781227,0.28372915422305134,7.133417072776554,7.2087816359377905,1253.1517698950875,1351.2449557720483
-0.5096408185508123,0.2236167974122501,0.19776829992331105,0.3838781444506974,7.045423512966105,6.81777375612007,1147.5947541704577,913.9480722598112
-0.42659517574780975,0.1942269182355446,0.16957941019061268,0.44015584821557646,7.0619458137098725,6.827237827592305,1166.7131649771434,922.6388021138507
-1.153820167881738,0.2760280400002372,0.4678338191075485,0.18380429626239636,6.84587987526405,6.835184586147301,940.0000000000001,929.9999999999997
-0.34441440184152344,0.18044900513924017,0.23837480285867485,0.3608983578148829,7.130580092074424,7.121835724003669,1249.6016407121344,1238.7222998275072
-1.0769175394921164,0.43665248657374967,0.21385499943531144,0.29508408990677615,7.01211529430638,6.628300141453876,1110,756.1956518602649
-0.6057564948851399,0.26481520774960166,0.2084971587439462,0.16067887078847715,7.043814640868758,6.77391250032523,1145.7499054521695,874.7275796378129
-0.18392123361789486,0.13495426553826984,0.1603510433219024,0.4702078997900926,7.340411388662982,7.301565757925664,1541.3460755561146,1482.619534426023
-0.28875393626370294,0.17153393236462294,0.22229842227108765,0.35466532817374474,7.2006989966981365,7.199573649197777,1340.3673493728813,1338.8598187337154
-0.36639338786928566,0.18447070060932125,0.26079453421029597,0.33981224604546406,7.110127341400407,7.141507798584204,1224.3034406802685,1263.3318036597393
-0.3638478670663611,0.14303626810317122,0.20066985911141808,0.4170360689646614,6.999771270723038,6.981240806800475,1096.382355003175,1076.2529608308205
-1.0533309623750386,0.42708895253307216,0.24370318433396781,0.34555392516610356,7.01211529430638,6.661083781414848,1110,781.3973423020558
-0.06699010172859725,0.1888572058293066,0.06444403688235313,0.1206835125049545,9.42583094508764,7.391712895267265,12404.702890928413,1622.482877343285
-1.0282023348363567,0.24057805284129447,0.2025540824167319,0.39857040974990265,6.840629476742798,6.626717749249025,935.0775590862137,755.0000000000001
-0.981429885306693,0.23478716630183816,0.39793557454646145,0.22712882645224983,6.84587987526405,6.835184586147302,940.0000000000001,930.0000000000006
-0.563844969025254,0.23861946831089198,0.19603805301133437,0.24339029883598812,7.029850678211836,6.777400248074622,1129.8618845924943,877.7837352369118
-0.29943456466076834,0.15386232673465539,0.23486237477927524,0.31679118307236714,7.120493091772484,7.214072396832439,1237.0602673411365,1358.4130152667947
-0.12667793680462563,0.14962806997653588,0.14025867882298423,0.3347595166809317,7.787819328598332,7.536926323689806,2411.054128563378,1876.0547689754032
-1.002433036394911,0.24567130704035847,0.26169336963669765,0.2992068048605627,6.851725216769709,6.690777683560611,945.5107113192889,804.94800362369
-0.33846005358972286,0.175739536119471,0.2330749707432754,0.4252662470601211,7.125882911760861,7.118353094536185,1243.7458002216138,1234.4157923816613
-0.3786635103686846,0.14719368004337338,0.20711961789615976,0.39047521474827945,6.995369130624782,6.976694859148604,1091.566534011624,1071.371475106578
-0.83192890833686,0.19902209406636912,0.3373181447572182,0.5593150234889983,6.845879875264125,6.835184586147429,940.000000000071,930.0000000001187
-0.9537029405282771,0.22963776306928427,0.20686728774702925,0.12735374027089086,6.847435606176141,6.646629040709083,941.4635251878732,770.1836868193998
-0.29597740665725836,0.16576073593310342,0.24745081045497208,0.30891945882045524,7.166695420073293,7.265765760252563,1295.5562519233695,1430.480613655475
-0.3694719296811782,0.17346452787189018,0.20802944478586252,0.230991672743608,7.076143303095011,6.992764808615059,1183.3957076413355,1088.7274418218353
-0.6443235180140438,0.2803078530669664,0.49860843421257584,0.15211381267014493,7.041692281093247,7.20356742906443,1143.3207905797003,1344.2176219438036
-0.3347408547318952,0.17746295769943465,0.24951208414971754,0.3179454664668073,7.136800465707928,7.175108278427904,1257.3988554634466,1306.501559265875
-0.7205489158889324,0.17561501109814404,0.1939761106949002,0.3069624227666576,6.850374112812538,6.698925504746699,944.2340906734854,811.5333677742507
-0.34286017820425246,0.18847398938303955,0.298528426835892,0.263242508918743,7.156361121921872,7.300419681251566,1282.236530871153,1480.9213120934407
-0.46276406227301947,0.20665673908228974,0.2155045967206,0.2468393540101551,7.0532206006492135,6.895409479250722,1156.5776257027826,987.7300969977449
-0.40931010265892726,0.23809658315014265,0.22467460756115332,0.35934996520720386,7.1883523763064945,6.978629964493393,1323.9200855196832,1073.446699015171
-0.6300726697632657,0.17104042537578368,0.17763889151673715,0.308891172766365,6.878111612131907,6.711653451755979,970.7913970798185,821.9285357139506
-0.3080307307603338,0.17279540736157978,0.1910139812257415,0.32562357229607863,7.167618265373487,7.0498328698239385,1296.7524017673331,1152.6660813989463
-0.650538828221714,0.27859733767452083,0.21386751031560142,0.25061531204902243,7.0349064648220185,6.7584738905931445,1135.5886897337925,861.3267134597858
-0.24751718325837382,0.15476299023988893,0.24909271932296956,0.23817889042252471,7.231911787039631,7.436084838390508,1382.8637194984149,1696.0967121349024
-0.2934425019254763,0.1666255652981989,0.19452001510793765,0.29223328405959137,7.1744805591157546,7.0926091883965645,1305.681700353328,1203.0426740804005
-0.35290348448745745,0.18363258415750572,0.30163517305107057,0.16421423159180304,7.1269980779857,7.2844437477333095,1245.1335571763307,1457.45019735977
-0.6395147714872422,0.15299091997555248,0.2593009260250464,0.5207050460432397,6.845879875326052,6.835184586252387,940.000000058282,930.0000000977294
-0.27963356525242183,0.15326462977998062,0.15722877567954555,0.30497387611886473,7.154741148174223,6.991986656292997,1280.1610229409437,1087.880575573091
-0.22250524439658798,0.1534121737788741,0.25246178437406114,0.1964080306328258,7.296126850871502,7.564352439427137,1474.5775940891288,1928.219735607578
-0.42883727260136595,0.20185295159413508,0.20977430961734764,0.220986652585955,7.077348431175096,6.918889433684172,1184.8227107265031,1011.1963700933601
-0.2805269680152172,0.19726291239514687,0.23602606076515184,0.23527050833353835,7.309837169577461,7.271086218766712,1494.9337486782642,1438.111708877209
-0.47011604753064506,0.20647373325251567,0.37239383884952326,0.1547084500161762,7.045847559563898,7.221851209779795,1148.0814910138663,1369.0210615306632
-0.44913185114252174,0.13570695729017204,0.22798307325095651,0.38968934740200445,6.908804123722251,6.937327817708219,1001.0493949701103,1030.0141486762502
-0.44197442701796985,0.20436174100039456,0.309528970418666,0.25152071929728015,7.069033818616128,7.130051785740916,1175.0122107079426,1248.9416426069247
-0.4187723637517949,0.1869719574254717,0.20400338985488675,0.229835994886186,7.0531265385305035,6.916865735798876,1156.4688406772116,1009.1520833446407
-0.3346384499267157,0.16752251926496786,0.2649335264442374,0.3080023761375007,7.107257690511167,7.221420271842888,1220.7951534103943,1368.4312255193095
-0.3762337701954626,0.18563973795617428,0.17028432238171365,0.31583208943034147,7.100066122411835,6.882321917988233,1212.0472153281307,974.8873423247184
-0.3344048592476682,0.17079693168088048,0.2658296979071194,0.21558761429769724,7.117399139024837,7.224653195525102,1233.2387761330522,1372.8624182302071
-0.40468759415589617,0.1818390523941293,0.34636087426738615,0.19692663451722814,7.055982103015216,7.285591709531262,1159.7759315847613,1459.1242552021415
-0.2754084429709455,0.15302466392860192,0.22499852924375754,0.32862252052242225,7.162278264545637,7.246682555919412,1289.8461988442496,1403.4412789533249
-0.6662110872933975,0.1593774712775904,0.2701253505518453,0.5174711834477064,6.845879875282331,6.835184586176677,940.0000000171847,930.0000000273191
-0.41251465742292825,0.19360926614344112,0.282609694900373,0.2548720583799036,7.075989305813896,7.114809546513066,1183.2134819513656,1230.0493217091696
-0.3164698580928529,0.1737081369319432,0.20481442458400947,0.31904158195264104,7.155543335071107,7.0769040971946104,1281.188363343862,1184.29637067932
-0.4375195790528418,0.21986548995726624,0.30147767946018383,0.25970616578733635,7.109177388371062,7.118780479864093,1223.1409621553746,1234.9434763340198
-0.39983936284832017,0.1538859702603472,0.20015022881567945,0.47870068337743543,6.991519672694281,6.930296078076405,1087.3726717875359,1022.7967624947312
-0.2137513613368585,0.1607290520846757,0.1899288240750908,0.38720756712336246,7.3585941788793985,7.318269721121684,1569.6283944280312,1507.5931551025326
-0.40078871631390844,0.2006816651889598,0.2658153679101393,0.30588323145452945,7.107367040291933,7.092950145695823,1220.9286543917988,1203.4529301973814
-0.4325918686723743,0.19901961686358885,0.17923666241731076,0.22685726518980728,7.066713426578532,6.844051497194719,1172.2888825465443,938.2828948518787
-0.3151972654698036,0.1747708583436003,0.2511451451330531,0.28630029677477586,7.1611310700444095,7.226506673380822,1288.3673428074515,1375.409347931108
-0.2762787211440199,0.1481519759733106,0.22572649853649057,0.32502595000058715,7.142891179930343,7.246744030642386,1265.0806827153287,1403.5275577691152
-0.028985808662612647,0.1274947009106676,0.14571922812358126,0.3967634360257031,11.005171628006968,11.456980570517722,60184.59057446133,94559.12417778044
-0.3102725255785349,0.18903423008079867,0.22837442519674733,0.300832528677404,7.215902422529243,7.165764104520067,1360.9012220383565,1294.3502419109834
-0.45119517810495713,0.22239853418217342,0.26028871776475193,0.12296945080457501,7.09956000654749,7.006606666545845,1211.4339342128594,1103.9022337676868
-0.04029771056176874,0.14624156386566237,0.1480381250143824,0.3266197202448065,10.23567927561762,10.103330781278512,27880.401774414237,24424.225846445588
-0.47943007881999006,0.22812377797791,0.43855462613313756,0.12408409334986345,7.08247301846478,7.344461054563793,1190.9100222883817,1547.6006681569993
-0.4775195836740658,0.2102819141275662,0.20651532673320228,0.23080788782800998,7.047013097619866,6.862194571823272,1149.4204038083296,955.4615974523233
-0.472538332340551,0.21481964189336644,0.14704424967452215,0.34340452017313117,7.06125805013453,6.740898994304391,1165.9110180347432,846.3212319261847
-0.5656908382997033,0.2685012096260223,0.2552756750092028,0.2060525171642382,7.081293209290221,6.880983061830745,1189.5058042355658,973.5829817740095
-0.6732818517308189,0.2970242278866991,0.47313653630211816,0.18579522107632754,7.047809007163214,7.132451231592002,1150.335602636468,1251.9420086179045
-0.6981302414616876,0.16701348059657797,0.2830674538355268,0.4368993638194756,6.845879875270127,6.835184586158309,940.0000000057124,930.0000000102372
-0.7816754091151781,0.18699996507344263,0.3169421042630042,0.43442230236985996,6.845879875264574,6.8351845861481015,940.0000000004927,930.000000000744
-0.8054379982602018,0.19268468188594534,0.3265770050397541,0.45231387037654636,6.845879875264483,6.835184586148243,940.0000000004076,930.0000000008753
-1.097453451202171,0.44497908223536664,0.5264521639901274,0.10011395318126302,7.01211529430638,6.909422889070778,1110,1001.6690013235832
-0.48751711245415585,0.21486230135243256,0.1783635501101146,0.32736375096687653,7.047377897828312,6.795580584354431,1149.8397891025018,893.8880864131625
-0.2705564079620758,0.1698715877380979,0.23695581011929076,0.32608358644360036,7.234510339345684,7.305528747921613,1386.4618361281252,1488.5067986883432
-0.3618346180121609,0.1741496208913576,0.49553593045829836,0.10000000008934465,7.0879463702065255,7.799228932885285,1197.446162713689,2438.72083503624
-0.7526795375310569,0.18484239126491853,0.1917788238358129,0.5196037896754739,6.8522293231988565,6.684514266887638,945.98746950603,799.9220351750869
-0.18072765053961373,0.16781802925030273,0.16262917455886192,0.3869463919069097,7.53521882939827,7.3295772146571165,1872.8541494641677,1524.7369992448955
-0.5682690634961819,0.24558791040284988,0.21661643361614213,0.19877039577041444,7.0388185482975185,6.8109058693648334,1140.039908574768,907.6926856306053
-1.0111006078345166,0.4099660172638533,0.21908976677412478,0.12770344021496643,7.01211529430638,6.646403915845333,1110,770.010318837296
-0.4899701551153358,0.2375240086780804,0.2981167465551801,0.22411789731667767,7.091422587533902,7.038158060354433,1201.615989225657,1139.2871745737484
-0.2708199720622613,0.17213660866449754,0.26760307343444384,0.29335178260724926,7.242262867765597,7.41784111248389,1397.2521931473834,1665.434138855187
-1.2674941123068604,0.29646223775727887,0.3249048631880811,0.3420047330715705,6.840546529288687,6.686055866534662,935.0000000000003,801.1561457099336
-0.4288661668209564,0.19354914633134876,0.3196712302102541,0.1960412420305152,7.0579544888109975,7.175106395780566,1162.0657145839102,1306.4990995865082
-0.8547267038797658,0.20921197972492744,0.18637683195661667,0.2693656304635407,6.851420799746704,6.647773776694622,945.2229255689925,771.0658486260262
-0.5758631838291106,0.2557114145008919,0.4225181772245754,0.19337575777085864,7.050699088231819,7.163432257548861,1153.6649745441498,1291.3355315074086
-0.20274581082717874,0.13724196401504823,0.16827675594032673,0.5027156046031835,7.28356658439711,7.2597082963223745,1456.172336010805,1421.841720243509
-1.4554293374327216,0.34041959965210244,0.35997076481860907,0.2572023514239189,6.840546529288687,6.677049084197533,935.0000000000003,793.9727050917771
-0.4614096518189305,0.23612809449659347,0.4310496649114872,0.10000000144170687,7.118403881782495,7.363921142898638,1234.4784865525762,1578.0120583217395
-0.8610940164711418,0.2271858191175389,0.22313877316011468,0.3157618931743468,6.87048411695594,6.6888535201900305,963.414858401389,803.4006413262355
-0.40559695851277167,0.19336814265404106,0.17202078604484955,0.26316889717661224,7.083399675057985,6.853837022400439,1192.0140983831395,947.5095560062435
-0.702004481534695,0.2998207028397015,0.4543569471783313,0.19050107683242357,7.03374247795146,7.076947464654029,1134.2676483951273,1184.3477317178053
-0.15824917540434896,0.17195735532498532,0.19398600630543905,0.2733930043292652,7.693274207369953,7.65554581052888,2193.544938176459,2112.327735390149
-1.0737086734169596,0.2644470790658459,0.2326415714996301,0.145043422979641,6.852943324749729,6.646390514847729,946.6631472151247,769.9999999999997
-1.4027301465729791,0.5687581305267946,0.40702670030173616,0.17698156497081746,7.01211529430638,6.719886978392749,1110,828.7238424876141
-1.3109771503607426,0.3137090016406912,0.284050778401035,0.16659170888666894,6.84594421321796,6.646390514847729,940.0604796222225,769.9999999999997
-1.4674383809417506,0.3432284710128787,0.3514976541435943,0.5008935068946896,6.840546529288687,6.669250935515406,935.0000000000003,787.8052664437448
-0.2653686976412425,0.14715972478726747,0.1057141959307481,0.4690541259323077,7.161198352938724,6.828086719052866,1288.4540308074932,923.4223548427041
-0.23289537984836228,0.15442919317609283,0.22682503567003087,0.2641232197935519,7.269734156677327,7.403654795337902,1436.1686064489106,1641.974557941626
-0.437781833667287,0.2336817195839307,0.30592369802206487,0.24293133339505074,7.140435970835245,7.1285234815295295,1261.9784549843291,1247.0343376770743
-0.31917697410574064,0.1585663941480004,0.23161117958137045,0.33842638601087677,7.103447909756647,7.15537075733424,1216.1530398619495,1280.9672778333836
-0.4026075032673236,0.20696568849520547,0.22571376962937628,0.1995297581439804,7.12071335396234,6.990349291933855,1237.3327749550651,1086.1007761793232
-0.33805566237226903,0.17549649581114984,0.23276092652137576,0.3721463714171165,7.125785096051883,7.118247884538828,1243.6241482942087,1234.2859263311307
-0.3365704107095401,0.17972222872026655,0.20626129067384363,0.36444098153888904,7.140631258216358,7.042551991268731,1262.2249275175277,1144.3041377334148
-0.13350731277567163,0.14700647091447933,0.12526916227074109,0.2411240449284528,7.707761936994143,7.368013865562517,2225.555746220018,1584.483658235049
-0.4115407907200028,0.21591426907559147,0.25459365206028617,0.29243216463708693,7.131298711798419,7.048354757460327,1250.4999518316724,1150.9635699744808
-1.016045967378667,0.24727078785612835,0.2635010671821457,0.3565964278302397,6.8500159351850165,6.689059188684278,943.8959477083004,803.5658925193142
-0.3617043260705392,0.1627205100192224,0.20143847648661625,0.32480958291079354,7.056521803126261,6.986634234008442,1160.4020317217837,1082.0733346044647
-0.2713704929779376,0.18330004687050186,0.19601268919629133,0.2745061806738402,7.282110678822239,7.152026045143422,1454.0538291360283,1276.6899681356763
-0.514906230183058,0.23587551554428665,0.17880985127334398,0.26050769274262686,7.064744304539779,6.776986302155393,1169.9827739219459,877.4204554360276
-0.41266019087754474,0.20238834555228735,0.31369519061727236,0.2654202626119743,7.097098138354437,7.189897458740843,1208.4552116578452,1325.9672322862962
-0.30180839610697396,0.18131447261015288,0.2770828210770103,0.20654930260862991,7.207410386871649,7.347794735888492,1349.3933321970042,1552.7684847433334
-0.2113500178334774,0.18615376845825174,0.182591534851015,0.29509350607316054,7.487434443358403,7.293649070866893,1785.4654979096777,1470.928437981236
-0.35934692368919685,0.21223540056868417,0.25091959335279884,0.2398078938596114,7.197264399309579,7.127985072681662,1335.7716239260994,1246.3631040713458
-0.45405419257184965,0.20896012657279428,0.4020598444429334,0.10000000241554301,7.06685984837357,7.315208151022399,1172.4605437561945,1502.984611266726
-0.4810067628849727,0.21185453765019574,0.20482138619826665,0.2309368954580466,7.047090017812097,6.855537578744818,1149.5088208472298,949.1222202176101
-0.37935499786164617,0.19407510080303753,0.28440901234759014,0.30323194608692233,7.118242499195284,7.179436798097528,1234.2792792952837,1312.1690340026369
-1.3109667406972396,0.2711005980149226,0.3093412702973376,0.610471194302008,6.813444599510896,6.665683717782408,909.9999999999999,784.9999999999998
-0.5654660385871725,0.1837141217091632,0.2603573519549981,0.4117344317910489,6.931539939379815,6.890149166452443,1024.069771367957,982.5479694826092
-0.31063168259165064,0.16912064510172214,0.20201555973083907,0.37914543483977015,7.151091254445733,7.080057389630738,1275.4970878631866,1188.0366975400652
-0.3203512205265595,0.17943297839004838,0.23141672210786318,0.3062831533597193,7.166763483394696,7.152103871416771,1295.644434785915,1276.7893320246294
-0.35268404725678204,0.17808722314921116,0.20458283539593058,0.32481365044396776,7.111598523199547,7.009793447891758,1226.1059391952185,1107.425740154246
-0.3538824572834073,0.19889759317333575,0.2549118748656919,0.3084839365078292,7.168694416082287,7.150048699279809,1298.1486539377652,1274.168004726743
-0.29259811776565375,0.14952510888725434,0.1804010439233657,0.38226087172873446,7.1176757185190045,7.046268365301125,1233.5799118633422,1148.564711956031
-0.37724344595418735,0.21086918957472922,0.16157491968525445,0.4497356561144176,7.165623951909011,6.858023591518358,1294.1688480566677,951.4846855234647
-0.39301867508106514,0.17886415650213944,0.1980638614325149,0.2880526036590835,7.061753640163212,6.93367482161578,1166.4889751126645,1026.2583751056056
-0.9298062376261778,0.22243725711878687,0.37700398665874807,0.46503569618251756,6.845879875264053,6.835184586147307,940.0000000000035,930.0000000000047
-0.7046777084779169,0.30261818466905716,0.24784875884533297,0.17219067544648475,7.036092158078812,6.7814387900926985,1136.9359481454692,881.3358696285586
-1.2244634846952398,0.2863975313180329,0.2933688183471308,0.982729688762046,6.840546529288687,6.669309161205678,935.0000000000003,787.8511382846301
-0.47189294525634196,0.21617203599048912,0.3246254773978419,0.23840956436668398,7.064745688925131,7.117641348160546,1169.9843936300815,1233.5375140082028
-0.24750424284740136,0.20325802116650307,0.24101443299177466,0.24679199324648438,7.427880637959891,7.403498473578911,1682.2385201825848,1641.7179016515147
-0.4567614924456514,0.21466365211291144,0.3084229167517137,0.3418749938183342,7.0766189897493454,7.104957916157718,1183.9587670955734,1217.990825921983
-0.3015515527024364,0.16994007595779825,0.22746651227585074,0.33702437052881073,7.170202502327362,7.184039959022729,1300.1078510145915,1318.2230824167877
-0.19381431372401603,0.1553426827169541,0.12639817912605275,0.4010981122558413,7.408152818961222,7.0818806971843795,1649.3768336171993,1190.2048298100115
-0.3555645809384124,0.1766326525014319,0.25159475864471814,0.2659338664262958,7.103416911486938,7.137311775282875,1216.1153418063025,1258.0419399313844
-0.7699156958633788,0.19457731904243852,0.2086630034838778,0.3498911012238914,6.85937567301173,6.700740064585155,952.772040466264,813.0072804779592
-0.4181463289734615,0.19374661472150362,0.3112801367642779,0.21171987769780537,7.0699966304851865,7.174148198789748,1176.1440712076255,1305.24781566476
-0.7630577800700327,0.198182055737591,0.23586761451440952,0.22937846745827606,6.866371089272425,6.738827937024723,959.460444300142,844.5702659791169
-0.32076594209903087,0.17688316190657738,0.31922869294963074,0.2041423172604596,7.158090157502799,7.42492704546559,1284.455481225443,1677.2772035762503
-0.4122268917516128,0.18791001973989785,0.22898072997004765,0.21373201606271597,7.062491431638173,6.98519204557852,1167.3499182933547,1080.5139057264023
-0.19003405661717074,0.12995557513634362,0.17523832095539477,0.4033807087259881,7.290504319766194,7.351861140827601,1466.3099998821472,1559.0955256156378
-0.49959886828071515,0.24833130224378833,0.3508704127930308,0.20913249263205247,7.1037115648566145,7.132023736654638,1216.4737270868036,1251.406924128451
-0.547468047353056,0.12687846620913446,0.11074309615258704,0.5036493172865351,6.838405202445423,6.632001778692147,933.0000014910078,759.0000009840564
-0.46849003098245695,0.21936167815540436,0.3609810783694509,0.19272726759768471,7.074881447587892,7.200239776224454,1181.9033750026433,1339.7519665528039
-1.8345666526854463,0.42909843121885427,0.3736562171455866,0.11422871275668622,6.840546529288687,6.633394943631313,935.0000000000003,760.0581500912249
-0.5483744932545014,0.2431610312908917,0.28993057180864457,0.29360973172594096,7.050071669658863,6.958428554363896,1152.941370737123,1051.9791296487085
-0.39173604601937084,0.18369645765295883,0.1509231819881397,0.2543709279364996,7.075579352966481,6.814987016019741,1182.728519627975,911.4046820469551
-0.44382672305397275,0.2093445533817649,0.3340173374795724,0.22629871484123382,7.078331007806397,7.182304485046373,1185.9874619692637,1315.9373245725496
-0.7182351958277139,0.3046289425565285,0.1716669973629751,0.10000122627895552,7.03078554509756,6.6687317101884425,1130.9186489438753,787.3963241724713
-0.7145907491848454,0.14777337473917043,0.16861786286251812,0.4438496276465267,6.8134445995148445,6.665683717787365,910.0000000035934,785.000000003891
-0.3426446493741065,0.17239121455231357,0.23458560910389564,0.32623069933911497,7.109769715037241,7.114351820999702,1223.8656757761673,1229.486425587713
-0.28448594084140133,0.1643527906842721,0.17461683063011152,0.3387511722725774,7.184368685039244,7.043517228865281,1318.6564878714703,1145.4091963453054
-0.25493265627487166,0.114675226766248,0.15972836502351548,0.4693050161438968,7.056475753632007,7.0562706910437765,1160.3485970254224,1160.1106773339138
-0.19399717688123574,0.16694679089051917,0.16368178802167538,0.2550318344135747,7.467213177755166,7.27345231298591,1749.7237157775276,1441.5184454186062
-0.4106809770650451,0.19024414552877128,0.28085401239956265,0.2756414998493905,7.06989089164399,7.11359340472233,1176.0197136712825,1228.554316577741
-0.25982122606228764,0.16072595123012945,0.1805754454118415,0.3713907432079615,7.2252522675831985,7.124718297606526,1373.6851081452455,1242.2981593934026
-0.23533063541677368,0.14190686224055077,0.22102886855680676,0.2775234888728424,7.209660763164669,7.3689464008975305,1352.4333943206505,1585.961934399355
-0.23108183065473134,0.15036797813168157,0.17658466268860956,0.3096682658098849,7.257363302437771,7.193884545402014,1418.511416401845,1331.2645319301357
-0.39366238558790406,0.18375770679008183,0.33144894827774657,0.17973090173342807,7.073440292435198,7.27168193219323,1180.201295638586,1438.9686665562754
-1.5265022654745488,0.36518466232776836,0.6189434060979948,0.20201430791361533,6.84587987526405,6.835184586147301,940.0000000000001,929.9999999999997
-0.4455103486911239,0.19868600840245004,0.1878355611436257,0.1772492514773684,7.052624132675945,6.851338328634803,1155.8879698897008,945.144975197698
-0.22083269029573802,0.13106782262825262,0.1722473545439755,0.38099170832364726,7.2001665829451245,7.209709769844679,1339.6539093014928,1352.4996742153064
-0.14307278491929015,0.1656124741666102,0.162986413979169,0.37934649466436765,7.764190205147557,7.568904782016498,2354.750851111897,1937.017662827135
-0.3005678119311363,0.18114763911656534,0.3038210058346197,0.2200098256464781,7.2093349445983215,7.440542972020685,1351.992818188872,1703.6750179257197
-1.070190937986601,0.25879901080314893,0.2629368470361477,0.4184522716759113,6.848475267701932,6.675411006254488,942.442837581444,792.6731805680006
-0.4210098918407399,0.20318139310957273,0.17871971848499257,0.22284628566935494,7.089254982539752,6.854221899356589,1199.0141812710376,947.87430078651
-0.9886464646165709,0.23651358632625918,0.4008616456565126,0.24223965173141956,6.84587987526405,6.835184586147302,940.0000000000001,930.0000000000006
-0.6032898658096908,0.2527195041582433,0.4611726527820458,0.155170406047182,7.025552472612494,7.194149114467878,1125.0159278334731,1331.6167899399982
-0.928144254871599,0.22203966150117546,0.3763301106414889,0.4900855201548472,6.845879875264052,6.835184586147307,940.0000000000026,930.0000000000047
-0.3082130772442191,0.1618998182706442,0.24491169962813142,0.32049500478666376,7.131935549552086,7.224337609813185,1251.2965710436295,1372.4292308240592
-0.4506071088166449,0.20317923401427837,0.21114376587861844,0.1973719602175194,7.057551270621527,6.898295676122453,1161.597243004908,990.584998435806
-0.48247348506938537,0.21772279671479658,0.19083258782948453,0.28234068924366884,7.0579139415183345,6.825249167721547,1162.0185969205406,920.8058105553487
-0.38687055965764316,0.1805420814240177,0.17485704632239485,0.2440780804921192,7.073323281157383,6.881697644786001,1180.0632068560349,974.2789362072866
-0.15064459027516963,0.12431779893228137,0.14856850268513197,0.35997781194210876,7.431889238627517,7.415938116317184,1688.995476559559,1662.2678377580053
-0.43152866576643517,0.21045893395154824,0.15363210897064852,0.29388409428150664,7.09435575629691,6.785737794221641,1205.1457058069402,885.1328920307016
-1.0996427126684885,0.4458667513724841,0.2848000486406467,0.29435298854038944,7.01211529430638,6.688712735903345,1110,803.287543101437
-0.2624079524492496,0.18420792277372966,0.24309488132803,0.27060622410968593,7.3086408120705615,7.356120065593911,1493.1463428670836,1565.7497560379893
-0.29043048362199814,0.1726083495263905,0.23784688601610132,0.2898714411038311,7.200969168743602,7.248665488973941,1340.729528084415,1406.226970062159
-1.100945657636462,0.2657852287736858,0.272411323862837,0.445500137577187,6.8480655793469385,6.677153419917483,942.0568088067859,794.0555491273044
-0.2784731403590352,0.1821806055542567,0.21031632994114388,0.31289409019282105,7.260862672613858,7.184967649083509,1423.4840083424492,1319.446552280909
-0.5036415717270717,0.21844998777061858,0.21181358035415185,0.22964846936560349,7.040391163976354,6.85028360984384,1141.8341636765592,944.1486385520274
-0.2386669031959261,0.16153631703784005,0.2082052973713756,0.3685828357880462,7.283477659445445,7.302087177889233,1456.0428517134878,1483.3928034310798
-0.6966574969609062,0.1868560642914213,0.18473849968619022,0.3588964373688221,6.874868162903499,6.694897848317348,967.6477853005046,808.2713637134053
-0.45820400849193826,0.20496130137293878,0.19644890963016326,0.2467463319686466,7.053964695836655,6.858456254648153,1157.4385498129907,951.8964469360222
-0.36513932593267595,0.1806099948659765,0.19407245258068292,0.26184848246684744,7.101283281126142,6.961221945172644,1213.5233673318162,1054.921826618302
-0.36790238681408305,0.173502552086199,0.16472542817604147,0.38620395650144335,7.07824960578523,6.8774616892340985,1185.8909241220226,970.1606625084831
-0.4607760521702242,0.20861689448055537,0.1659888858393408,0.335662360325953,7.059401351320586,6.789957135915549,1163.7482808275035,888.8754601812551
-0.23470994931477734,0.15016215892895202,0.2055308169766995,0.3114224068645275,7.2464277472574805,7.305399514512816,1403.083715516001,1488.314446310175
-0.4617117718559863,0.2048609372995443,0.32879084726365493,0.23580481052165425,7.050348938941827,7.141832244716026,1153.2610902864442,1263.741753276332
-0.27680038706679605,0.14368979587855507,0.17687454961513524,0.3873670992549555,7.125759994537756,7.068716234833603,1243.5929318368724,1174.639105134828
-0.23555174259447242,0.18017598157494796,0.2212554905446811,0.3711798470330094,7.371560602866795,7.3690268595412824,1590.1133832100008,1586.089543879213
-0.4306020519709949,0.21838930312879742,0.2947688430516462,0.25716506305759756,7.113822184402042,7.114269961954392,1228.8354169946017,1229.385785121915
-0.5727467606305612,0.24419923228474558,0.21295525362770762,0.24242678433852904,7.033015290412679,6.801533459829722,1133.4431229242296,899.2251605887172
-0.2762998928314597,0.16175282843846825,0.2743260073776062,0.24805096203481652,7.192075054738196,7.422575481587943,1328.857799325314,1673.3376130064044
-0.36675666742032165,0.20148083878792633,0.22628291463996847,0.3053285270196514,7.156008539258554,7.0467032570433155,1281.7845161910475,1149.0643218948762
-0.386701861074348,0.1952393136868551,0.17348662325767603,0.21944860410572248,7.11153349124473,6.8783509451225635,1226.0262057218201,971.0237672940056
-0.5410919386214743,0.12944525712920185,0.21939390319532076,0.42746781868926037,6.84587987692136,6.8351845894844585,940.0000015578714,930.0000031035559
-0.49925715423298306,0.2216429538441011,0.40915666755730795,0.17934320246484622,7.050595659918296,7.249250383281551,1153.545659091867,1407.0497047951321
-0.5182208519698703,0.23076987097266993,0.23635081834756683,0.2257837529131545,7.051962006622777,6.885800736539536,1155.1228796713287,978.2847044735726
-0.2976838034083022,0.23249524394634907,0.5109115659660031,0.10000000152919757,7.387664273240967,8.146008910370927,1615.9273368361328,3449.5839562799188
-0.20869695791620022,0.1517518756358365,0.15035279126966322,0.3531318081328214,7.333790040803909,7.150155428667778,1531.174000605846,1274.304003155443
-0.5693416800832102,0.13620343351531572,0.23084818675526106,0.5781085292519539,6.845879875996105,6.835184587710227,940.0000006881321,930.0000014535207
-1.4036466574348931,0.3283078201651862,0.28700156044929914,0.21568997538017196,6.840546529288687,6.634188002171687,935.0000000000003,760.6611597777218
-0.49649809335555783,0.21884708173464745,0.1890104691353466,0.2338952821758586,7.047431499688424,6.8104066783825035,1149.9014243058948,907.2396867031084
-0.41342846514322934,0.1910451867519381,0.30598649409919854,0.23881618244077024,7.068749927409193,7.169839038972591,1174.6786824183962,1299.6353953188652
-1.2741569435362492,0.2980206496164619,0.36715399196394916,0.10159703106445384,6.840546529288687,6.717873927007538,935.0000000000003,827.0572568326206
-0.33251831855791936,0.1924224390642367,0.2392318953717117,0.37692423091561994,7.185332407071769,7.149174262994214,1319.9279187367283,1273.0543129866646
-0.33609012832988827,0.18154758235207613,0.21955402040945174,0.2393808562065015,7.146825475648784,7.082978832904655,1270.0676879728467,1191.5125541460577
-0.5654906067487557,0.24974827626725338,0.24138649611754354,0.16432889638176762,7.048299036394263,6.8565815571554936,1150.8994388441047,950.1136007244911
-0.46805663244743767,0.22189634782805323,0.3231403630499309,0.2040978407577184,7.0807303133567,7.120106795830686,1188.836424668654,1236.582488268103
-0.45568893944978595,0.22847473732543158,0.3778646703336931,0.18760078321978974,7.108033295477321,7.258935721009484,1221.7423754816223,1420.7436646515491
-0.47468356186835103,0.2094914713592498,0.19045333326639952,0.1919452602741134,7.0479788695313665,6.83094115194075,1150.5310179624869,926.0619674880975
-0.27159661346328934,0.147396954022941,0.14956206925617588,0.2728800689540304,7.149355605619301,6.980396702430935,1273.2851929312149,1075.3448743176677
-0.8830217285600248,0.21124501356180178,0.35803450063246534,0.5403080849992903,6.845879875264062,6.835184586147321,940.0000000000118,930.0000000000178
-0.5112267030692582,0.24542234459682444,0.3699299376986851,0.1767621407938057,7.08671576791251,7.153331792258508,1195.9734890425423,1278.3580912148695
-1.2373523649453482,0.2894121932750643,0.2919950346624183,0.8468868565527619,6.840546529288687,6.665703214713303,935.0000000000003,785.0153052399543
-1.1590053698498326,0.27726849425480804,0.46993623758410474,0.24107205541878257,6.84587987526405,6.835184586147301,940.0000000000001,929.9999999999997
-0.3261278766843222,0.16928512469023,0.20500809118769597,0.28372374917806487,7.12572609719153,7.058332074030541,1243.5507780511525,1162.5045762705042
-1.0776582550431388,0.25780784927319994,0.4369528208847214,0.40553761693299584,6.84587987526405,6.835184586147301,940.0000000000001,929.9999999999997
-1.1555809410464017,0.4685477511891139,0.2504732922781716,0.22997630616336995,7.01211529430638,6.646470450109828,1110,770.0615526118954
-0.2994873879253538,0.16785899053129025,0.3132903448536051,0.19019889019325092,7.167137863806625,7.475808086390457,1296.1295894936661,1764.8272450007257
-0.43390261379582945,0.19624659298607905,0.30960979355017015,0.27164619765989256,7.058932764699625,7.1432662134267595,1163.2030916970832,1265.5552193250162
-0.8973773206847027,0.21467929740215197,0.3638551923452693,0.2271789988611187,6.845879875264071,6.835184586147337,940.0000000000201,930.0000000000327
-0.8548143991509773,0.2044969829179128,0.34659741276421063,0.37325674065472303,6.845879875264081,6.835184586147354,940.0000000000293,930.0000000000484
-0.5134046577055059,0.23927898246806867,0.17242848514218262,0.4769347389888323,7.072713317642031,6.765572459803649,1179.343630833914,867.4626531788695
-0.5379132830235076,0.24528404880677002,0.1320333936883801,0.3925811018402988,7.062641991100439,6.675174271321515,1167.5256871008262,792.4855493460378
-0.24247012758875452,0.15326267639470378,0.12158351926293257,0.41319053578162135,7.238739086875694,6.931156584836666,1392.3372472527567,1023.6772648079949
-0.29891360483382096,0.17387382697197484,0.18098054403245342,0.33159093017859287,7.188336078577182,7.035180524661851,1323.8985088043237,1135.8999516384627
-1.1872491656990012,0.28534878788713025,0.25724250768213797,0.1616493532915886,6.846994670011037,6.646390514847729,941.0484913799239,769.9999999999997
-0.4161958065841246,0.1973808780893125,0.3844477865582756,0.11423200730892955,7.080900226604176,7.353438027040347,1189.0384408884177,1561.5559812737972
-0.17811893522189237,0.17913857726665994,0.18737167995981685,0.24032293351095071,7.612374687321565,7.481666480340706,2023.0765723103045,1775.1966426070398
-0.29899027099860714,0.17762967668918384,0.221074002310476,0.2505810088858293,7.200748703504189,7.1691214711946465,1340.4339764086508,1298.7031533495085
-0.28877343426066854,0.16778362501409566,0.3414423948905679,0.16400275089122573,7.1876718630836365,7.612108002678688,1323.019446878489,2022.5371207920193
-0.4562693822842284,0.20350492389457922,0.2262687133570668,0.19618758744595935,7.052669427892167,6.925629837450708,1155.9403272709862,1018.0352644771472
-1.5279917544680903,0.357391683642481,0.3757715923172986,0.3926146440876014,6.840546529288687,6.675644622084243,935.0000000000003,792.8583832030947
-0.330195837452126,0.17755092834669267,0.2239078826562236,0.339893948456837,7.144364197727616,7.1078257933214655,1266.945542224383,1221.48888760536
-0.748849881212604,0.18272961532425103,0.16810998528882487,0.28816131306615067,6.850663866254302,6.654210380029542,944.507725392475,776.0449005397035
-0.3342913038827796,0.17392724428896167,0.23279499978543683,0.28930890099610573,7.126936661702675,7.126103132299756,1245.0570880496275,1244.0197287532237
-1.1747135980371493,0.2739968205491866,0.25452641323986025,0.6320431300210383,6.839895822417131,6.646390514847729,934.3917869807515,769.9999999999997
-0.3868771441857811,0.18191056642777234,0.21304086898056876,0.24985100096673846,7.0768525984152,6.9803874928915866,1184.235382432193,1075.334970932338
-0.4745013257698103,0.2112761517835874,0.18281312650564585,0.33666504929237845,7.051909535981531,6.814993694521163,1155.0622712232112,911.4107688847449
-1.0609235780321309,0.2481461452001746,0.20916690631578969,0.46665674645214605,6.840546529288687,6.626874966565244,935.0000000000003,755.1187084050093
-0.3673854896795768,0.18182912582650745,0.2726848442208304,0.28106393797754703,7.101577533451624,7.171950327871172,1213.8805019459483,1302.3821997297016
-0.5585640777134285,0.25336713620108364,0.16693693680342617,0.3426833916080744,7.06025460923645,6.728587492406995,1164.7416820136352,835.9656238202282
-0.24826353960721906,0.13593263938605266,0.14566158792021935,0.33310737937506396,7.154183825656967,7.016441105188546,1279.4477591545926,1114.8120505857544
-0.9932269508483165,0.23760937462324982,0.40271887300165476,0.3658653402756913,6.84587987526405,6.835184586147301,940.0000000000001,929.9999999999997
-0.3436779940291826,0.1511814564625408,0.19438291225259113,0.3785322985030537,7.046542931992418,6.995315517441316,1148.8801128660396,1091.5080132235275
-0.5586085253403191,0.21391839644298882,0.30728497333194077,0.28681207479870796,6.989598864456687,6.979809495273899,1085.2860420515765,1074.7136094709435
-0.2524411027784088,0.1588617621877555,0.25492953691331416,0.21537698599425162,7.2359524687476755,7.439576962052309,1388.462735938189,1702.0300455333145
-0.2842842828666229,0.16268058799704338,0.21019979816378248,0.3337091650616778,7.178896341900632,7.1691194759714945,1311.4600557199453,1298.7005621494945
-0.32382630884776953,0.18036196602247295,0.23452231364742682,0.3768441574182357,7.163621504137861,7.1539420233965485,1291.579935477581,1279.1384231949155
-0.28121671917970137,0.17796195196133174,0.20621455581118564,0.31294689409115606,7.239478676909721,7.163013559602659,1393.3673868983808,1290.7949651474185
-0.20770392302505872,0.14257316670767517,0.21713084474357922,0.47352352194266767,7.293075192674738,7.475105822125586,1470.0845463971068,1763.5883049754623
-0.5018156818974528,0.23469773395315868,0.20131751956940222,0.244744556997815,7.074347275826274,6.830897693132347,1181.2722041865782,926.0217228129826
-0.5891195434890346,0.2547194158490811,0.2863378013403091,0.10000000002107684,7.039023239620474,6.91576310790157,1140.2732887365084,1008.0399773371485
-0.406622502594214,0.21782565102233686,0.26908383712380196,0.2949180734460672,7.14234520954943,7.09147291127776,1264.3901746487293,1201.676460562474
-0.5899477263305257,0.14113301138453527,0.23920321905745345,0.2525436864657017,6.845879875686778,6.835184586863774,940.0000003973649,930.0000006663197
-0.20580494735923405,0.13207962954670066,0.1575982482674565,0.33881094772011,7.248421102016652,7.195484588594851,1405.8833485217083,1333.3963177021665
-0.24633451854782507,0.15823867371041322,0.09995556416372528,0.11060168983363228,7.249023308094616,6.835491128528791,1406.7302349935933,930.2851281144783
-1.1779479999268143,0.27551772953361764,0.24209436411249224,0.20820791549604856,6.840546529288687,6.63524159287573,935.0000000000003,761.4630076401425
-1.072081453586178,0.2564737127946693,0.434691622479077,0.4070671734347934,6.84587987526405,6.835184586147301,940.0000000000001,929.9999999999997
-0.28124144565827724,0.14497295849835698,0.24288833438121563,0.2977586949197022,7.122125272592511,7.293348712388677,1239.0810220526396,1470.4866984974594
-0.35859153956919987,0.202245485149819,0.14578686971787694,0.37593981303761526,7.170649786949505,6.836273603362397,1300.689499334955,931.01333768098
-0.8388301475714457,0.1734653882360923,0.19793391804552263,0.26644007262494973,6.813444599510975,6.665683717782517,910.00000000007185,785.0000000000849
-0.3768832359251896,0.2193502444137016,0.2464381791452578,0.33964393976810914,7.188661333165872,7.083604171372048,1324.32918290484,1192.2578857985354
-0.37260641317449494,0.2015417909559427,0.24029823986274607,0.2525211991810487,7.147547454280284,7.074631190147035,1270.9849807971852,1181.6076318961755
-0.8364901528236723,0.20011327916668076,0.3391675702461292,0.4282414324876481,6.845879875264099,6.835184586147379,940.000000000046,930.0000000000715
-0.732318208922002,0.3129389699057187,0.3547626885204969,0.10845681333896393,7.033976676367531,6.914157368833523,1134.5333231908758,1006.4226270321857
-0.3435731725905986,0.1837704816747161,0.17042462357139618,0.3441494286572011,7.141530369912957,6.925755365493232,1263.3603190590175,1018.1630644721913
-0.6097797840510106,0.25990490432739,0.18822542262191577,0.28477997695131607,7.032877672128854,6.738397180293317,1133.2871511593694,844.2065399962329
-1.0880236229875937,0.27688235928467836,0.2850316550395293,0.28091926399949885,6.861132123386665,6.691691414141833,954.4470078418834,805.6838453602469
-0.47055389919362656,0.21241910903076489,0.3242481384034442,0.18501439273410752,7.058073730652486,7.118797050149576,1162.20428970146,1234.9639398695213
-0.5321792531712652,0.24114377258452105,0.18611128376634692,0.3539795484218082,7.059775277316557,6.779434884375079,1164.1835179306343,879.571524021806
-0.8721365699774203,0.2086409604586578,0.3536209486310051,0.48928766191324935,6.845879875264068,6.835184586147332,940.0000000000176,930.0000000000286
-0.524561445571997,0.23893798404941616,0.25312386361162237,0.2032981807454151,7.062150654382398,6.912263259608157,1166.9521797656407,1004.518156856352
-0.44984470778673813,0.21530404116218493,0.1746422412233154,0.5055136568570523,7.085268779315589,6.81794732244919,1194.2441804882887,914.1067166389824
-0.5099970484748901,0.22142420455222986,0.2076983001404682,0.2735148105381373,7.040817805823433,6.836973403844346,1142.3214218481808,931.6650892848355
-0.21201996014822289,0.13936372742368303,0.1561662312829072,0.36578402111120584,7.2639643717411895,7.1662832957746545,1427.906081874476,1295.0224317193927
-0.3907966658764977,0.1975217358286706,0.34990081244752497,0.16373826919532342,7.1120837097562,7.325072082091555,1226.7009736536356,1517.8833069239158
-0.4847498365420756,0.2183279703258173,0.2871510647139232,0.31740148231248366,7.057043262930829,7.02208907379247,1161.0072925343438,1121.1262885705835
-0.619035669140701,0.1665583178894168,0.17199106429982997,0.3453892468360633,6.875711124351619,6.70755656057523,968.4638189730128,818.5680723714053
-0.32796345656249515,0.16816521499689174,0.1365974340907232,0.4375679400907717,7.119406140045918,6.846221473482322,1235.7163730541054,940.3211571754123
-1.3131890286472774,0.30715011158712746,0.32729930956006364,0.3881739314773902,6.840546529288687,6.67895953595922,935.0000000000003,795.4910014991814
-0.4033772674090941,0.1891330146850175,0.18151526432323567,0.27753593044349956,7.075523942768151,6.879708307328191,1182.6629862217578,972.3426931840717
-0.48865301369317515,0.2156265746965214,0.19025440157649448,0.21988318989399272,7.047917442623882,6.819064056390506,1150.4603465706737,915.128100836491
-0.34691563324328306,0.17774984740718727,0.23604865850836632,0.24150488510405305,7.1190221590188685,7.11014041007258,1235.2419724982738,1224.3194408051247
-1.5043171095270231,0.3518542707668,0.3648045311653104,0.4307688224293488,6.840546529288687,6.67222455150733,935.0000000000003,790.1513832790606
-0.3746120129388604,0.18245283439250426,0.2775182516763628,0.30198792982801576,7.093694990130549,7.170534620349205,1204.349649331565,1300.539711972687
-0.23876218929554568,0.15527525865668074,0.21474182853173046,0.33180846692751864,7.256984559135621,7.329115773429601,1417.9742664312573,1524.033585036965
-0.38673478067446676,0.18068679441108404,0.16041315486881041,0.2897453619394541,7.073861317547626,6.8445080175882556,1180.6982946389594,938.7113379173429
-0.4520746496245027,0.21004095075765672,0.26804667446789887,0.3665923615726076,7.071265821983408,7.0226451700471735,1177.637770958488,1121.749916083098
-0.7200496011983719,0.17225724220881952,0.29195498939730263,0.5386802243271247,6.845879875267042,6.835184586153085,940.0000000028128,930.0000000053786
-0.2266524060686479,0.1616499945417846,0.301052253831396,0.10000000029220309,7.319856797791937,7.757974752506483,1509.9877207042082,2340.1603988192196
-0.49373125941778084,0.2219054618685981,0.3456225836897987,0.25546079999006494,7.05609602872047,7.12974115399574,1159.9080674023935,1248.553741935109
-0.38933487533950173,0.1812139766538024,0.21884043480063123,0.2146772996019727,7.072095200585336,6.991807409693864,1178.6148836687196,1087.6855941550573
-0.2637220388018073,0.12738956514088812,0.16140075833080186,0.4636423532230842,7.089695007630921,7.041730362924257,1199.5418936903018,1143.364331157885
-0.3157355827154972,0.1697066590212359,0.2239394747817619,0.38924515508750474,7.1441463326941745,7.138982187220539,1266.6695491571688,1260.1451443257486
-0.4987442542015065,0.22045302260691924,0.2611767132952869,0.15303575923135493,7.04866635129643,6.953388093958198,1151.3222590082078,1046.6900114914663
-0.38757540622766395,0.17846366210585268,0.1706353193530598,0.3318801008167863,7.067111967927013,6.8699830154340455,1172.7561812513468,962.9322106874795
-0.3667221221710863,0.19414088522280681,0.265778402611668,0.25928094392311285,7.136045260794328,7.154460055559233,1256.4496201481472,1279.8012297013777
-0.23305075580498583,0.1388945617193218,0.20312399309078866,0.33382612476941065,7.202634358142061,7.301306409345898,1342.9639565377556,1482.2350690128712
-0.4050734246052487,0.22581401991547467,0.2575614838463257,0.2529895034402285,7.164114601780487,7.065558484504012,1292.216967545626,1170.9357383445981
-0.4290319087909857,0.203825398572972,0.2653306251470073,0.31678020867251055,7.081732329033122,7.048159784483268,1190.0282544192012,1150.7391850559645
-0.487416189210147,0.14390433101729416,0.2310813241963951,0.4414295811003908,6.901889314899479,6.903813956868124,994.1512070930783,996.0664347019404
-0.17808333102443738,0.12376773589461078,0.17780330107717282,0.13095801579848765,7.301649180110941,7.4281470122409425,1482.7432229466308,1682.6866849460887
-0.4678051305475255,0.20719839848521304,0.3389138020591901,0.2791309243791421,7.049566231694992,7.154195931861953,1152.3587776429715,1279.4632485051911
-0.4525211589145118,0.22813920657824044,0.27106337534692415,0.30365543207241685,7.11080165422126,7.028726552088756,1225.1292825935361,1128.5924909455046
-0.3193490676209814,0.17806387621197212,0.31407140365221853,0.2488830040013747,7.164234016138519,7.413193160902597,1292.371286018981,1657.7112433415925
-0.8762511826131814,0.20962529796014048,0.3552892804881983,0.5432539334336679,6.845879875264072,6.835184586147345,940.000000000021,930.0000000000401
-0.46689398234750845,0.20677735083568777,0.17623058456417398,0.28882780145121756,7.04952878102616,6.807172585654917,1152.3156218441263,904.3103288908285
-1.2523198240562101,0.2929130272264511,0.3423108606813443,0.2785685739375525,6.840546529288687,6.703060883410023,935.0000000000003,814.8963142839636
-0.34897135420683334,0.15395767708877156,0.19123405857590148,0.4405995860169808,7.047825873637367,6.9777130490603225,1150.3550049058008,1072.4628902739007
-0.3194730581550933,0.1761295183566724,0.2664172832087708,0.34969185897386124,7.157962773787894,7.263646710423893,1284.2918729353514,1427.4525633839858
-0.3646902462608985,0.1835412444353184,0.297554309921598,0.2156173929455504,7.109930014263629,7.24562917941549,1224.0618762221666,1401.9637052427825
-0.5098515049726225,0.3053767534303294,0.3519198778903443,0.10000000018813504,7.205602529090147,7.1199594291975465,1346.9560247775078,1236.400270696933
-0.32937459406687475,0.16234999505883235,0.2460881173164935,0.3616138173469977,7.099554004474708,7.176856997900578,1211.4266631200367,1308.788262802412
-0.3555247620543868,0.17538388801344537,0.1713361265202935,0.22460582766592063,7.099960095190196,6.911644071786797,1211.9187121419325,1003.896363970449
-0.1680270464838049,0.15523725281571243,0.15064153545348075,0.3092999303249983,7.530532716209089,7.326250950833907,1864.098274466602,1519.6737472486996
-0.3141378202105023,0.1565569358379525,0.2319629478974648,0.32069143806405975,7.1050204102388745,7.168130878939633,1218.0669455179932,1297.4173050450718
-0.3077339585615124,0.16793386801898874,0.31088376077064295,0.20337292395889525,7.1523613868859375,7.439954949690866,1277.1181673667688,1702.6735134547775
-0.5308054063763592,0.24219983868853617,0.3173684167396331,0.10000000464970257,7.062937623701834,7.027619222328117,1167.8708967820028,1127.3434585656387
-0.29043920421905545,0.16617201117972263,0.25313341248746274,0.35608213013822965,7.178790616160254,7.301273348213441,1311.321407964025,1482.1860654529837
-0.23051742299768127,0.12456132114432879,0.15179567687388104,0.4797246862336053,7.14700552908083,7.08821927775019,1270.2963886075459,1197.7729994006954
-0.4595797129571909,0.22392708416449414,0.28658040807896035,0.3042682122224002,7.093893373508688,7.053290101370057,1204.5885959841985,1156.6580114748824
-0.5089138859282245,0.22350820818382017,0.20721112633216313,0.22191940581457179,7.04583688234457,6.836882913861338,1148.069232761423,931.5807867410624
-0.3274336588147712,0.1809459722491237,0.17367246202507655,0.22385382945147742,7.159268914841151,6.960124515364035,1285.9704352558997,1053.7647589764058
-1.2375107831295251,0.2894492467090223,0.2688374117380723,0.3346396018274147,6.840546529288687,6.646959938003626,935.0000000000003,770.4385806871891
-0.24699535507437415,0.17071194213492208,0.21442899180488367,0.2254833961640911,7.297804649744779,7.297869373976718,1477.0537153509235,1477.1493196121057
-0.3456815063689893,0.17292353089067392,0.21739056691770992,0.3877201334543045,7.106889648549119,7.058594795093738,1220.3459322380659,1162.8100308316698
-0.32845312111018543,0.18063313448926338,0.3039104630560734,0.100000003025461,7.156601222981534,7.3549975269395205,1282.5444341834288,1563.9931275398883
-1.0717900865754912,0.25140084449177585,0.23222586929948183,0.4736745919275539,6.841211829975902,6.646390514847729,935.6222631156326,769.9999999999997
-0.7082207498602375,0.2052251038262778,0.18476872524972737,0.2974164209339354,6.89642580187564,6.690610909540107,988.7344597344719,804.8137704024466
-0.362503551400411,0.17575033908439444,0.17261623845896343,0.2897910437054416,7.091473958008014,6.905897539721895,1201.6777183942386,998.1439852692636
-0.31903073981844643,0.18425918693077714,0.20767543832137525,0.346682521713168,7.184209536860271,7.0806769326078065,1318.4466427914085,1188.772965383761
-0.3136087256536608,0.18070897371212435,0.09076505386203772,0.6430780591187931,7.182874503093318,6.71914080607411,1316.6876464243865,828.105702344766
-0.7730227295274237,0.1842446904279771,0.20036259815240773,0.3398042864643094,6.8449933595491625,6.688913147900432,939.1670444966303,803.4485476952719
-0.8627507463598552,0.21672472841396234,0.23092114950489856,0.31665624428333833,6.857852204079247,6.697376330819861,951.3216269733523,810.2771347530972
-0.06545399283036482,0.11619222455114374,0.1512920415092271,0.35867257758612797,8.381824159958313,8.741145182828856,4366.967712585868,6255.054793588658
-0.4272904021982758,0.19684172634279024,0.2295495960092809,0.15261166869933834,7.067324531631908,6.966940990219893,1173.005493146564,1060.9722569165904
-0.4157260272437497,0.20621478794089473,0.2773068070408815,0.23919672945534484,7.102685494134291,7.096761685810964,1215.2261791566207,1208.0486922192943
-0.8976760100194816,0.21475075275882577,0.36397630044866935,0.5034786118386919,6.845879875264057,6.835184586147318,940.0000000000068,930.0000000000153
-1.0109992501056353,0.23646902746691775,0.2669276336975468,0.26167610263206986,6.840546529288687,6.6937430504301725,935.0000000000003,807.338512381366
-0.44621550780732233,0.21933095505580485,0.33536654815495837,0.2572591083664818,7.098186117196187,7.181299246754327,1209.7707008417688,1314.615158641206
-0.31140287510570375,0.1657613392455787,0.27193370049910937,0.24223010647397686,7.138955288356672,7.302973138291321,1260.1112483089428,1484.7076130642952
-0.5350649166510202,0.18730022807875965,0.2563902813811465,0.33845703702813545,6.956701595382497,6.908895505848805,1050.1639726444882,1001.1408771724634
-0.3870846566086753,0.19246593887420171,0.2972341408381016,0.16479916668919842,7.103869426455459,7.197598379368444,1216.665776732547,1336.2178195177567
-0.39720908565238566,0.20698122092926313,0.2532058925564719,0.2697176933127182,7.127739024308029,7.067181967449722,1246.0564761808268,1172.8382764975688
-0.1987941274722302,0.14759734962809204,0.18124352489053083,0.3175857948295769,7.349113514994032,7.341434160938153,1554.8175942411694,1542.9233280361984
-0.6204062942507577,0.27063373318932954,0.39312055459764744,0.26702006705077475,7.042870346595143,7.063369649290873,1144.66849104453,1168.3755558990838
-0.15297983736839918,0.16550193777854486,0.1574479849635437,0.5268378575272126,7.6885047666812,7.458926906102906,2183.107864981322,1735.2849342019904
-0.29014313599975017,0.16204463550710932,0.2446275074390069,0.31161488355823486,7.165149131722981,7.272846462918826,1293.5544964282988,1440.6453658761025
-0.18407230248736253,0.14518297835074656,0.1600506900172214,0.3678968597590285,7.395378182691409,7.299218516484695,1628.4406552438118,1479.1435494974883
-0.5258961029052868,0.1480064539472986,0.2586823163858736,0.34095264410745696,6.888086867568631,6.921608113373752,980.5237498921841,1013.9492295028101
-0.37369761433601706,0.21581429664587498,0.24850740723807324,0.301684854726159,7.18416068764825,7.094715447252426,1318.3822392848592,1205.5792637861657
-0.16004882936463433,0.13466908566227515,0.13874552533823425,0.4274602203145806,7.448075182537693,7.29661444933652,1716.5559066973929,1475.2967711811302
-0.6750451441141325,0.2934287699092374,0.5436026364412536,0.11043745310127204,7.041330403466212,7.235002859722637,1142.9071232180615,1387.1448650233028
-1.278284400262685,0.2989860466510394,0.3114816344814402,0.3874654207146183,6.840546529288687,6.6733911010499725,935.0000000000003,791.0736718569117
-0.3743286355082508,0.1947045395900333,0.3899243322450352,0.14954803644752615,7.12679350712174,7.471382592365428,1244.878865180963,1757.0342691755222
-0.46389468549614266,0.2032136944342594,0.2168106271113105,0.2723239525229033,7.0447101614206495,6.897089840084627,1146.7764075981127,989.3912352321563
-0.4157753133046357,0.20658729132323722,0.2514883096075884,0.3275863245245001,7.103522618765831,7.034585379308568,1216.243900844599,1135.2241271872897
-0.29948342677131906,0.1370353757709033,0.18302263951912492,0.3767177824022658,7.064222671087475,7.040847250591567,1169.3726309177848,1142.3550577327796
-0.4760330306358295,0.1950923092165468,0.26321531765764006,0.2976264784343008,7.016479539753714,6.982654465147212,1114.854898725582,1077.7754907270921
-1.2202035434164762,0.2931160246683282,0.2643827668695652,0.3670681358696068,6.8468691449529375,6.646390514847729,940.9303736268927,769.9999999999997
-1.0383671897541298,0.42102166484962933,0.42836234241919835,0.11160776945496616,7.01211529430638,6.842254029059214,1110,936.5978760837414
-0.39839626845612724,0.1562815262764891,0.20477786658454128,0.4406266118956926,6.9989267677086655,6.943724961519443,1095.4568476513493,1036.6244181923869
-0.4219643679332683,0.19174970851179718,0.179498676571206,0.31692566497926766,7.061071751343548,6.855107710345029,1165.6938304532111,948.7143102476854
-0.33390901588733796,0.1828761350691784,0.2792029593572495,0.2439563799325048,7.154332717570418,7.265884259679695,1279.6382727622295,1430.6501348325999
-0.2074616613050122,0.15398106717840335,0.19028193106458074,0.3107488989496773,7.348864753505756,7.346910297141017,1554.4308636062667,1551.3957632630838
-0.6095470159355505,0.2692725418784466,0.4100981177300008,0.23670035957089955,7.0484086311397585,7.102511087232024,1151.0255782871798,1215.0142538043197
-0.6374268449211905,0.1666770298595404,0.17042117530143072,0.4140075825663201,6.868134356793741,6.6970774919968035,961.1537221517679,810.0350286649485
-0.366173178236906,0.1850655018572385,0.16255625406483332,0.2913369154108187,7.112054494477467,6.87365219546953,1226.6651357662777,966.4718721869426
-0.471256143072182,0.23153862025316774,0.30317418325933615,0.1949797958871421,7.097972418612495,7.073051533687056,1209.51220217779,1179.7425712326785
-1.8984713314694137,0.7697638836544971,0.3882760367528455,0.11181295738308222,7.01211529430638,6.634239836243505,1110,760.7005889647855
-1.3776233206903266,0.32956839865858933,0.5585781886560308,0.4534903549987579,6.84587987526405,6.835184586147301,940.0000000000001,929.9999999999997
-0.2265922353023061,0.15748763656724069,0.21664989199801482,0.29485671781184314,7.30167681125944,7.385841790478366,1482.7841934108378,1612.985019095212
-0.2882851077392654,0.15157179231581813,0.22366485744025544,0.4128332721043152,7.132420641371726,7.205565511829219,1251.9037120218418,1346.906165077721
-0.39471859380365465,0.18607890755621312,0.25857072139734993,0.3160798948627511,7.078071878708537,7.084795589112767,1185.6801779230084,1193.6792095222095
-0.1472478081269637,0.1352361243109616,0.1410103732765992,0.5449249030630787,7.525075567405621,7.387359357846473,1853.9533192404713,1615.4346908262419
-0.7328834275229941,0.17532747448927027,0.2971586581737352,0.542980913865154,6.845879875266016,6.835184586150635,940.0000000018485,930.0000000030997
-0.024338733816565032,0.13266900516064928,0.05147935496370395,0.20689612611444963,12.057591314054022,8.544839983143923,172403.21991768008,5140.162553501161
-0.3872164573464333,0.18425522699760438,0.2685111378429032,0.3236893023415188,7.082495733312334,7.123158852189169,1190.9370739352244,1240.3623729906617
-0.5737651002675277,0.24661225606008488,0.2514640914499464,0.16969263599294132,7.036464157011529,6.867989584277208,1137.3589657809225,961.0145835806003
-0.24258909525922237,0.1563600701397547,0.17610018884715586,0.31814568228724277,7.251197172008413,7.155639118651925,1409.7916013792626,1281.3110860303207
-0.11198136384075064,0.1161887093199398,0.13677930050332518,0.3305443413617778,7.644222022572457,7.651166474325411,2088.5431042344762,2103.0973682575523
-0.4275104801382381,0.19645334983873255,0.3264833936156652,0.22502818455807855,7.06617892050014,7.193404601056694,1171.6624544429208,1330.6257523474974
-0.39614635233980294,0.2064761278274119,0.2867927981921086,0.25564541749652236,7.1278619217294885,7.153676158438168,1246.2096227192064,1278.798390314687
-0.36836462025248595,0.1556732570540483,0.2165781250303627,0.32724484496179834,7.029256616064759,7.017664446483487,1129.1908757456456,1116.1766807373542
-0.4706763605304405,0.2093591007224682,0.31593219637099756,0.2778048105743187,7.051454978362678,7.100949696644019,1154.5373481804988,1213.1186222798676
-0.294777668842659,0.18982217809824747,0.24298452976239351,0.3196802589302559,7.250600519490142,7.2540170943286855,1408.9506965589976,1413.7727147600272
-0.5735594435394382,0.2528018912832944,0.11061837819133782,0.5495622091226489,7.0474098914578,6.62258244880414,1149.8765772391746,751.8842947927399
-0.41015717423622977,0.18540834512182722,0.23024243829085897,0.181686850176061,7.0586923709218725,6.991071205507035,1162.9234985191533,1086.8851301553148
-0.5869603240458134,0.26824791225126704,0.21515544417015575,0.3035016073646167,7.0636621872859235,6.79627823057479,1168.7174001404487,894.5119216409153
-0.38281298246251727,0.21950801331322475,0.27782533519270713,0.2792367596066123,7.180058151364908,7.1554663777538305,1312.9846078727735,1281.0897703182695
-0.542815692771274,0.2445138655336542,0.33580169171991364,0.32824233362266886,7.057104859469212,7.048348777434523,1161.0788087671547,1150.9566872032121
-0.3283100375942149,0.20414981595410736,0.2266967877452547,0.2424966042338234,7.228470394468645,7.120215539038186,1378.1129219358786,1236.7169655258272
-0.5053926390902739,0.22539859459671757,0.3584444433800227,0.2039581133653231,7.0526372805145146,7.138959019052708,1155.903167418041,1260.1159494097506
-0.7231648994898472,0.17300251405067868,0.2932181341564544,0.6343480098863254,6.845879875267364,6.835184586153903,940.0000000031159,930.0000000061394
-0.8622841927751057,0.2185799574693555,0.2253808276535604,0.34217260460949894,6.860139649765784,6.691095981913357,953.500214275607,805.2042580278029
-0.41804259820563966,0.2136345788960587,0.2387096431664207,0.2828450671772782,7.1176856161114355,7.000736987238037,1233.5921213949632,1097.4416609624584
-0.4855429708877872,0.21148040630700451,0.17943016021779462,0.27304604754630957,7.0422046458175664,6.799264855021358,1143.9067379179294,897.1874862783917
-0.34383308709034766,0.14626536843595211,0.19440628465731094,0.3678615232090879,7.032046618152184,6.995128369610494,1132.3457196100892,1091.3037589799926
-0.4586748106486143,0.20849070350474855,0.28717196336529355,0.2764575445207481,7.061200335158698,7.055810025630365,1165.8437294503128,1159.5763775453015
-0.864287915761871,0.20676332935108827,0.3504385932010038,0.4776962972642027,6.84587987526407,6.835184586147345,940.0000000000193,930.0000000000401
-0.5411088195513021,0.24390724353412108,0.3193128785753657,0.29804092858275055,7.057404701226031,7.0198279128640335,1161.4270008756387,1118.5941055265948
-1.2588231971152646,0.2949880581791472,0.27275052727767046,0.5615668662923761,6.840986555956213,6.646390514847729,935.4115154663862,769.9999999999997
-1.1295192684376973,0.26419042633780276,0.30193847823312503,0.179830627963164,6.840546529288687,6.6970353943499354,935.0000000000003,810.0009288141279
-0.3076695385127066,0.18903648435764112,0.10315302077535118,0.3423909453518662,7.2210642268973855,6.7649916056407164,1367.9440892245495,866.9589301945408
-1.0372919310629527,0.2426187893928788,0.2692568708419234,0.2934136564499589,6.840546529288687,6.6892962305219275,935.0000000000003,803.7563938326479
-0.616946272377334,0.2761934311808666,0.23405126812441304,0.1766847556713773,7.054328442064136,6.8090900628106805,1157.8596402994222,906.045986798598
-0.19525605313970978,0.16263654325092142,0.18868289884490047,0.373619722172878,7.439590013853912,7.396055198806237,1702.0522602367619,1629.5435090922426
-0.4208619794756123,0.1918942396293994,0.21420504471337962,0.25669048780801984,7.06260546129457,6.938686919052165,1167.4830383931085,1031.4149940197617
-1.2917184996419366,0.30901741502992686,0.523746781102633,0.6691520872615886,6.84587987526405,6.835184586147301,940.0000000000001,929.9999999999997
-0.67715958574223,0.29644987125339267,0.36042056758090635,0.3051890438528053,7.044434539392383,6.961972989869516,1146.4603743135503,1055.7144176601914
-0.4151692758061323,0.18993181921723146,0.28494361264951595,0.3167915236972765,7.064130617158434,7.116050642830276,1169.264990527032,1231.5768791191897
-0.2342332034392066,0.1610420974663026,0.20187765610360117,0.35743967700459744,7.2941790894525305,7.291585571912532,1471.7082640344036,1467.8963081617853
-0.36010190755103433,0.18890455386516886,0.29239154079751933,0.22776547983264345,7.131236559955196,7.24168835314453,1250.4222333699145,1396.4496818824036
-0.48643407080555257,0.23187594232194683,0.3407913258186719,0.20913508703016276,7.083335427299752,7.130310465126676,1191.9375166096668,1249.2647598539688
-0.22353653963117334,0.15082351378561304,0.20660954211308988,0.3512358034122933,7.281365443195868,7.353995851172531,1452.970620093012,1562.4272978820288
-1.3741372100233717,0.3287344174876846,0.5571646924175769,0.3625208097485333,6.84587987526405,6.835184586147301,940.0000000000001,929.9999999999997
-0.3389786739652879,0.17870190962542037,0.2310725357088329,0.29513328050110055,7.133827626404143,7.1113922600044575,1253.6663615266395,1225.8530647469245
-0.5719628953681489,0.15891800045050086,0.16550814996372065,0.3545447252074341,6.884496881739911,6.719088161399602,977.0099944652142,828.0621081371195
-1.2224344292972313,0.28592294268051077,0.29517251197226385,0.4695034368221537,6.840546529288687,6.671182336821638,935.0000000000003,789.3283048901824
-0.4055930127016256,0.1865688751342564,0.21628015662846384,0.26118025584742993,7.0666405442458915,6.962963764442982,1172.2034465116828,1056.7609109959383
-0.4140562543205686,0.20604431710981871,0.42388941711145556,0.10000005187250607,7.104274156274262,7.4534678520542155,1217.1582973140678,1725.8377298175212
-0.28155523178173947,0.1617089352625347,0.22761652324706494,0.29085696594430754,7.1809919742701585,7.238145312667252,1314.2112756299302,1391.51075870396
-0.1578078474640847,0.12012601301317308,0.30701136485689584,0.10000000014686822,7.367867165857686,8.37519538301128,1584.2512319989232,4338.115789812208
-0.2823663017340254,0.16175586479006926,0.1768788540210497,0.3602219246500653,7.1795084337890875,7.056135778195452,1312.2630355057213,1159.9541740554523
-0.7272719280113437,0.17398503720599737,0.2948833909178954,0.5180079908827562,6.845879875266158,6.835184586151073,940.0000000019821,930.0000000035077
-0.2833255429337409,0.1695687870842977,0.18668103393015267,0.3689143079452264,7.205144714183478,7.088611832032827,1346.3395093664788,1198.2432826210443
-0.45089081665883635,0.1988851292581229,0.20522797567752354,0.25863975860367916,7.0477439541571405,6.884880612608902,1150.2607722815192,977.3849753006632
-1.0043421403298234,0.2349119538348035,0.19785372930168854,0.9990662773190019,6.840546529288687,6.626717812926006,935.0000000000003,755.0000480761223
-0.276574804594765,0.14969933218579856,0.1482563564311256,0.30200805275878406,7.147911825721514,6.965763810234724,1271.4481758088123,1059.7240364451502
-0.3929057680135392,0.2136286520628999,0.2910683246788462,0.26163465320454826,7.150364912360083,7.1705289758239,1274.5709770255025,1300.5323710640907
-0.7568970624725251,0.31698053801521986,0.3450477414372933,0.13680466592255314,7.025439680478656,6.885590901704252,1124.889042042365,978.0794477995023
-0.7330484224894718,0.1753669461833559,0.29722555787508,0.5086691682012812,6.845879875265412,6.835184586149849,940.0000000012809,930.0000000023687
-0.36201036641966433,0.18088787383975652,0.26511947516497725,0.2938117914453601,7.106326136444514,7.162072746778505,1219.6584462549727,1289.5811397716272
-0.3347264400404039,0.1599105948869881,0.2313310813387951,0.2256868266578931,7.084385362623734,7.120824373460222,1193.1896311169362,1237.4701506440026
-1.2552461690536814,0.2595778950924458,0.2961932079714049,0.183479326667833,6.813444599510896,6.665683717782408,909.9999999999999,784.9999999999998
-0.34399538593630896,0.20207586835336738,0.2519994402771093,0.2903918821244581,7.194087915350727,7.162285816367197,1331.5352986616933,1289.8559395693633
-0.6441648823134922,0.14928844177161565,0.1303031535954241,0.6633748247457603,6.838405200901054,6.6320017774520545,933.0000000501115,759.0000000428263
-0.8595251736950162,0.20562394004733814,0.34850746747397976,0.6105011103206934,6.8458798752640755,6.83518458614735,940.0000000000243,930.0000000000451
-0.4964288882129726,0.22786546309515898,0.15041555587052235,0.306201463644577,7.065659459239156,6.732714649033282,1171.0539792402192,839.4229143662628
-1.0290390277537225,0.24068846548897058,0.264264910720659,0.2922123870423675,6.840546529288687,6.686526949469565,935.0000000000003,801.5336456082688
-0.5196999895078667,0.19969830234358987,0.26766093176108086,0.31990423172962845,6.990907077434052,6.94474918203152,1086.7067564318165,1037.6866940943407
-0.40243846898523306,0.21865470884245114,0.280213475427793,0.3836864943828451,7.149974758011141,7.126008468836573,1274.0737946110282,1243.901971111193
-0.11030130745812707,0.15608709728373535,0.176363764596159,0.24488309736215705,8.021747621403048,8.028646713449387,3046.496806399894,3067.5875380803277
-0.9020503588880635,0.21579722687851977,0.3657499462855641,0.5582919601658827,6.845879875264054,6.835184586147309,940.0000000000043,930.0000000000072
-1.0312059032267957,0.2490920416595924,0.2808546300993189,0.24040882906195854,6.848204313148174,6.702075007832444,942.1875129951862,814.0933237988448
-0.19849183484573543,0.17020984574314058,0.2051665391875593,0.2716752062491494,7.464165790683532,7.463346575833922,1744.3997465647265,1742.9712935735238
-0.20370021149402115,0.1617781733805333,0.16900113153942234,0.2726681968743356,7.400847561812043,7.259375619777521,1637.3716157036622,1421.368785524196
-0.24911077866507195,0.16527621030950537,0.20789561742938661,0.3680233636890172,7.270114895333577,7.2642703495166865,1436.7155154623729,1428.343056249841
-0.2792484243666308,0.15137305031957649,0.3286605232870218,0.10028498424308543,7.148723254875,7.6066662201110535,1272.4802846107657,2011.5608059917543
-1.481477447485096,0.34651215733777097,0.4792784307368172,0.23148443636202426,6.840546529288687,6.75323329969766,935.0000000000003,856.8246595421951
-0.7668860476916731,0.18346191073881754,0.31094553423509547,0.5159833876552175,6.845879875264847,6.8351845861488,940.0000000007499,930.0000000013931
-0.3529879131784373,0.1949169720278105,0.28703781505640535,0.27522702268387456,7.158841818689832,7.242885607360133,1285.4213195032512,1398.1225883982725
-0.5255920190390604,0.23553005738436883,0.20258266137835804,0.29159807553741224,7.05477353825175,6.815156573809237,1158.3751139202725,911.5592309122902
-1.125621315336765,0.4564001683118759,0.2439516994068372,0.1929620718313365,7.01211529430638,6.646445739422924,1110,770.0425240970764
-0.3639432125866466,0.18960485885690925,0.22585878044983299,0.34801353773512567,7.127623932375083,7.0503074506642935,1245.9130733848333,1153.2132444627891
-0.740284957094502,0.17709814010722452,0.3001597201627402,0.1850278239625323,6.84587987526593,6.835184586152124,940.0000000017676,930.000000004485
-0.70889920531751,0.2954069062121948,0.18245126334231038,0.10000000028559516,7.0233623280603075,6.687092122801226,1122.55467655987,801.9867790866126
-0.32425829056171457,0.14665985155843642,0.21409311720277419,0.32551158623084375,7.058943483940508,7.089974353348261,1163.2155604180468,1199.8770273879763
-0.5058850293773305,0.2305187206823795,0.3325138964090323,0.2166537854485284,7.062324316278945,7.087010912059843,1167.1548524921138,1196.326525713989
-0.22857093134597656,0.17415131477901136,0.20971770587573862,0.23578174045818834,7.368563845793919,7.347236437176427,1585.3553326039216,1551.9018180501273
-0.31487458141339697,0.18280623824474035,0.2478964138336145,0.389826382917283,7.187218606247133,7.217005681710665,1322.4199151505554,1362.4034773426808
-0.014680614852016698,0.1347775262693544,0.12572225822427924,0.4116781936643201,15.787296067037452,14.993547321190311,7183491.233294575,3247991.3633410977
-0.4501333774298086,0.20648719122034426,0.338419695409211,0.2022761428986083,7.06537464782191,7.181540410184927,1170.7204971887222,1314.9322339747332
-0.2919986464438463,0.15393041048622352,0.14675457102269468,0.30444961280486005,7.133811569858347,6.9323059550998,1253.6462321368972,1024.8545254397905
-0.3220685572357955,0.15956325726637713,0.2501421984426825,0.31121319570043454,7.1020827693595585,7.206393241506046,1214.4939529191533,1348.0215008170223
-0.35077728106586414,0.18961206389666044,0.14044023245621892,0.350290895131563,7.1471984888719495,6.83008814510184,1270.541528383651,925.2723671117136
-0.20317906807693997,0.15399988236155543,0.1846711737820737,0.3384361695377226,7.364601700688077,7.338627937606155,1579.086352237941,1538.5996100900697
-0.43253865607534336,0.1650822229280485,0.2200538308180901,0.45185017722868953,6.988309075200018,6.938468991469353,1083.8871541033766,1031.1902447336633
-0.8571178773849348,0.20168970290209795,0.23126085406332447,0.26373225806622336,6.841961697279343,6.699531670930156,936.3241187755325,812.0254409825451
-0.3203710872781459,0.12883080528555702,0.1962708165302641,0.29631265273326785,7.008780123640748,7.0423553379033015,1106.304127170349,1144.079128598782
-0.4257704011475261,0.21225749209423966,0.28690482541403217,0.23365487354827388,7.105175897525655,7.10356816418729,1218.256354167405,1216.2992964471575
-1.0198236082596783,0.23853301256926898,0.2539804491500381,0.4481139821184834,6.840546529288687,6.678762986242928,935.0000000000003,795.3346633331383
-1.4915979425811474,0.34887930413100243,0.32328783851918896,0.5168262858895856,6.840546529288687,6.646458740872762,935.0000000000003,770.0525358314103
-0.4287226988168966,0.20957870421569103,0.18255179861048204,0.24524300550295514,7.095494618261282,6.8555233813879735,1206.518982250535,949.1087452864148
-0.5084165532474807,0.2518507651706885,0.27493047335523974,0.22312395548285469,7.102013217873731,6.970477782620563,1214.4094859976333,1064.7313391604334
-0.5918068709467035,0.14157777401519012,0.2399570373334638,0.5832375817031454,6.845879875756754,6.835184586866969,940.0000004631424,930.0000006692908
-1.0202890446430608,0.4140890911203515,0.15256558999705483,0.3446221491472542,7.012504873450314,6.579251212010101,1110.4325170941158,720.0000000000001
-0.28053407066664787,0.17044984302112048,0.2284891020571955,0.3084397749736909,7.214240710287042,7.244198452069725,1358.6416736967774,1399.959311644201
-0.2652065457508521,0.1411066756116859,0.15422017730380805,0.31102891279336353,7.138713507682929,7.011229172180284,1259.806614591092,1109.0168401042351
-0.3039314178785152,0.19060100758688459,0.22987437902108915,0.26743167753569236,7.233768662192921,7.186055827290707,1385.4339103027617,1320.883126747419
-1.0928713858769352,0.44312121462291126,0.5664965686438976,0.11828720283885,7.01211529430638,6.948075595661646,1110,1041.1442166443128
-0.22831493891087512,0.16157097098765835,0.11856333739315413,0.5533415165931529,7.314317287433011,6.949016804612396,1501.6462532368707,1042.1246122062034
-0.3219761580192651,0.16139567494616516,0.1900296483406959,0.2519134867385391,7.107916105821085,7.019917365701756,1221.5992083016508,1118.6941714191166
-0.5421385683121266,0.23666770051654096,0.3558539396065057,0.24143032769226708,7.04319485272761,7.086108748985877,1145.040003265252,1195.2477307957229
-0.44869112521935445,0.2010079266007978,0.21135630455089907,0.11059854977564276,7.054637488159068,6.900770258122145,1158.2175275987238,993.0393176968021
-0.34679389984194464,0.1647214310157219,0.17631590342765988,0.3137225512255407,7.081633832366142,6.938136447045853,1189.9110463749246,1030.8473851793851
-0.612892321023768,0.26992217970091714,0.28305812038486333,0.15136043550965944,7.047057367756702,6.8915593652024265,1149.4712899332483,983.9345348375537
-0.4487307314176985,0.21071262284261208,0.18592714819536343,0.2658760677627545,7.076224940253719,6.844059604929832,1183.4923206480864,938.290502231891
-0.38778832675627317,0.18804508411657067,0.13461844659782518,0.40899247867008753,7.0915670110276485,6.776863621659617,1201.7895433373064,877.3128196620905
-0.4531783046873732,0.21423174878264167,0.38323081903300577,0.17328119614734278,7.0793818826778825,7.275370770409321,1187.2344414859067,1444.286591617507
-0.842950631586687,0.20165881749237335,0.341787068966211,0.4760425779556135,6.845879875264099,6.835184586147385,940.000000000046,930.0000000000773
-0.27827547387433244,0.17776311782360033,0.20223825766506404,0.31061543079071274,7.245452863806365,7.156475073310871,1401.7165389484005,1282.3826518300555
-0.5784864168394941,0.27660886207298657,0.29855394722722084,0.2521338877947543,7.084809835277294,6.945814477915439,1193.6962149937522,1038.7927264796315
-0.27394049902328504,0.1629625522770998,0.20857670710385084,0.355459358960485,7.201533209548654,7.191113678047957,1341.4859675581038,1327.5808803108368
-0.40635571005583687,0.1833898430080466,0.15900280093442562,0.20318939452438228,7.057953904762542,6.821009170787831,1162.065035881422,916.9098619836851
-0.32858355790039057,0.1671788911814177,0.17756225087110955,0.3722730853082617,7.115436725152479,6.97010637994534,1230.8210243415776,1064.335968518078
-0.2220858139079805,0.14563528564139627,0.1722174118389413,0.3640045901553689,7.2624115024151035,7.205173834211109,1425.6904510572,1346.3787153810297
-0.9975196300418945,0.23863631093198953,0.4044594046349529,0.8581626932073192,6.845879875264051,6.835184586147302,940.000000000001,930.0000000000006
-0.495551981878059,0.22147450736822963,0.34078023111920586,0.2664491928846105,7.053575060817581,7.117397549323821,1156.9876590686736,1233.236815653675
-0.7693600673998788,0.18405376970424683,0.31194866290325074,0.3587343061014048,6.845879875264705,6.835184586148412,940.0000000006163,930.0000000010331
-0.4059291087208536,0.20199345299598925,0.16966422619589133,0.3008403559046423,7.104257893200313,6.847684641292717,1217.1385027396318,941.6980118631163
-0.4198220889570749,0.22374956792390585,0.3174539869727341,0.20709309328087616,7.139613014523295,7.185882613145619,1260.94032907398,1320.6543509200353
-0.7301352162753051,0.3129457033578953,0.35387723715890657,0.10000000027604085,7.035263539426607,6.914393041607497,1135.9942520198417,1006.6598413958735
-0.34351822991511627,0.1754818183949936,0.2468559789235112,0.29751077017082156,7.11748717565975,7.148330478638755,1233.3473511041655,1271.9805827358157
-0.3322714301605315,0.1785876178834997,0.1941861971488869,0.3764936305189201,7.144125279368934,7.014139863069138,1266.642881831897,1112.249547740319
-0.3911922159482303,0.19651276440941864,0.1287077935250796,0.1407726281522943,7.108993424120477,6.758733676885345,1222.9159686409282,861.5505034005699
-0.2836492782829114,0.1420055192159508,0.24465323305770723,0.12033538097339977,7.107287875374053,7.292239680941577,1220.832003500866,1468.856786485182
-0.3150354748325546,0.16886843891707431,0.13702496121901667,0.24915140317888118,7.142680101581015,6.8646703714007415,1264.813679753318,957.8300595805451
-1.008656771986344,0.24129686180588333,0.2582931975642022,0.42582363195251616,6.845876123610699,6.685795880575499,939.9964734524657,800.9478834347586
-1.8281496427742,0.4275975160670384,0.3724419699673742,0.2187718101811877,6.840546529288687,6.633445672685981,935.0000000000003,760.0967081006692
-1.4944372739008378,0.24801645114694726,0.3238012735814997,0.9770812086052592,6.772609946088013,6.646390514847729,873.5889412526608,769.9999999999997
-0.2663861241169954,0.14867134378984637,0.16463487533179216,0.4191665580306996,7.164754870827174,7.047750450476296,1293.0445989966756,1150.2682447668797
-0.5460652703505642,0.23901146190265005,0.34436513956386217,0.10000000110493412,7.044347792840016,7.060349474601244,1146.3609271420653,1164.8521808993657
-0.7231395640298581,0.17299645305670736,0.29320786151216865,0.5540834473982823,6.845879875267702,6.835184586154924,940.0000000034332,930.0000000070885
-1.1418132105505787,0.2670659344401717,0.28591584862026154,0.5398209270143373,6.840546529288687,6.680124575806744,935.0000000000003,796.4183202910576
-0.2780312082398385,0.15905907623185683,0.22035285037862884,0.32886530138528436,7.178740913850081,7.222266659248182,1311.2562338803352,1369.589938764576
-0.45613004007179847,0.20639675188526527,0.39732120837394996,0.1447498691580138,7.059145601437205,7.300789509540261,1163.450690396378,1481.4690999754675
-0.513686065665412,0.2459598979906435,0.31675806187261574,0.235183090165474,7.085463832178733,7.04635692071981,1194.4771439543429,1148.6664280886762
-0.4444799013726295,0.20975115849731635,0.35621800565990835,0.20985992939795467,7.078552645341068,7.231146054493656,1186.2503504383853,1381.8052210568203
-0.9601184938683078,0.2296888487544732,0.3892945489129618,0.609586267439859,6.845879875264051,6.835184586147302,940.000000000001,930.0000000000006
-0.044665626264418015,0.12925316023813926,0.13272727934327738,0.38173682254779295,9.500445058186974,9.401294947675213,13365.674008785367,12104.044690556288
-0.41611409930681886,0.20100025713243297,0.3569739274293321,0.15636327188279658,7.08969139404786,7.287594584948504,1199.5375590538663,1462.049627904193
-0.896405550260845,0.23383666982735102,0.22639256572517225,0.3327033348886559,6.867510540933086,6.682275439634081,960.5543261911536,798.1331511703563
-0.25023694242209016,0.12478176454210396,0.17154979931926562,0.3457909997790286,7.105304634795284,7.115268932323557,1218.4131992598373,1230.6145187255722
-0.4992782487102544,0.23956610820615376,0.35961858539327496,0.19828359363014175,7.086475031011715,7.1499963703777265,1195.6856087444526,1274.1013306584925
-0.4346138014798625,0.1995809238484989,0.3533964091632237,0.1921297620542398,7.065864604076627,7.242846921208008,1171.2942395617001,1398.0685014613423
-0.34617456243051886,0.17861195311349193,0.27498890681421695,0.25536007786282033,7.122609394348703,7.22408433513175,1239.681033360645,1372.0816732634537
-0.3621423042703503,0.18704876646143528,0.20620471992173,0.5170875144639873,7.123156444251396,6.999121940800825,1240.3593862788478,1095.6706722173553
-0.32715133927190565,0.16075355101676686,0.14492339600633242,0.35524917205806406,7.0980238463963765,6.872705272714066,1209.5744063094219,965.5571311415598
-0.6489193809304997,0.15524078175618433,0.2631141669961179,0.4898498090846801,6.845879875306254,6.835184586229977,940.0000000396724,930.0000000768885
-1.3240782380200249,0.3242456108997711,0.2868894046474919,0.1226389159741538,6.851534213130518,6.646390514847729,945.3301325786799,769.9999999999997
-0.06479245990838452,0.15693356932745367,0.13424297599028584,0.3830365214649716,9.028746361422233,8.50161142627051,8339.398424716386,4922.695012427715
-0.5197459190311619,0.22321371172453902,0.19294796692912225,0.19774634476576425,7.036117169105215,6.8009546525043625,1136.9643844360955,898.704833077835
-0.5928491601722725,0.25732260625368,0.22776130280025192,0.1663181510310884,7.040694161530669,6.813900342416289,1142.180189055361,910.4148205624925
-0.59660335034028,0.1710508153684232,0.2737528238417526,0.36812606215161386,6.893357954887181,6.8885717853311,985.7058217740941,980.9993385764112
-0.6119728736979418,0.25943974420141636,0.4175432208996387,0.1546239183924248,7.030590127577824,7.112009884763489,1130.6976692188337,1226.6104158059543
-0.5141851597356846,0.13300094808147778,0.1355558691884713,0.41737439999802517,6.865313715402066,6.693351880923253,958.446472065041,807.0227679323871
-0.5658224584286554,0.260061180093504,0.3198136834663673,0.2650775075807128,7.066266407186896,6.994938618252344,1171.7649637930933,1091.096702254841
-0.28580618771265964,0.1597489052967252,0.14918518195626917,0.3399668507882197,7.165591567332103,6.951699716291555,1294.126937624705,1044.9242944702064
-0.16120726394639634,0.14967395334095393,0.19939682435079442,0.2506218179796079,7.535106818218982,7.666616746000317,1872.6443806107004,2135.8431078478693
-0.44656458466269355,0.19684317134927298,0.16200820103125096,0.24505656111172858,7.0474445933452925,6.792507317906963,1149.916480819149,891.145147199837
-0.1779301238127416,0.15378709343482458,0.15246274412896885,0.40634470818559704,7.470961917901803,7.286588123223832,1756.295285173514,1460.5788711684686
-0.8232214027541228,0.17023758700910158,0.19425081244140335,0.5594914824718946,6.813444599511042,6.665683717782576,910.0000000001332,785.0000000001316
-0.2369248855768155,0.19240354576820007,0.2226376129864145,0.25732222070579813,7.418736874769472,7.369416515116448,1666.9266403093538,1586.70769293749
-0.8387100565496104,0.20064434604479048,0.340067663750362,0.427262207275994,6.845879875264096,6.835184586147385,940.0000000000435,930.0000000000773
-0.19404426138990166,0.1560610466049996,0.07585887626304325,0.5681365946345714,7.4109050788044915,6.820655420796118,1653.9225999383448,916.5855624914602
-0.39700703326674663,0.22675998874380193,0.2860162529754489,0.209157766143395,7.177823918003221,7.150150677008039,1310.0543684966988,1274.2979481108011
-0.4174278853148773,0.18734191108103002,0.16807472669157575,0.3249508929796905,7.055450847753715,6.832363222274846,1159.159958152995,927.3798295637869
-0.03904384476946578,0.12069880174630607,0.11372649976599633,0.3736594612728126,9.698015866473087,9.342508944278798,16285.262984724866,11413.006947382797
-0.27844455554794156,0.16312803869375514,0.20282866253834575,0.30243739559671934,7.1925048400008045,7.158154128661795,1329.429045571382,1284.537651959506
-0.8307598374539336,0.19874241760256206,0.3368441273052879,0.44927073676254886,6.845879875264139,6.835184586147432,940.0000000000845,930.0000000001211
-0.31602780346057135,0.17863161778902664,0.12376065088036561,0.4382134678119526,7.171890382892849,6.8213326510737895,1302.3041307969147,917.2065122257035
-0.3106147193231855,0.16736115951916591,0.2288378265087467,0.3352291440426554,7.1454564600407355,7.16644511360262,1268.3301351245955,1295.2320063924622
-0.1932431016946457,0.1406040304538235,0.2119973797174154,0.326833257052907,7.334251995633047,7.526769659175251,1531.8814972328364,1857.0967481766295
-0.5956608849253395,0.25675603968034344,0.4113535972537762,0.1794978555380388,7.037694168064719,7.120303009145659,1138.758790603794,1236.825146022927
-1.03300771605578,0.4188485852671251,0.22382336126944402,0.34197994893413053,7.01211529430638,6.6463910070031655,1110,770.000378959779
-0.5984782411663637,0.271306620196861,0.3716841862382165,0.31016931344470394,7.059977644967838,7.050768265901246,1164.4191348546353,1153.7447851589122
-0.8939792849873025,0.23298638107314093,0.23100365127908587,0.3356551703856748,6.867267389511209,6.68811881139994,960.32079443389,802.8105925966253
-0.3538169451360085,0.18945746498831895,0.2977292797953601,0.2519934339942122,7.142117657705242,7.271197773209291,1264.1024930651938,1438.2721455758062
-0.39527132709940693,0.18212406410495463,0.22522554195958622,0.2739346017820861,7.06740727030402,6.999519325683902,1173.1025500785722,1096.1061617020632
-0.2643321929554535,0.16846218125567936,0.19760497059327353,0.28620525299642574,7.243962574720143,7.1772824910186985,1399.6291318947417,1309.345261692505
-0.6452452096282528,0.2840245501277789,0.361824626729751,0.10000000069151932,7.04683098241275,6.990474709276283,1149.2110959330792,1086.2370005945538
-1.0882463767377724,0.44124593479229934,0.4159421605555997,0.10039678278248776,7.01211529430638,6.811932706078974,1110,908.6252165018973
-0.5436599461452272,0.2456282056825596,0.1725042457518977,0.33335545598619853,7.058455045879648,6.7470212159637795,1162.647540397945,851.5184912564487
-0.8431206544278715,0.20169949200379736,0.34185600729588156,0.5300393469542601,6.845879875264091,6.8351845861473715,940.0000000000385,930.0000000000649
-0.30036709198247136,0.15585158342138467,0.18487399753691997,0.25930706333693626,7.125520553763247,7.045212994045574,1243.2952006280175,1147.3531891894947
-0.22620206049674982,0.1529280640414128,0.16504757202373166,0.4825971535013167,7.282718581444376,7.159366111943709,1454.938020995535,1286.0954339308375
-0.33191489138539554,0.1993692262064028,0.1986658712585077,0.3532132800183564,7.207313884576574,7.028264094188436,1349.263118926529,1128.070685097743
-0.3484322764018505,0.17065743054898236,0.17092729519447034,0.31311691789025464,7.096436701705066,6.920280504588062,1207.6561593820934,1012.6039947677914
-0.7631796054029196,0.3209605517273273,0.2829854163389133,0.21112113942096886,7.027207220813778,6.800517405991512,1126.8790870209873,898.3119634201927
-0.6067514042564969,0.2573422231055653,0.25567925324504603,0.14094375305805834,7.030781422319388,6.851109937873922,1130.913986426766,944.9291374662796
-1.4071496043352631,0.32912714663522286,0.3422926002859922,0.41719490930586534,6.840546529288687,6.672971936222282,935.0000000000003,790.7421510833356
-0.2845817963827826,0.16030240434973492,0.21803514042923022,0.3670750843443615,7.169941325643118,7.195879306955101,1299.7683374953422,1333.922737597218
-0.5008688584088561,0.2421288811448627,0.2686893089576449,0.24365381401327796,7.0900679053873255,6.966165903978271,1199.9892835813314,1060.1502305293366
-0.371505431940555,0.1861143673030561,0.209279633550026,0.14702569727718637,7.10762366142007,6.993048074492911,1221.2420106856664,1089.035884840014
-0.4982118853953156,0.22345145787746518,0.3364801634507287,0.23641478851206968,7.055157065354988,7.1050951029777965,1158.8194673775286,1218.1579296722296
-1.2299947001123956,0.49871993405354204,0.3405748558816434,0.1895899081472321,7.01211529430638,6.706610797855818,1110,817.7942671809848
-0.6229782990208891,0.2651003835729987,0.4258758490192182,0.19140810495240396,7.032187293974918,7.113332133068295,1132.5050244807235,1228.233372088051
-1.0768199822501952,0.2518642560150678,0.3049161150752103,0.16316236167372494,6.840546529288687,6.712882978068212,935.0000000000003,822.939739999134
-0.6773801180260617,0.2826227299734152,0.5263289924144039,0.1042425261756805,7.02387933487326,7.206726329005132,1123.1351950286337,1348.4705847154087
-0.302758764616804,0.18704267693405513,0.22612248617511402,0.28404980487005216,7.224444611310206,7.176592938370874,1372.576090663284,1308.4427104144622
-0.3022505279420975,0.16729137656573426,0.2573000091494527,0.22405222502108374,7.1601359905233695,7.28100007265482,1287.0859524974092,1452.439844402227
-0.19736202628691552,0.14420115506958986,0.16636076769345018,0.29046398342506174,7.337293044819646,7.272641345144428,1536.5471148045947,1440.3498942092378
-0.42928078886442755,0.197942462285218,0.30071721039508226,0.3073498309102346,7.067752726586368,7.13023349635933,1173.5078757314513,1249.1686091856602
-0.48735254385296267,0.2185725818851496,0.3588567633905947,0.20193087927377962,7.055139856852513,7.166058639323713,1158.7995260014366,1294.731529253774
-0.48887037819371104,0.21973942754768816,0.30257757835595234,0.3175548370081521,7.056134215808654,7.048651595534009,1159.9523617597797,1151.3052704958236
-0.4006554678383695,0.18308620059888248,0.16440809538136125,0.22945146490320062,7.063616870283861,6.840067292006039,1168.6644385716545,934.552020493539
-1.2692203416070114,0.2968659964779198,0.26069738036623963,0.2801710568598952,6.840546529288687,6.635119101587685,935.0000000000003,761.3697407678449
-0.28304341647161935,0.173196612872625,0.2528165096933249,0.279602589933008,7.2185584758580505,7.3229270037427945,1364.5206528321248,1514.6308179752557
-0.37074021482265085,0.20056122709957963,0.2920696262139688,0.27692418811493796,7.14762529243405,7.217520786169913,1271.083915771963,1363.1054382252237
-0.3858380045718154,0.17625899352428612,0.2754123128235399,0.32279824301828397,7.063471420591364,7.1435224460209445,1168.4944690497398,1265.879537370601
-0.45716530454893256,0.22986587029034006,0.13973185706204083,0.3673240316561597,7.109457087778684,6.735367906893354,1223.4831218066224,841.6530771018131
-1.0204129490636653,0.2547384820738339,0.27332108674838895,0.2834310734672403,6.856292727786484,6.697572886798003,949.839219639272,810.4364152211365
-0.3458543097998881,0.1717731507703278,0.24794891752035186,0.31658444516107276,7.103313509172898,7.146636718896467,1215.989599166972,1269.82797674511
-0.3835893170080927,0.19028592402156497,0.24160248051687672,0.2985857494449442,7.1027169836412485,7.059566217258363,1215.2644466323532,1163.9401590958187
-0.5883273018223598,0.252689847909628,0.3522495174043805,0.2557321224932233,7.03615574734915,7.028450008329467,1137.0082473715352,1128.2804288867499
-0.3540441830794294,0.17095897418502853,0.25400752785833136,0.2614661304379222,7.089524873470436,7.147165322365706,1199.337827997018,1270.499389658918
-0.48998196960906254,0.22374565735273327,0.34919909004319494,0.22770447819946193,7.063290779588317,7.1423969063979955,1168.2834101003193,1264.455541325727
-0.27089711738049904,0.1925954415655209,0.19067380351563562,0.35824550939493227,7.317604379538721,7.1335800630442465,1506.5904243024916,1253.3560380839328
-0.4882369440493959,0.21103980610357387,0.21461998703629587,0.24392489965883488,7.0388989307385765,6.869301098504512,1140.1315514487126,962.2757947470268
-0.30513351839745617,0.1641303050593636,0.2248547759838102,0.300838981190206,7.144546861468001,7.166625659846809,1267.1769883737559,1295.465876778144
-0.4620115086678366,0.21778688113840006,0.37886443048657925,0.1753051238365116,7.078038619283717,7.249751930431929,1185.6407435380568,1407.7555835659575
-0.4286948905705781,0.20876594439889246,0.42160478192908063,0.1000000080977971,7.093630434833864,7.413180655679811,1204.2719046920809,1657.6905134227973
-0.43928071304060035,0.21708071560270542,0.26059491539776974,0.1716582123113951,7.1008232950062995,7.022950429596267,1212.96529179008,1122.0923932262267
-1.2769058084094294,0.2986635990579486,0.3022240305622315,0.646302037589437,6.840546529288687,6.666404148569923,935.0000000000003,785.5657419326824
-0.37757336214895665,0.1899941426658963,0.24543829956067734,0.28169181198178367,7.109848138470445,7.079760832025993,1223.9616592878717,1187.6844284593126
-0.5620760359472818,0.13446527657968982,0.22790222248484132,0.47289045505075655,6.845879877521155,6.835184589357665,940.0000021216795,930.0000029856378
-0.8444926754418528,0.20202772016436726,0.342412313944641,0.6690147441011474,6.845879875264095,6.83518458614737,940.0000000000427,930.0000000000633
-0.5905121713715908,0.2752577893372794,0.36941156754960963,0.1687627519249453,7.072784167311482,7.055297722585007,1179.427189900359,1158.9824751777458
-0.162184059544467,0.16481253253011013,0.15561528016665876,0.4409635395192585,7.6228569144859755,7.389217474351117,2044.3944547603005,1618.4391471379388
-0.08294795355202604,0.11784729745103165,0.15913047563023944,0.3236463825870375,8.027388039328205,8.348157110505028,3063.7288739414603,4222.392166424866
-0.3307352104531405,0.15892489365217505,0.19587367818655296,0.27840653367364654,7.087170217417244,7.0219566272624885,1196.517122119847,1120.9778091170024
-0.3350030233256739,0.17541082828898932,0.2651872690922144,0.3054299209086805,7.130259873500838,7.221316122330948,1249.201559117392,1368.28871149656
-0.8773548828623169,0.2098893358275531,0.3557367924290159,0.473379063631544,6.84587987526406,6.835184586147325,940.0000000000101,930.0000000000219
-0.38438686856806126,0.1978082896710619,0.23959567356005063,0.2873031878948805,7.121257489012559,7.05303856917408,1238.0062342965034,1156.3671113321718
-0.24627251189731886,0.15401996172273272,0.2368629173971255,0.305993493153099,7.2320547859082716,7.391511419706925,1383.0614815853276,1622.1560196244568
-0.16460639616769338,0.13826743383589019,0.1661331970389526,0.4109424032503196,7.446638406917352,7.438994943068478,1714.091371935396,1701.0397199578617
-0.4403378852944807,0.22317683324351706,0.31540358639184907,0.25904022009119,7.113481055620829,7.145995767055059,1228.416297357441,1269.0143389443217
-1.4466728151691675,0.3383714811164668,0.34154024178955145,0.7505702799314666,6.840546529288687,6.665806199382286,935.0000000000003,785.096153944328
-0.2348611960181542,0.1483048616678298,0.20627915306587263,0.3574145147061334,7.238107677611,7.308021882025566,1391.4583901037336,1492.2224756679834
-0.4383751663084037,0.20482737598807335,0.3733736918645208,0.18344482111493346,7.073892383590333,7.2814412920477505,1180.7349748323552,1453.0808304259763
-0.5343235824777728,0.24092160116549022,0.29856825799766507,0.10000001335191891,7.057541011656985,6.988497469108033,1161.585326281107,1084.0913710761984
-0.530915667822787,0.23072296437829065,0.23546113023118592,0.24466588486168994,7.041225728721671,6.873219537468124,1142.7874959679903,966.053810843621
-0.365895135324543,0.1558641426297528,0.19037957909523812,0.42977808563776476,7.032630549373867,6.950031339869097,1133.007124718261,1043.1824208685227
-0.7182975082246243,0.17183808955136726,0.2912445768293649,0.5069746499047029,6.8458798752668715,6.835184586151816,940.0000000026525,930.0000000041982
-0.3101959033784488,0.18700172037091492,0.21135369631997603,0.2668065575294324,7.209500573112471,7.111075015033828,1352.2167652959904,1225.4642307084857
-0.35393132927489046,0.1839739311140951,0.3166899485130329,0.21139775468161215,7.12645139026514,7.32449742595871,1244.453043981217,1517.0112965497003
-0.27151680158535607,0.14537630889560163,0.17233916367391047,0.25666769569281517,7.1420730699636605,7.0644469154118585,1264.0461308464417,1169.6348854968087
-0.5014259570759709,0.22955717165037476,0.19462516715100558,0.3392016304818797,7.064458898353886,6.8178628607350555,1169.6489012478091,914.02951287922
-1.2254346258255748,0.286624677677043,0.2506195502897083,0.24811886946233502,6.840546529288687,6.6342343048671015,935.0000000000003,760.6963812551351
-0.6442211912195498,0.2944143852944471,0.31702366902921336,0.3609547238176793,7.063658414594277,6.921823235801387,1168.712990938394,1014.1673761858401
-1.0711062931849096,0.2562404254750845,0.4342962289615539,0.5928873982078471,6.84587987526405,6.835184586147301,940.0000000000001,929.9999999999997
-0.2780715055912098,0.1477679611505432,0.17551662153857067,0.3649475079311846,7.138052930382207,7.060911880027264,1258.9746897437806,1165.5074843422485
-0.17811010607893796,0.13907923594652327,0.2096300789302909,0.30335675590013544,7.3875111884643285,7.606688508855297,1615.6799818943307,2011.605641655752
-0.16780247524915787,0.13458247019114178,0.18912023355903274,0.28977965120952176,7.40867929805315,7.55676026380956,1650.2454246622594,1913.635784756481
-0.19473838025694096,0.12359182675367844,0.1880973328204057,0.40102435918414125,7.241305905274287,7.395617071375526,1395.9157147894632,1628.8297177585714
-0.31297568262216946,0.15489211851353624,0.24718507553680524,0.29749656883241526,7.101551634182355,7.219509513692521,1213.8490637350833,1365.8189808805735
-0.2925504575739972,0.16152750131948887,0.2716232397427929,0.2810175288302703,7.158785714062267,7.358185774059505,1285.3492034418975,1568.987481511176
-0.5926181172795131,0.26919704762419205,0.17097830199016706,0.32006449540750775,7.0609006381755774,6.718232935533593,1165.4943819536172,827.3542307442526
-0.5435323987930767,0.23240169476659067,0.1825917215640627,0.25700994911566477,7.034226712055078,6.765654781931805,1134.8170324776304,867.5340674900237
-0.2797306413357733,0.16184094216492212,0.19485473516143456,0.386095056892046,7.185210122972024,7.126299352989418,1319.7665224077612,1244.2638551128907
-0.9751354255311304,0.23328134464689326,0.3953833907330813,0.3308793935542612,6.845879875264051,6.835184586147303,940.000000000001,930.0000000000014
-0.5999970520296785,0.17396186092479463,0.16426154383065245,0.3657488978873621,6.896588045619881,6.70349006286949,988.8948887292271,815.2461261043038
-0.7597994787216955,0.20517713886904487,0.20676697139582673,0.3167428605830799,6.87669135444729,6.701853083268371,969.4136017817359,813.9126765386195
-0.3949499271599314,0.1845166553434832,0.27961415147743607,0.3226231490183999,7.073840183346296,7.137693153305088,1180.6733417871703,1258.5218209805232
-0.32427664618771146,0.17377515297054863,0.2577147466859932,0.3367916055742889,7.142535687092279,7.2244567794012955,1264.6310355209637,1372.5927923957963
-0.35037747038134526,0.17236027527394204,0.2653730354665801,0.24172458794965546,7.098577578351449,7.1871113137006954,1210.2443717837607,1322.2780369617712
-0.5265545195167809,0.24565537335050702,0.3000149139490131,0.1000000878652699,7.0731837819518795,6.999489374277682,1179.8986004577325,1096.0733322728001
-0.39319002863796415,0.19528291559399083,0.26624272510883346,0.3208170000732047,7.103313126177806,7.106854465493208,1215.9891334490133,1220.302997494193
-0.8530477722905496,0.21497928254733165,0.21866085634893379,0.44682001375841496,6.858663367089695,6.686048447472818,952.093616950719,801.1502019049907
-1.395570800038406,0.35631566470635845,0.30237977218411705,0.4107042092083657,6.861969131461725,6.646390514847729,955.2462221224079,769.9999999999997
-0.27127000961111486,0.16385821438397347,0.21808275961350063,0.3956797118705945,7.21069121019079,7.233651913939951,1353.8277235576854,1385.2721727556002
-0.4403681139492298,0.20089192380456328,0.1819414251239515,0.3569052944188945,7.062841080681834,6.842877059981884,1167.7581524410848,937.1815873388479
-0.22632772892293038,0.14666493949547887,0.28087407284872634,0.201153928179093,7.254670383252468,7.670725492571145,1414.6966185705296,2144.636799046237
-0.5406925927098278,0.23234707265743337,0.45861123198271003,0.1000000004187021,7.036371391537765,7.277911663702816,1137.253463031204,1447.9610359406083
-0.5344378439548734,0.2328962478898437,0.19892508543869658,0.23669771517640112,7.0424281733377425,6.801933174521854,1144.1624611338923,899.5846659419384
-0.11894693698263685,0.1340817666139431,0.16398149204134654,0.3626583983384669,7.733890365855094,7.80832994251275,2284.4723688009663,2461.01696156994
-0.4482057579373113,0.23731880349323003,0.2555364129565556,0.27947424273767457,7.136136475230725,6.999851406135198,1256.5642317191457,1096.470217575483
-0.4284148553837558,0.1926021215851924,0.26333733114850977,0.13268620891482633,7.056219381021461,7.044397815728019,1160.0511535562678,1146.4182728606224
-0.5010721130299909,0.23360471051466522,0.4118593914197978,0.1270087279370175,7.072859948106644,7.251675800711492,1179.516571217296,1410.4665296121702
-1.0175237166492885,0.25944094992456856,0.26497584576646704,0.3358143987654991,6.861623063664806,6.690131929789191,954.9156993617428,804.4283732092593
-0.3128972825691111,0.17444680069216867,0.24934620885938436,0.3471067065636546,7.164171169633531,7.226614250700866,1292.2900675526823,1375.557318741731
-1.0700577675916452,0.25028259873524017,0.24278173145046059,0.11717343655424883,6.840546529288687,6.656606043235411,935.0000000000003,777.906271472725
-0.18528632616207324,0.14993204133649662,0.1689817988386676,0.35792087543177,7.415841260586232,7.341723090711862,1662.106845388184,1543.3691889323602
-0.33526196592117224,0.17712738152759525,0.22705928248076657,0.3718347415052048,7.134975494560936,7.106978772444616,1255.106231454601,1220.4546990681902
-0.40956311001395107,0.20802111560621156,0.3009574455312902,0.24934043978493048,7.11455998207589,7.164545047463685,1229.7423834445287,1292.7733164914716
-0.39439286396981593,0.18151306980467222,0.16612552835559968,0.22337137086798628,7.066884349609864,6.850937870997469,1172.4892708409457,944.7665604485874
-0.39511205911364433,0.19345560393717323,0.13360024531481074,0.3673576795143447,7.096272305986592,6.767852021030906,1207.457642198237,869.4423429639162
-0.38627058530580916,0.18230503602610768,0.18108732892857177,0.2735622613048931,7.078612181134426,6.898529001252523,1186.3209768965005,990.8161537755378
-0.6309226749044938,0.15093543537707085,0.25581713065058587,0.41328028814271506,6.845879875319658,6.835184586246432,940.0000000522716,930.000000092191
-0.7278350443390927,0.20153414304779532,0.1952454247247596,0.2509648237639214,6.883545541286259,6.697974525997225,976.0809673144809,810.7619836301069
-0.37279864919404165,0.17841844135659812,0.2999145595632514,0.26905304931143575,7.085242160021949,7.234214237372736,1194.212390974879,1386.0513628170086
-0.1633518664744472,0.14826985444471227,0.16324169949003203,0.32617473577963724,7.514321813371853,7.429045062822508,1834.1231765949406,1684.1985014443344
-0.5679500290913426,0.25274134010021576,0.42023440394754397,0.11902226990006716,7.051656484559665,7.169633876177073,1154.7700180522334,1299.368785838116
-0.3094733167034302,0.18014041369210027,0.23976079994316524,0.27470079468709285,7.188737248213742,7.2044576767864275,1324.4297232343688,1345.4148414515075
-1.444580616597507,0.33828717971965716,0.3129987799517764,0.39177162954702494,6.840826926376581,6.646390514847729,935.2622080366475,769.9999999999997
-0.3298560211083352,0.17207220581123323,0.18655707274910965,0.24524396789462063,7.1283087123426245,6.99529069945346,1246.7665418845004,1091.4809245270555
-0.3556703752684109,0.17174794682457914,0.1840100109786256,0.21445989852877181,7.089535348323308,6.947080562272707,1199.3503909501067,1040.1087586291337
-0.3522386760437871,0.17784032727502264,0.1335822520990898,0.46902913818898306,7.111536047320731,6.808957367527696,1226.029339541987,905.9257667464759
-0.6665025793254356,0.29218553813879355,0.32764315002956856,0.14953176808218516,7.0450363938472735,6.921305197574049,1147.1505842793233,1013.6421347753675
-0.7098503836319086,0.3037286079276909,0.31313403463123246,0.14802108764937522,7.034527123270054,6.8708462870845874,1135.1579954531192,963.763841676441
-0.3266187117856714,0.19232478495075273,0.2195354413183049,0.38223552219195095,7.195485969363501,7.101865418845998,1333.398158815272,1214.2300107197957
-0.42334991299938973,0.20704696368130654,0.2994845868750665,0.2289899527444147,7.095718347838785,7.137135678395126,1206.7889464310435,1257.8204221659716
-0.3220567234493819,0.17648765138842964,0.20831251600161715,0.3500888431897591,7.154651946565651,7.0765388139948975,1280.046835611389,1183.8638461134178
-0.3574956663126192,0.1774456083779865,0.27580209335646877,0.22498770966421353,7.103007555248993,7.2012032171323215,1215.6176192849339,1341.0433603947126
-0.4005658404572545,0.18081994003909974,0.2970307111748969,0.30777894342598966,7.058061469378753,7.1712472898860735,1162.1900396838919,1301.4668973560438
-0.6709258628219676,0.17302867528607052,0.18079089046524383,0.4024962362430181,6.864545558659039,6.699184258700331,957.710517645057,811.7433824115541
-0.06860814195233816,0.12508061475599833,0.15851270196192943,0.3146220212320263,8.42976638198284,8.740126048618583,4581.42966341657,6248.683300516134
-0.425815512468246,0.1936589736995187,0.28062042002143683,0.341653828829772,7.0614456739834575,7.088738259188787,1166.1297912703503,1198.3947826880742
-0.9475901463016774,0.2266916960616001,0.3842147411124428,0.5601059796367565,6.845879875264051,6.835184586147304,940.000000000001,930.0000000000022
-0.3383032707471786,0.16970909239760296,0.0936349836654291,0.3694982885981075,7.108297988842223,6.706497717453218,1222.0658053850182,817.7017959044512
-0.7132549792856453,0.1706317669231,0.28920000729365036,0.2991113713787371,6.845879875269569,6.8351845861597935,940.0000000051881,930.0000000116174
-0.4831500103581452,0.21358406550640133,0.19565666225755943,0.3075811783996712,7.048715923396642,6.8346799624910055,1151.379333885257,929.5308183896707
-0.24415765113429755,0.1599410380064315,0.2324721678437825,0.3082330069560813,7.2617229937198475,7.381859076219956,1424.7091886275248,1606.5737362894338
-0.2704169804393273,0.1777907882800379,0.2147793904104033,0.3015384062903069,7.264119210485054,7.223972080303486,1428.1271941764842,1371.927659115435
-0.12140352223469221,0.14708516854081363,0.1711819087710909,0.38488330767659074,7.818189734914724,7.839743714734422,2485.4020965422333,2539.5539001722846
-0.3910399612688436,0.20679209837781548,0.2322810542816262,0.3075661254577415,7.1354761857375415,7.023727961284488,1255.7348094189813,1122.965194890576
-0.4079108949141229,0.2071431579622664,0.31144093841831355,0.2477873359204542,7.114464908837276,7.193221856380567,1229.6254734110694,1330.382609792518
-0.9874486368812874,0.23622703036959286,0.40037596830433075,0.4384207515879626,6.84587987526405,6.835184586147302,940.0000000000001,930.0000000000006
-0.35715033552704756,0.1752913340887947,0.2804831103299108,0.2795577867737322,7.097455644437858,7.215055742433237,1208.8873189834508,1359.749461716101
-0.46374934029156367,0.209358871184678,0.16140617661710102,0.2631273846966484,7.058098529074675,6.777765637017225,1162.233110891464,878.1045263109506
-0.5347513772961972,0.22831778585199464,0.21474124896906205,0.18455764259213062,7.033610817896654,6.831291606856896,1134.118320484851,926.3865673327427
-0.12078443808113075,0.174416165498731,0.15284650785807674,0.3352510470036215,8.050678641102115,7.69516815906384,3135.922415165119,2197.7033429936246
-0.5783954004793037,0.2508332199509436,0.3439989582850023,0.2028270192284927,7.0403210275345804,7.024466528240328,1141.754082299568,1123.7948862296696
-0.19752390602819211,0.12645384016907538,0.15960121391337276,0.3723948907264219,7.246845303395963,7.2377290862057215,1403.6697040672636,1390.931695623731
-0.5178956811899702,0.23965672920613904,0.2319096774067073,0.17918510789705805,7.069401156925523,6.877511737812086,1175.443916993217,970.20921888514
-0.30042944215638867,0.17093179781136264,0.24373596489759108,0.19627246156536568,7.175608396766619,7.241011351259454,1307.1551280724746,1395.5046027616245
-0.23953724685285196,0.14439536511195414,0.1922935796810048,0.38990974090685515,7.209459841101932,7.2324905802683075,1352.1616879101696,1383.6643433309184
-0.40904179290600023,0.23852582627163443,0.246651523257429,0.29234617895088877,7.189783329090655,7.032717820837108,1325.815908745331,1133.1060082226898
-0.3301256068237272,0.166206152774521,0.13628856896969155,0.40658695264382777,7.110113562982761,6.842558004201889,1224.2865718323508,936.8826218323751
-0.7252192509559596,0.17349397591268878,0.2940511019950246,0.4783637125246879,6.8458798752667205,6.835184586152879,940.0000000025107,930.000000005187
-0.9876830840480211,0.236283117092393,0.4004710284501361,0.35360663008409277,6.84587987526405,6.835184586147302,940.0000000000001,930.0000000000006
-0.1092897747153716,0.13110267341851234,0.13021690010187437,0.36335600708947813,7.806237922195924,7.621202399849565,2455.8738457134727,2041.014770851518
-0.5213004709849703,0.2335386257968518,0.18351049297478933,0.3807546709055444,7.054642541462335,6.7817438923429565,1158.2233804379273,881.6048082104124
-0.31505552835692796,0.18273093628281523,0.2515185508367159,0.27631814808297694,7.186646154641589,7.228050337835286,1321.6631103846428,1377.534158026821
-0.9354494655839742,0.2237872847884591,0.37929211869273666,0.6267506581616815,6.845879875264054,6.835184586147308,940.0000000000043,930.0000000000063
-0.3885434830857821,0.1802992349739107,0.3204264935755594,0.20571890102634408,7.070688943307171,7.254405793791385,1176.958612754868,1414.322354270004
-0.8868050521538173,0.21215009688878034,0.3595685063424327,0.45583373970846003,6.845879875264063,6.8351845861473235,940.0000000000126,930.00000000002035
-0.43116505822896767,0.22661874471560053,0.262997178186349,0.2774277392593324,7.132246452385574,7.039688150516039,1251.6856631748894,1141.0317209871018
-0.7796942210052438,0.2007520559042792,0.20002243085066423,0.38615553384095386,6.864125553458798,6.686259061714363,957.3083587076557,801.3189533172299
-0.18915232283866823,0.13580768422516531,0.16457606952117534,0.4541680610140749,7.324630712088973,7.299791106297944,1517.2135065905795,1479.9907345478819
-1.0075931626637047,0.2356723560700038,0.2630293905339506,0.3411258922490718,6.840546529288687,6.690766694594873,935.0000000000003,804.9391581262587
-1.3114364435459755,0.20514286388803568,0.28416219926605485,0.71788189084188,6.763076267612693,6.646399592934918,865.2999999999997,770.0069901588636
-0.2305712815397578,0.14657421530227732,0.2048013341254624,0.3862456841444166,7.242350410109246,7.317953835578362,1397.3745172332306,1507.117003428299
-0.21790537132557283,0.15268465703076445,0.18906271994577667,0.35784323623239833,7.307342675336714,7.297356282013546,1491.2092923006653,1476.3916005742042
-0.837053474033532,0.20024804232456522,0.33939597734143756,0.45904452283411534,6.845879875264106,6.835184586147442,940.0000000000528,930.0000000001302
-0.988723129661539,0.2535040719027246,0.24974053876112334,0.3220300952413501,6.8630455958914265,6.682308429656579,956.275064358815,798.1594820352952
-0.5600681446799932,0.25033412054901216,0.3997859871226722,0.18117264911713157,7.053621010957488,7.143536164312374,1157.0408240349384,1265.896903194123
-0.8934820656501183,0.21374743675138402,0.36227580234154444,0.39278115520160384,6.845879875264057,6.835184586147316,940.0000000000068,930.0000000000138
-1.3138784245003259,0.32029113427326983,0.2846794004769244,0.15025265954164124,6.850425506882911,6.646390514847729,944.2826199538379,769.9999999999997
-0.3867834881105271,0.18389542657444555,0.25193882974638704,0.23136841971524014,7.082098162203581,7.081088622510975,1190.4636858712283,1189.2624719663136
-0.538749383080193,0.25370004492516773,0.3729728409759498,0.2032535581458902,7.077555681207208,7.122013247070577,1185.0682907187,1238.9422211291942
-0.30896091426410366,0.15915955300858917,0.23860150267916228,0.36022256172770334,7.121794806959331,7.20199031122033,1238.6716160091653,1342.099303204099
-0.4540565999357369,0.20811108945763007,0.16699577558228199,0.3171468153463002,7.064987515700934,6.797505731131631,1170.2673613969446,895.6106097049804
-0.4111330924249813,0.2101614355601486,0.1466186535704372,0.3342642634142024,7.1178263465032785,6.786340378355476,1233.7657375138274,885.6664197993152
-0.4379786315827827,0.20944755302897028,0.16060694941792014,0.3968812631780194,7.0848642768538745,6.796419900928521,1193.7612034666756,894.6386564383405
-1.2008823206430186,0.24171930669872138,0.2391674158684726,0.35855742163162024,6.807934943699926,6.628879222301514,904.9999999999997,756.6336770930955
-0.8509634436873399,0.2247107488244355,0.21744968257924394,0.2807832510878189,6.870716463652783,6.685252996185352,963.6387306684111,800.5131793392309
-1.0004197865013342,0.23185230227589504,0.20236721473522157,0.28930417003519204,6.838405200847344,6.63200177739563,933.0000000000001,759.0000000000003
-0.6556568979745476,0.15685259585367567,0.2658459950485279,0.3539914298031148,6.845879875290519,6.835184586192164,940.0000000248815,930.000000041722
-0.3441716074034719,0.18767774753133926,0.2728543229478688,0.24134429262402726,7.151953004601027,7.222505161339277,1276.5967214133707,1369.916627785373
-0.3973399999146969,0.2124245086045815,0.17143412069459601,0.2997443499310397,7.141266657356885,6.861173952120279,1263.0271990059402,954.4869319865052
-0.31436981588608165,0.19259385356638223,0.16981274216443656,0.2617046848947253,7.219284872589903,6.969888201571971,1365.5121962582396,1064.103778758061
-0.34721327902925286,0.1830597402338945,0.2325666306113368,0.3678068353835257,7.133875817503842,7.099528626069282,1253.726778543027,1211.3959194331508
-0.33580127886679023,0.17641253872122847,0.20772325945507641,0.352936762122179,7.131998211424795,7.048309318304393,1251.3749820867515,1150.9112723495393
-0.2918657601984747,0.16445660707143822,0.261210538738585,0.3446697046968783,7.1701167845398786,7.324687557066142,1299.996413422273,1517.2997550090936
-0.2688638130570268,0.16782956941059357,0.21415077191986306,0.30085194123743086,7.230867954674914,7.226222248289,1381.4209947044242,1375.018202629436
-0.2945119097543456,0.17218507165977548,0.22431516689140138,0.29353092577392464,7.191295716504261,7.191370058073419,1327.822573082929,1327.9212891658847
-0.2525646804292597,0.1508005772504695,0.1795009675561744,0.40333678737324585,7.203727247781681,7.140432342763904,1344.4324702477822,1261.973876444769
-0.3689384470137035,0.21584200362282685,0.2542329654044355,0.3307853025593961,7.191685455278778,7.118812651879576,1328.3401778841173,1234.983207593776
-0.853720446947739,0.2042352770725003,0.34615385331591025,0.27653419283579495,6.845879875264106,6.835184586147413,940.0000000000528,930.0000000001038
-0.4538833893097371,0.21482994185948256,0.24529257692467898,0.20174847291308198,7.079965462587145,6.970150308296483,1187.9274898584265,1064.3827240691762
-0.3350203789020988,0.17149389241031596,0.19788204802650206,0.4590137484143858,7.11854111346754,7.020376227562807,1234.6479077401493,1119.2076152994591
-0.39788252048178263,0.19837635716904115,0.2656748270843591,0.2751411290562392,7.105230412665148,7.097441263762879,1218.3227693927925,1208.8699344928311
-0.35225716594416245,0.1898721591236371,0.20191246472160843,0.23896171053610205,7.145665932307223,7.002915666058246,1268.5958429408915,1099.8352403391698
-0.3954658436709058,0.17781045138154378,0.19244100699050218,0.346304231122857,7.056272964567697,6.91633800671957,1160.1133148762872,1008.619664943511
-0.3160536156047655,0.15720142891992436,0.14862646446127187,0.28184948245903096,7.104038670804288,6.899976602536437,1216.8717079655296,992.2514991651273
-0.434445281150258,0.20745282724328906,0.20050126104514746,0.24835537668404462,7.084162168130732,6.891230443273449,1192.9233474797895,983.6109504122916
-0.2866228322604224,0.16899605395823747,0.26835696685877175,0.27212265591944484,7.196261462541648,7.365991598241151,1334.4326010407897,1581.2826464534176
-0.20616057673370958,0.1554209398067576,0.22083518353622428,0.30524414369392977,7.360533117014369,7.50089994830659,1572.6747591817216,1809.6702915579476
-0.4177183718383409,0.20101947519406865,0.3250578070314061,0.2572215399910852,7.087882252457116,7.207894030431593,1197.3693876220464,1350.046115436433
-0.8462944602967586,0.20245876059497075,0.343142874835647,0.5994589871448106,6.845879875264096,6.835184586147398,940.0000000000435,930.0000000000897
-0.6485756697235443,0.28017900171422383,0.22203706032879722,0.22990723640890914,7.038641416818461,6.772065129739949,1139.8379895032172,873.1131253438905
-0.8979402971391199,0.21481397808428473,0.36408345965420685,0.4688660405849607,6.845879875264061,6.83518458614732,940.000000000011,930.000000000017
-1.1703894631287886,0.2817551210229749,0.28683027149814166,0.3766725337657478,6.847386394015536,6.67479197786442,941.4171948736844,792.1826452085044
-0.7534918714102574,0.18025762611180823,0.30551466310153175,0.3930671164248325,6.845879875264977,6.835184586149357,940.0000000008718,930.0000000019119
-0.17118476830517998,0.12736082717873548,0.15149664569847274,0.3689511608649174,7.350646444975648,7.314708529333654,1557.2028484941166,1502.2338751147354
-1.1705898806181492,0.28003985316389224,0.47463335249516037,0.26612044091329023,6.84587987526405,6.835184586147301,940.0000000000001,929.9999999999997
-0.5482721199739624,0.24922449905948751,0.1285268856043117,0.45734855944261854,7.061213695776859,6.664141183834456,1165.859305947273,783.7900442896519
-0.19109877956546634,0.17541201518423205,0.19418269335633376,0.3633803872346446,7.524562982831957,7.445857277547224,1853.0032548837028,1712.7529676232054
-0.58907973121309265,0.14092536113848791,0.23885127724876304,0.38722759812675345,6.845879875612719,6.835184586738254,940.0000003277495,930.000000549586
-0.5481138909164265,0.24333973757906055,0.37590714175667544,0.24155317692573858,7.050608534292998,7.1155388816090275,1153.5605103665175,1230.9467670786764
-0.4412676604222021,0.23651191500735108,0.24375530956964417,0.31032926456886056,7.142633074182932,6.982117334107766,1264.754200255493,1077.1967395040056
-0.3534168423930346,0.182375820020929,0.28025051677770935,0.23941775798467937,7.122686204136797,7.222693901329476,1239.7762566551157,1370.1752102379326
-0.4041613076599831,0.138075804687401,0.2200770886078008,0.3805319094920683,6.948285573036292,6.9742473297575645,1041.3628563274415,1068.752468288023
-0.3318952210293691,0.16045774024969495,0.15125341408565846,0.3568831481748852,7.090109212067998,6.88544587752313,1200.0388521792288,977.9376129135059
-0.42197845938769174,0.20306595096259028,0.16868753810781348,0.31508229332485893,7.087873685751362,6.829473385744725,1197.3591301547594,924.70372207399
-0.4231609485814579,0.21673825961134835,0.29980947717297457,0.2861863619398971,7.118838894390476,7.138219348308385,1235.015617079313,1259.1842231353314
-0.18764422863878852,0.15133522039701366,0.2128443946172002,0.3037841702927249,7.41315098558241,7.5640170589518,1657.6413303134404,1927.573156787112
-0.3598946976306062,0.1801232222274205,0.29912694090936764,0.18872531067238013,7.107138866396271,7.260870764453448,1220.650102124787,1423.4955269933064
-1.4149108994188877,0.3309424851729287,0.3673667052731783,0.1219144576921318,6.840546529288687,6.689358940442077,935.0000000000003,803.8067989123572
-0.3134071165643517,0.16761792364182662,0.2102757287873167,0.4381902847099722,7.141475066626256,7.100654238846143,1263.2904530130156,1212.7602498677359
-0.17966487646377843,0.12921576828679504,0.17334814680164556,0.40795113428979823,7.325854578453736,7.39456107765248,1519.0715099114282,1627.1105916536499
-0.65547576691492,0.1568092639291142,0.265772552730817,0.3930481743212404,6.8458798752943615,6.835184586202799,940.0000000284932,930.0000000516127
-0.2002660820583728,0.13149228571016736,0.1749752634103299,0.5171692888869293,7.263238083453031,7.303433397100723,1426.8693869258905,1485.3911201055964
-0.4900691439049088,0.2176063497653549,0.24047392247000202,0.13084194522761478,7.050682120205426,6.920413343304531,1153.6453992924905,1012.7385167174118
-0.2648786144083173,0.15548541884805103,0.19348822562701753,0.3628537108164247,7.193656499242296,7.16019832798038,1330.9609767796694,1287.1661886634752
-1.0275535970641387,0.24034102868276258,0.24399104394415466,0.8056709591001547,6.840546529288687,6.667167962129184,935.0000000000003,786.1659969103246
-0.20321249107044465,0.15309230710280172,0.15410926961597332,0.4076213061448555,7.3600108989003274,7.188084619887384,1571.8536943411066,1323.5656448723928
-0.4661738888527637,0.21904854323209155,0.3209271305552853,0.32794835375449805,7.076536098880201,7.118147419263119,1183.860631791654,1234.1619296840206
-0.3592686700747534,0.19655946493533372,0.1568977708149648,0.4012437922373989,7.153760138464399,6.866433792099194,1278.9057883466312,959.5206070683407
-0.31027179554129003,0.16303574583224578,0.24584270880728615,0.2599151737112464,7.132111243810039,7.222065776800831,1251.516435980096,1369.3148398180106
-0.6511316618945238,0.15577002503721704,0.2640111697187615,0.47477009629808176,6.845879875296716,6.835184586202667,940.0000000307065,930.0000000514896
-0.47327160093826265,0.2189495333062291,0.29896024946868777,0.2623893445520688,7.0692799591914834,7.061408024057952,1175.3014644866214,1166.0858873970735
-0.37609343749069757,0.18348240114925513,0.168592316127607,0.24794807073294664,7.094514059531005,6.877991900053353,1205.3364993709463,970.6751885797518
-1.1420180362451218,0.4630484665276022,0.33112261276307714,0.23359869371504627,7.01211529430638,6.7196646472518635,1110,828.5396118510977
-0.5650889495867111,0.24758468581907533,0.24001179458606203,0.20544605010632006,7.044784193242861,6.854452247564359,1146.8613086878884,948.0926670820637
-0.3213070478724633,0.2046051701270063,0.24778292066791896,0.22902487858293796,7.243440357723554,7.2008912351126755,1398.8984125867728,1340.625044235657
-0.28673232521993886,0.14767552399960565,0.27170469425578786,0.20658226151377296,7.121679399895452,7.377309513614568,1238.5286728033382,1599.2811301589281
-0.18305150973039008,0.1181508823952151,0.19076626063353413,0.2325531378853286,7.252101745539273,7.471864724011197,1411.0674385031477,1757.8815952443347
-0.715178578289514,0.30566446155987315,0.2922481889970632,0.179276949196029,7.0340461832804095,6.83835614287889,1134.6121838403772,932.9542300381326
-0.4410813777785555,0.24755338059959447,0.27392992818635875,0.3135528196828956,7.167892154395473,7.05076117688838,1297.1076166569196,1153.7366062762767
-0.3177090421652712,0.15853735008520833,0.23917198616712076,0.10000000144009139,7.105651879712301,7.182521427071184,1218.8363605161524,1316.2228376490395
-0.03159596257578815,0.1354040588056652,0.1307382408342468,0.2246243215344237,10.892136297940375,10.567534254868598,53752.007704833166,38852.754526623976
-0.365886969830959,0.17639300319058682,0.1423841955424242,0.2995134821385633,7.088747166235741,6.8188675135874,1198.405456894211,914.9482566684693
-0.5873087909650316,0.26265896980718567,0.3846177309681372,0.20204841515511918,7.053874838455846,7.084601095486334,1157.3345500890985,1193.4470690995993
-0.3625686889814698,0.19156917665726417,0.17185199408828744,0.2762282390726081,7.135016761909487,6.903704130632981,1255.1580274296564,995.9570464824232
-0.31292368623038275,0.18730760236666508,0.2768464055105763,0.21607328021190883,7.205222971221476,7.314428490787871,1346.44487403133,1501.813250623207
-0.29214548731990947,0.16202512905586902,0.19245668635223606,0.4278574204801232,7.161254436779864,7.088489490603081,1288.5262942850609,1198.0966967916079
-0.19397290580077967,0.14071499348743738,0.17693259116375298,0.33150324490253424,7.332086519208348,7.341870535597001,1528.5678330908286,1543.596767602392
-0.6258375662400733,0.2713693245114721,0.2300064665491366,0.18676014135400767,7.0402600222804645,6.7972373116696385,1141.6844314261955,895.3702426480099
-0.3475756655111212,0.18370596943931702,0.24432186467330658,0.23444638992062888,7.135185373404637,7.132650922661486,1255.3696793442823,1252.192035219746
-0.2707474339112751,0.16610503151128375,0.23489666549383204,0.24636012600401433,7.220155655526936,7.297305412651572,1366.7017788379906,1476.316499385651
-0.2529784399782664,0.16283539064835678,0.26092651624727103,0.26065581600665577,7.250323183242335,7.461137476623078,1408.5599976394594,1739.1251468883072
-0.43056098540685955,0.2007922395906135,0.2941508526101242,0.2801713012840188,7.073000474301709,7.112899939297526,1179.6823358399286,1227.7026519708093
-0.3115401498040925,0.17655915183949777,0.22284211403662918,0.3286361981231253,7.1733801949965175,7.145011276469485,1304.2457652297444,1267.765621051035
-0.09050075735518329,0.17771170731762964,0.1580891136659679,0.4725255466782102,8.570299027502099,8.176545894590816,5272.706238657495,3556.5487258677194
-0.3192666830982792,0.16658503334042515,0.24185935013749923,0.3356945935867207,7.128424120527422,7.187265952323297,1246.910437251157,1322.4825280268037
-0.13801727028845306,0.14341110266977775,0.16758312632659855,0.35969650686121957,7.645731037239912,7.643938002839357,2091.6971255460803,2087.95000100994
-0.4314165860242839,0.1996510866036167,0.2822114980641889,0.29002651787602496,7.069430461855903,7.083870262238017,1175.4783638000984,1192.5751769440913
-0.20183497052368304,0.14402184278521737,0.20939671969751913,0.4246507503966438,7.320212570415068,7.467184487963911,1510.5250285705451,1749.6735172894626
-1.250291461903676,0.26108903875829015,0.2709019473635992,0.2699964951128235,6.8154727261528265,6.646390514847729,911.8474680604884,769.9999999999997
-1.1443627616566543,0.26766226512040503,0.24795197920897982,0.264107730195633,6.840546529288687,6.646392011886734,935.0000000000003,770.0011527208962
-0.26549714029285554,0.16724364818348608,0.19841986715017051,0.347311200984762,7.236576549996366,7.177071660180551,1389.329519939882,1309.069240431477
-1.1637887597254362,0.2784128231274293,0.4718757352771399,0.11830419305907883,6.84587987526405,6.835184586147301,940.0000000000001,929.9999999999997
-1.4904299836083248,0.34860612279837955,0.375636811805022,0.252615763210309,6.840546529288687,6.681751989419247,935.0000000000003,797.7154775261266
-0.6262141307811631,0.2657902123433318,0.4329427847326145,0.16899176224095797,7.031090005229087,7.121084880784913,1131.2630210056009,1237.792562675857
-0.3836669786083532,0.18350706838390907,0.29404588918833074,0.2690238959318108,7.084947977291758,7.196128644277269,1193.8611259838553,1334.2553757884236
-0.492992356366122,0.21935831034876427,0.20119997082875407,0.22760185970228294,7.051602947668329,6.837839336756242,1154.7081969101293,932.4721981491431
-0.5160763950060985,0.23984861791976572,0.22456454069168194,0.17557431393561654,7.071404281213415,6.864857653054928,1177.800837066225,958.0094603772477
-0.26278031991247075,0.16549187150779404,0.1688054020397981,0.37284665386066906,7.236422885930515,7.072101685717495,1389.1160463190731,1178.6225271667895
-0.08818619435942052,0.12668009070521916,0.14166250207780576,0.36589583354503097,8.04315724521597,8.036121739831179,3112.4243809974632,3090.603752088293
-0.27066789035188876,0.17463759558837333,0.254483529842885,0.26674329250478757,7.251860060784119,7.369925312990735,1410.7264462227452,1587.5152118533042
-1.0478738313738125,0.24509385717853682,0.26966321810015037,0.288092257068456,6.840546529288687,6.6870626905770525,935.0000000000003,801.963175179306
-1.266997362629296,0.30310338510903895,0.5137232226112459,0.4467852916379725,6.84587987526405,6.835184586147301,940.0000000000001,929.9999999999997
-0.840100425587969,0.21676300257817802,0.21009563130746517,0.41191372622467015,6.864670532309182,6.679803426229526,957.8302137034985,796.16259194993
-0.267504003428392,0.15496592155598427,0.21206958278479432,0.2721536685570034,7.185953372580123,7.222491100395672,1320.7478029813499,1369.8973656003488
-1.6604335314798897,0.38836933095794457,0.41664960630760484,0.21729944340507187,6.840546529288687,6.680647683479712,935.0000000000003,796.8350418109042
-0.8639957350549046,0.2210135447922672,0.2430419119749747,0.27907199318148607,6.862454162797963,6.711019375844224,955.7096588555436,821.4075358224661
-0.309048224375346,0.17821688388565635,0.2361327683379521,0.3523188851420337,7.183313858173266,7.193783949903449,1317.2662669311692,1331.130619446434
-0.5550772062942717,0.25783845960190893,0.20159919575618296,0.276959822455835,7.071159369205843,6.792910748496937,1177.5124148191776,891.5047349417953
-0.09711527737581019,0.14001851158965983,0.12780013639168045,0.4290001966452696,8.048426551082862,7.745682731659143,3128.8679821834494,2311.5711680912027
-0.4841611970018157,0.2313256917130437,0.1862932020110852,0.3231688909190879,7.084436702642606,6.814494637974944,1193.2508910676452,910.9560368521753
-0.19162328914172003,0.15035867305684916,0.19010832662775673,0.3433326099774497,7.391307801304944,7.421813536539288,1621.8257524333567,1672.0631073107584
-0.23360997175810705,0.13032382335599446,0.16630889544900512,0.38589528842632315,7.164519451688898,7.141627853342614,1292.740227380285,1263.483481758876
-0.3971129017425259,0.18411133073038186,0.20386897591546504,0.21310548513403327,7.070274837833818,6.943097348717453,1176.471328651887,1035.9740235560228
-1.3021012267115721,0.5279566146563814,0.2822489479235939,0.8054759995124424,7.01211529430638,6.646483691245823,1110,770.0717491691447
-0.9910445418931438,0.23708727760748954,0.4018339823187098,0.6368853854589351,6.84587987526405,6.835184586147302,940.0000000000001,930.0000000000006
-1.3848598730627841,0.5615124597494298,0.300059024531128,0.4575656987912061,7.012115367673636,6.646390514847729,1110.0000814376574,769.9999999999997
-1.3008613416203516,0.30177441770080954,0.28185897563309703,0.739961436216424,6.838630650253608,6.646390514847729,933.2103680088244,769.9999999999997
-0.4650568715746929,0.20961223061237003,0.24156869809263004,0.16236692403012387,7.057374051222762,6.949158524869417,1161.3914036797953,1042.2723128399323
-0.9090580982471496,0.2345846862102183,0.24333541256734847,0.25871325970882353,6.864702654640602,6.697398092900552,957.860981937238,810.2947682613562
-0.2790365569246559,0.1804321574673149,0.19039148689701288,0.3220031210958073,7.2532757017074045,7.112036838156298,1412.7249425544203,1226.6434775638768
-0.7578304471321763,0.181295542232818,0.3072738041755408,0.5004369248006099,6.84587987526506,6.835184586149195,940.0000000009494,930.0000000017608
-0.5239073852659457,0.2492131683702998,0.49001623639458425,0.10000001003159202,7.082331910447615,7.365030279481347,1190.7419871923428,1579.7632602050917
-0.45632382564263824,0.14567764481195242,0.21628808852172424,0.4290843564563481,6.9258919978805125,6.90369886804168,1018.3021880265063,995.9518051813252
-1.2712910243293205,0.2973503215943685,0.25836562072079305,0.6151366988113658,6.840546529288687,6.632950379364108,935.0000000000003,759.7203304935216
-0.4739498890578706,0.21448740753912962,0.17615491603720668,0.2596715618748776,7.059203108967103,6.80139361512433,1163.517599495611,899.0994175035111
-0.4551269973596485,0.2141983064930611,0.2714437727366178,0.315883082538033,7.077284333888202,7.026132730409044,1184.7467692391426,1125.6689165294104
-1.09944070869494,0.2630188588874113,0.44578484580951006,0.23046330835432355,6.84587987526405,6.835184586147301,940.0000000000001,929.9999999999997
-1.015282280550103,0.41166153964355146,0.2240537131337958,0.21918378706349018,7.01211529430638,6.650400679145492,1110,773.0940261394983
-0.36690060333303204,0.17312167732701786,0.17264978301674005,0.24259854220463312,7.078499171330238,6.900282299272843,1186.1869185702922,992.5548735780369
-0.39005363188590186,0.19925917629169254,0.2548958232581738,0.24559192945418384,7.117500900055893,7.083208645735788,1233.3642781679494,1191.7864104861019
-0.4843538362582067,0.22539472650798725,0.32533872687193544,0.2955281937142669,7.072001567017733,7.101415875419376,1178.5045309187738,1213.6842842731287
-0.43084684283184227,0.2058212389071583,0.26811916014549025,0.32909806678568876,7.084363420799982,7.052026835296798,1193.1634506475725,1155.197767183352
-1.0172582157590941,0.2585634569332198,0.2494217185171818,0.40729910378763035,6.860827004755808,6.674909651638335,954.155832701364,792.2758698149343
-0.3804787236234213,0.20628123999410128,0.28562882113587695,0.21712241555372558,7.148812539008955,7.1804285279848,1272.5939019829914,1313.47099674178
-0.3799509139599849,0.18626364085126806,0.17583827269155777,0.3481344499832576,7.096880987092892,6.8925115552022325,1208.1928225742047,984.8718736535922
-0.28346460322616807,0.17286089531301396,0.21387453765994044,0.37639282773156096,7.216464933244756,7.1842212226160305,1361.6669589059134,1318.4620499268801
-0.7969009850536044,0.16479467167262135,0.18804013508906597,0.4784485641742471,6.813444599511102,6.665683717782695,910.0000000001875,785.000000000225
-0.2393883524744846,0.14001298892385264,0.129525079481439,0.31123760541912626,7.191528220056508,6.970786234807283,1328.131332440358,1065.05980852621
-0.43867554322287855,0.2058011059505238,0.27901577413316847,0.27355805170486974,7.075792150298918,7.065760803897617,1182.9802278824213,1171.172665319783
-1.0504704577549722,0.26624186361498803,0.2648993879003272,0.2930040938804387,6.860100306236803,6.681891622381455,953.4627009502519,797.8268726782892
-0.5048924944163522,0.23281802301844187,0.2529060041694992,0.11429593107990361,7.067774139501534,6.930630081714985,1173.5330042250764,1023.138437392085
-0.2685504725974084,0.19318595363345833,0.17214061559383875,0.4136136684035445,7.3260157183641885,7.070718594253316,1519.3163126817246,1176.993511208694
-0.360615636025581,0.17261853519022213,0.2301094019560217,0.311601097156071,7.085327531120599,7.0678210437175,1194.3143465506869,1173.5880491614598
-1.2489455064142285,0.2921237866695659,0.30657910785269604,0.3989058423360802,6.840546529288687,6.675189841860612,935.0000000000003,792.4978888693341
-0.402109437998143,0.20682499256012404,0.31520640119715093,0.18243700044692363,7.121000193971669,7.213601604174676,1237.687742406777,1357.773634912596
-0.37005370032922,0.17787047719046767,0.2899943286546117,0.199198989619364,7.087311444367568,7.213374197331546,1196.6861145168746,1357.4649030017997
-0.5738032343597996,0.25836804667121016,0.19547210863349107,0.33180041019829587,7.0569230867326205,6.770379998803859,1160.867775475317,871.6430543845694
-0.4639306081843212,0.21046403859949742,0.1424336776342623,0.5907790855751281,7.060304320861129,6.736734525379306,1164.7995846541846,842.8040820689317
-0.4130412079155852,0.21249049371436685,0.31258025014167484,0.19077810071646373,7.121103682949063,7.186496874946126,1237.8158360735986,1321.4658276435405
-0.6415788981546775,0.16173351499211502,0.15099657941471323,0.5967594441619628,6.858736898303767,6.665071014458139,952.1636281242556,784.519175206965
-0.6665088535492781,0.28484481400388484,0.42476165113813324,0.22145771234791345,7.034018573710302,7.0670128146185425,1134.5808581181893,1172.639904360661
-0.37088970865245235,0.17765008905965152,0.2974698759617207,0.2515564332184578,7.085633789450796,7.231763506282771,1194.6801712837678,1382.658682621341
-0.469713888828664,0.21466563719806647,0.20555409413791464,0.21475491548983883,7.063663790231477,6.8673350117218,1168.7192735323097,960.3857356445957
-0.34499643784067635,0.17015633421907145,0.2850481014408111,0.10995940706049127,7.099862044512102,7.255954389984662,1211.7998885158759,1416.5142652383406
-0.405771812763921,0.19986495130569065,0.308652159806526,0.29331901266016003,7.099205225801157,7.190373989016963,1211.0042170097486,1326.5992463925918
-1.2415564711481377,0.2903955183418607,0.3348543108100638,0.33366923103436197,6.840546529288687,6.699424738002388,935.0000000000003,811.9386133671666
-0.7090898035764914,0.29485886018887997,0.21933561545432573,0.3410934465801603,7.022477432199606,6.739039417979108,1121.5617719465529,844.748895392705
-0.17963081405515757,0.14672864995415433,0.18605287150733318,0.2946182169745844,7.423484707190252,7.465470902347684,1674.8597462818677,1746.6778692998253
-0.37209644084394977,0.18767916761622017,0.29525343020823774,0.2605407931946483,7.111033316524714,7.223205783736057,1225.4131317424751,1370.876758361738
-0.4205946247330712,0.20218188441919788,0.31035500187677234,0.25333722881278237,7.0873550562319485,7.167615265636846,1196.7383053674687,1296.7485118574743
-0.3390119318108924,0.17266086234150368,0.2442907718273904,0.30958934683138073,7.115956337811243,7.15031586095247,1231.460740714467,1274.5084590582862
-0.1728807694574218,0.15423376335469072,0.24564375846148373,0.29431441681638526,7.4987896869578785,7.850604861835294,1805.8554408694326,2567.2867010442096
-0.4362655993466156,0.21138392136363537,0.18226993853823759,0.24175341057632976,7.091180531199563,6.847515285939689,1201.3251656632845,941.5385437676409
-0.3763926507852376,0.19597393927267678,0.30745738622621666,0.23326672640627208,7.127313750866208,7.246572266170875,1245.5266741178564,1403.2865023028792
-0.2799203134678223,0.15540375473368226,0.17056012007894156,0.39527806652407954,7.161821594833932,7.039036172372391,1289.257299628932,1140.288035703429
-0.17814562966326014,0.14883194995953336,0.1653568404658854,0.38859075810025195,7.442101217137695,7.357931080975742,1706.3318306485094,1568.5879221357893
-0.3851467111751998,0.19152244805383656,0.24977578842900816,0.3527516093312473,7.103921596018757,7.078240629023048,1216.7292513105047,1185.8802787090033
-0.15229416835497056,0.16091347973248415,0.24047589236953962,0.23207615609715468,7.663246649940829,8.008741806780138,2128.6572267623565,3007.1311796026243
-0.22138111494963858,0.12971118753900449,0.15431178237151655,0.3373532076207989,7.192568219759986,7.126760788029019,1329.5133071343496,1244.8381345402845
-0.5650494605868039,0.1351766071906793,0.2291078413481546,0.29584583539297027,6.84587987602094,6.835184587430138,940.0000007114772,930.0000011930381
-1.3132199039911434,0.3071573332171494,0.34868160383753527,0.2643325980693134,6.840546529288687,6.695236017026874,935.0000000000003,808.5447420188079
-1.3797233262790036,0.330070782342605,0.5594296676490715,0.5487041403097987,6.84587987526405,6.835184586147301,940.0000000000001,929.9999999999997
-0.07689331815994414,0.14416038474212056,0.14536635311011156,0.2775261097710986,8.481460484308327,8.32021343237387,4824.49084719832,4106.036275828481
-1.0161306486915866,0.4120055233237537,0.3440389393397579,0.11978143267011532,7.01211529430638,6.768296943232966,1110,869.8292632340381
-0.32332857853097036,0.16800337737308724,0.35686906713835675,0.10000000176223184,7.126255901648435,7.533454473441574,1244.2097913544292,1869.552681428378
-0.3891423083702077,0.19497584371662208,0.1055179518496738,0.24855271139812007,7.107690138736949,6.700874655926632,1221.3231982763332,813.1167115825439
-0.2277014617971931,0.13650948777566324,0.13899783180785344,0.4077707328307204,7.206160996090372,7.04015838655899,1347.7084653551601,1141.5684014018088
-0.47670779632594695,0.23271173607947243,0.4393304379442168,0.10000000495981588,7.09481450378021,7.351312204925916,1205.6986901968899,1558.2399169661096
-0.36091395991167574,0.1701235377249753,0.19972057801949783,0.3202284427317092,7.078018868547351,6.983093966707778,1185.6173264915587,1078.249278844888
-0.42581098502852377,0.216602680989806,0.1738174644052223,0.33370202274743377,7.115332884873301,6.837922813595591,1230.693222178413,932.550041230027
-0.4834506999079003,0.24109973199335888,0.16111644821477358,0.44197836976584215,7.105356118445887,6.76298292816025,1218.4759292340484,865.2192371410401
-0.3962506447006149,0.1860007660361116,0.2811062393906181,0.25489774680955185,7.076051986608265,7.139134700828254,1183.2876490367241,1260.3373482644402
-0.34278026989857713,0.18088295596598075,0.23988704717806397,0.25936214883998365,7.134343790090589,7.129546942580905,1254.3136256101154,1248.3112820913875
-0.48849879270276864,0.21799275625525102,0.36540955400160735,0.17974196168292267,7.052900534226999,7.1777449787366265,1156.2075032751507,1309.9509578472848
-0.48644152416059777,0.2253025069068184,0.1971182379906639,0.2817827795625922,7.069814812811043,6.834944419168106,1175.9302468672527,929.7766715284835
-1.130214828404689,0.26437138010655237,0.24488481868688838,0.5689135613373583,6.8405626897881,6.646390514847729,935.0151101890448,769.9999999999997
-1.0710527906875418,0.4342745355656756,0.7132819205283709,0.10041846397662385,7.01211529430638,7.095682842991946,1110,1206.7461003349595
-0.2927056551389882,0.19962141535795275,0.20113831390169207,0.21685840426689912,7.2886370622739935,7.116888688371557,1463.5745762139366,1232.609429233059
-0.8576240186438107,0.2022744638604023,0.22227081084168743,0.2781292363268602,6.842504662592504,6.688889937366025,936.8326483383672,803.4298994415307
-1.1330183390202408,0.27208209015343077,0.2454922582386639,0.37116676788752767,6.846789362046604,6.646390514847729,940.855306461605,769.9999999999997
-0.4991041679032636,0.2182116302318058,0.2042557861459214,0.23249501908432824,7.043856774050432,6.838964279588281,1145.798180558073,933.5217663059286
-0.36097053543139634,0.15908526411326077,0.2034033198152766,0.33291495165481155,7.04736555905583,6.993209568919239,1149.8256015784818,1089.2117722675239
-1.0029756575571476,0.23994155469799738,0.40667163342126555,0.5204730318610837,6.84587987526405,6.835184586147301,940.0000000000001,929.9999999999997
-0.8015701743079795,0.1917593835642914,0.32500873738239544,0.5407716680335773,6.845879875264233,6.835184586147714,940.0000000001721,930.0000000003838
-0.4236429807265582,0.19034779085020764,0.31483838647644946,0.19675388128883536,7.055961987667831,7.17288861053956,1159.7526025236455,1303.6047758466218
-0.12137656846340383,0.13609861412438412,0.1406739942083547,0.6256503333904948,7.727942506844264,7.588707542945333,2270.92497816079,1975.758280109485
-1.1053132480851668,0.4505830276043158,0.23948936746088512,0.19454100119498283,7.014302069847399,6.646390514847729,1112.4299767890918,769.9999999999997
-0.39281600632629504,0.18766706536594976,0.2339260893687287,0.35241772752110523,7.08439819631892,7.025230062132843,1193.2049442472235,1124.6532693741508
-0.3545238293650902,0.2039838707722864,0.24508818924536524,0.24717909170944258,7.182024403320932,7.121036024191448,1315.5688061861533,1237.732089825089
-0.2589046926803218,0.18131863045847277,0.18547671327430698,0.3859420517852209,7.306979827122696,7.146109402664108,1490.6683078257875,1269.1585523553545
-0.34193689991906207,0.16815999818355748,0.2669325622818184,0.25341218236948915,7.0984368235086714,7.210368078248716,1210.0740360155612,1353.3903292479808
-0.423516203374223,0.21201798836252056,0.20538563324224265,0.41340203866854724,7.107263826652438,6.9146729027390705,1220.802644404901,1006.9416057838079
-0.1773876503305356,0.1626126158898242,0.12453356339593719,0.3756800196180734,7.5233578351626145,7.13176137985072,1850.7714574226688,1251.0786520715224
-0.3268850055971334,0.16718575290249213,0.20527323664118485,0.395635654753837,7.118101461233262,7.0576872132560045,1234.1052113365492,1161.755164328201
-1.2386961713249622,0.30372822310264613,0.2683895837318124,0.18145734011820525,6.851850123143016,6.646390514847729,945.6288190092105,769.9999999999997
-0.37031141703473003,0.20278278051063164,0.2492834798149135,0.32637981401675503,7.154250857369565,7.102892025110605,1279.5335256035717,1215.4771869253918
-0.30897075202854707,0.17187904221094283,0.267906614268739,0.3102735001235464,7.162945696638835,7.296813248274018,1290.7073709476294,1475.5900877662814
-0.3963629654487234,0.18849167865879335,0.27135907839753426,0.31890013130030975,7.082203391441297,7.114342164950181,1190.5889640487696,1229.4745536632204
-0.11194139267360603,0.156714053618277,0.166907013060826,0.3708793474520755,8.006615381157127,7.920740887317887,3000.7435326455525,2753.8105534289325
-0.4708571896338297,0.227100107768802,0.2741841478210014,0.2904672140779722,7.088962260365354,7.012027986557879,1198.6632545972768,1109.9030926296075
-0.3821353129577175,0.17791562888259366,0.182060017659657,0.3286090491278765,7.072232985928319,6.906147621385841,1178.777290713109,998.3936339929405
-0.43361343620327264,0.17764807454612724,0.21791914321362807,0.4335045267560141,7.016342459808593,6.9322849546113865,1114.7020849513378,1024.8330032201932
-1.0481905128432056,0.2527682004942125,0.22711252519066671,0.10186390800831163,6.8477973797638025,6.646390514847729,941.8041834418966,769.9999999999997
-0.5181164362790202,0.24622990346659684,0.3272477148734634,0.3038693860029992,7.081890665413576,7.061329849683922,1190.216694103679,1165.994732925779
-1.846471212993817,0.4318828643410821,0.4387097833901017,0.36704339196685,6.840546529288687,6.66731310002623,935.0000000000003,786.2801076705425
-0.4477797124194807,0.200783675713663,0.188018774809527,0.2385666856859898,7.055048517218555,6.849610709362701,1158.6936865106452,943.5135341838605
-1.0209423855735626,0.41395651473879214,0.30972421334727496,0.2819947352581133,7.01211529430638,6.733090380965528,1110,839.73837161982
-0.37559889132465735,0.19482988010748165,0.28850565112598825,0.24220636616282115,7.125368118033312,7.197841157281827,1243.1056924608604,1336.5422630740752
-0.23968539754697799,0.1373807663046614,0.23067631254384957,0.3068680901676346,7.179821383570533,7.39213235301888,1312.6737722025093,1623.1635831167257
-0.36931601855867513,0.17510601952428498,0.2572801298239844,0.30973250742477265,7.080786185518442,7.126358987010528,1188.9028493852875,1244.3380577823734
-0.5273401314043089,0.23088182685068423,0.17122335814366668,0.3212368192325207,7.04447354365035,6.754411925943108,1146.5050920218234,857.8351309407583
-0.2654877484052455,0.1405168203251021,0.22365754591165637,0.3328251334921887,7.135928170471201,7.272159655618486,1256.3025106688485,1439.6562598231267
-0.6922139768159424,0.29874826621124473,0.29628179666260035,0.2069953540614844,7.038233881727496,6.857740012997768,1139.3735601665342,951.2149031580298
-0.8812913003364362,0.21083104375593403,0.35733287236572986,0.18970228199039024,6.845879875264076,6.835184586147339,940.0000000000252,930.0000000000343
-0.4440806595335881,0.1450346880143455,0.2178433691405039,0.45317117467335527,6.9332455577838035,6.920268580919011,1025.8179340423826,1012.5919208848604
-0.3753576355246683,0.18420516120552177,0.27159511094493083,0.297280533289777,7.097395927784218,7.153283048459918,1208.8151304335843,1278.2957807041828
-0.42864213607925156,0.2243658901988193,0.3537098619746527,0.18248165618742002,7.130084238321678,7.254906346530422,1248.9821746441296,1415.0304744092684
-1.0572290140776677,0.2544394248942477,0.22907090662433333,0.49903223900188043,6.847316514407361,6.646390514847729,941.3514113074694,769.9999999999997
-0.275619344760764,0.15376384907550938,0.26808036037509864,0.2724448978415882,7.164535008139779,7.402366592514324,1292.7603379865589,1639.8607234959127
-1.277045098951334,0.2989903135386189,0.2515756767504722,0.5437387360065689,6.840776853912723,6.626717749249025,935.2153783259872,755.0000000000001
-0.3431581549196622,0.20527473008024638,0.21492141990494734,0.28400971170274336,7.20484296447651,7.056023754431063,1345.933313101932,1159.8242389004042
-0.3377293447932216,0.2092582104747016,0.2731404102737977,0.26434324185361024,7.226253468237039,7.238474815663207,1375.061131296387,1391.969341215863
-0.489179645887717,0.2454963715354299,0.18365611309567453,0.3086705357534124,7.108503387980408,6.805156425670908,1222.3168424287633,902.4889313240204
-0.5139839696363088,0.23952139498235198,0.23527328424394758,0.15004593094026106,7.072659651730449,6.887463878920794,1179.2803419811387,979.9130849654765
-0.4208448433055647,0.18913297700654083,0.16218749519719602,0.2771652350291236,7.056062790427789,6.81510496577205,1159.8695146792832,911.5121883435011
-0.0853303338502967,0.14604647288089267,0.1920037005417056,0.2915293839187948,8.318192451310129,8.6798419359983,4097.746433896338,5883.1166088860655
-0.5128505480257286,0.2448254538586903,0.3311779147545399,0.2650523516467901,7.084031861622315,7.075478590570934,1192.7679119309228,1182.6093510730104
-1.1222232728994226,0.2684691246381721,0.45502238066766176,0.27642047191902314,6.84587987526405,6.835184586147301,940.0000000000001,929.9999999999997
-1.14166585942453,0.2670314695506386,0.23456357905861736,0.3999765465519697,6.840546529288687,6.635176772852922,935.0000000000003,761.4136511902801
-0.3073951561939201,0.1729063226483285,0.29008260894030635,0.23889483862740157,7.1691389540409025,7.373399308691082,1298.7258585755462,1593.0398235559537
-0.48887750125507645,0.22547209144843122,0.30971499255793566,0.3697494331004424,7.067853843289379,7.063242173934973,1173.6265429783216,1168.2266263018985
-0.32534957174009915,0.16363177213470986,0.19832059675284847,0.3228063697280667,7.109591595524627,7.039281051125436,1223.6477008318648,1140.567302207545
-0.7532284361068912,0.20212239718042774,0.2020642749377891,0.3226156057627011,6.874991618214657,6.697983745891492,967.7672539332971,810.7694588043323
-0.7563852033394267,0.3170111427978662,0.3321163529909348,0.14714383344488863,7.025763544574699,6.868803097767085,1125.2534122151376,961.7966999963053
-0.4066690718852114,0.20636190381547984,0.2819789289302973,0.29718952501098506,7.1140944893974725,7.12310618586798,1229.1700805804264,1240.2970493877265
-0.30452028328067243,0.17621446721792208,0.20058638426034386,0.3808162032031809,7.185312682237954,7.088415779314629,1319.9018836346531,1198.0083867951594
-0.5702565836417361,0.13642230549131706,0.23121914786605266,0.5119009108382773,6.845879875788304,6.835184587077346,940.0000004927992,930.0000008649411
-0.815617323432325,0.19811281527893,0.21439190771011585,0.43337269518390426,6.849549410610494,6.69257793083401,943.4556997541315,806.3984142295919
-1.2873297043548215,0.30110171020033144,0.2790540105812319,0.5059942290389146,6.840546529288687,6.646489128919747,935.0000000000003,770.0759365795993
-1.6067011667810713,0.38245344941449533,0.3481256076480286,0.2707650827691027,6.844686640843181,6.646390514847729,938.8790285682358,769.9999999999997
-0.4715617508210188,0.2386924405468497,0.3052897711523023,0.25649678600711295,7.112824489205766,7.077120949046431,1227.6100251874586,1184.5532153880245
-0.26793826760741435,0.21682737342864414,0.22403921368531396,0.21956517438524542,7.4158939547902465,7.265879298306313,1662.1944310929978,1430.6430368607091
-0.30041835778072645,0.19117071568227462,0.20149155017341347,0.3587534163927447,7.242998500910091,7.100422665626898,1398.2804363303926,1212.4794395878257
-0.4693692885840719,0.20886378234064895,0.3208474162608699,0.2060743546536879,7.051638359520591,7.113290866420252,1154.7490879902143,1228.182688059558
-1.2439685540647807,0.25039190874468287,0.2899492530578203,0.4399021992028306,6.807934943699926,6.662803547656802,904.9999999999997,782.7423192643959
-0.35966765255146876,0.19140472029687206,0.2447347923444751,0.3187769643680616,7.138821258406278,7.110166525774278,1259.9423669786718,1224.3514151839388
-0.845484664139277,0.2252997477269808,0.2275537716415018,0.3185216638520304,6.873124265839081,6.69885951249873,965.961777707462,811.4798146300756
-1.0329041017696423,0.4188065732893947,0.7728181977130743,0.10013847603432116,7.01211529430638,7.1779188475537214,1110,1310.178737272074
-1.2594213880842142,0.30821232257343256,0.2728801379351223,0.21399139931755945,6.851375522364115,6.646390514847729,945.1801293178181,769.9999999999997
-0.6073856508092396,0.1407646705167467,0.12286336616218424,0.7311143677267292,6.838405201037966,6.632001777593777,933.0000001778502,759.0000001503935
-0.33798699776040675,0.16266957988800215,0.2774904881778585,0.3726519655365347,7.08793964693456,7.250728836436311,1197.4381119845364,1409.1315004095336
-1.0478330325684935,0.2506727705742712,0.42485973382968933,0.5593589166716071,6.84587987526405,6.835184586147301,940.0000000000001,929.9999999999997
-0.2189499191357001,0.15888909333172369,0.14383273497440285,0.1290598758937518,7.33233711021689,7.086640181833774,1528.9509264436176,1195.8830935125975
-0.8720714230796646,0.2131804718395809,0.18989379603309547,0.24865688647761672,6.851103181902108,6.647469757439989,944.92275357322535,770.8314653917671
-0.71699717083258,0.30861063174649905,0.34108967009212177,0.10000000163614658,7.0370711757094275,6.905439165602266,1138.049573524075,997.6865667411687
-1.0362558012573444,0.24790315312746175,0.420165570484521,0.32626887637228985,6.84587987526405,6.835184586147301,940.0000000000001,929.9999999999997
-0.8696117630523503,0.2043667782969718,0.25335150149068897,0.1880731975894417,6.8416594017815475,6.721058110121828,936.0411149874899,829.6949558140163
-0.19788680327868657,0.1692022311501395,0.1920862705661601,0.37544848448785717,7.461695739245276,7.400407100374633,1740.096306508976,1636.6505754551038
-0.3449819881521165,0.17270298664504313,0.23205374098387255,0.290786938447376,7.107264689494809,7.102374135248518,1220.8036977656034,1214.8478665860632
-0.2394422264276322,0.18165979730593118,0.19452566819456354,0.2759389412309738,7.365329221288273,7.242131186269541,1580.2355880843695,1397.068213001878
-0.44175148557710153,0.20176576206374602,0.16486815966728677,0.5132736087929626,7.063390613002124,6.802934204078833,1168.4000496436088,900.4856276509673
-0.4854182346994814,0.23087138047709665,0.178059967064309,0.4852290965399383,7.082263510901658,6.796537109384496,1190.6605437664455,894.7435217993502
-0.354863440837935,0.1981280006466351,0.3365158730245808,0.18581250745447306,7.164972001989658,7.378016299571302,1293.3253897567079,1600.411879154277
-0.6237354905777056,0.1696215823012459,0.17166038569330563,0.3769383128120699,6.878594920566532,6.704932911115254,971.2607021507032,816.4232515496986
-0.7092586511127035,0.16967572657627894,0.28757963565657707,0.1499289602185555,6.84587987526875,6.835184586156486,940.0000000044183,930.0000000085414
-0.22000056560574205,0.13815577170555127,0.11768562055678614,0.318243668402105,7.234629352184257,6.964652741654867,1386.6268527061666,1058.547264223316
