xi,sigma1,sigma2,dep,y_CF_star_log,y_CH_star_log,CF_star,CH_star
-0.38035921279664175,0.235505457273022,0.292949480422531,0.148712422562056,7.225816093976383,7.1999111036568815,1374.4598464535716,1339.3116991899117
-0.13218607567423557,0.15986238177946227,0.2711376667904354,0.2443619177961644,7.816024025039102,8.480901233813759,2480.025261111237,4821.793502621931
-0.3894568699371933,0.19345832254453016,0.21821694739295505,0.24679616605020688,7.103388945937461,6.9900304244814135,1216.0813329480818,1085.7545092012967
-0.7588995174644746,0.2920081996930476,0.48688552240230876,0.16335559754337475,6.991428662100615,7.071287315674639,1087.2737138583186,1177.6630830131433
-0.2521853035930205,0.16704378697221686,0.21265763349503433,0.3688999448100397,7.269035283950755,7.272978900635086,1435.1652580263672,1440.8361742931354
-0.5075811050022714,0.21830673184032634,0.282142105518908,0.10106740839899392,7.0367424998972234,6.985575680601377,1137.6755856199243,1080.9285082262575
-0.64666056108323,0.2763381227432191,0.3339931170351319,0.326762179084305,7.033981214829869,6.946208556135466,1134.5384722393192,1039.2021727398874
-0.3106820201855063,0.18280342366954938,0.1646416419322118,0.323850912530922,7.195044144626832,6.959655654693021,1332.8091606514383,1053.270805931048
-0.33500158695369764,0.16014301475821893,0.19725444462199165,0.3411864361761585,7.084686771679684,7.018535926390038,1193.5493234817657,1117.1498302653172
-0.8205006273515212,0.33811849807146077,0.35496671516189215,0.20029858165744616,7.0187382295222855,6.862341591086976,1117.3758560372592,955.6020790393745
-0.715320529933188,0.31406300490739547,0.40261990271772535,0.3953949489276959,7.045702319843435,6.9925719139329185,1147.9147560876029,1088.517452341586
-0.36184014510954143,0.15517548704396966,0.2131721247477008,0.39334298486472913,7.035501128088571,7.018852905130723,1136.2641834392305,1117.5039991407075
-0.5912067893266353,0.19957130369767323,0.29111116277123583,0.29390933142260023,6.944216173769126,6.922121067511413,1037.133745888684,1014.4694723744212
-1.122183167683445,0.34601594913001266,0.33690770447360974,0.2910322356144038,6.914991960602391,6.729944712364384,1007.2629296787696,837.1009833405859
-1.1851714715640438,0.39835964782481725,0.5176271553586679,0.31850153784207047,6.942770028248675,6.86647244398386,1035.6349835433855,959.5576950649358
-0.5768633677668784,0.2725573828966402,0.34113399039138115,0.22345881451254457,7.079131883123692,7.021079598048075,1186.9376705026677,1119.9951098206832
-0.5809501255555327,0.249263675567169,0.2596981254165807,0.2515810467732901,7.0357122770770335,6.876742576912289,1136.5041298035144,969.463258807789
-0.35381299526554855,0.20143963036816437,0.2036785254064968,0.3667036005446266,7.1759894503396495,7.005386647227282,1307.6533191172423,1102.5562729327453
-0.49402177655609464,0.23840842459285685,0.28603201414715673,0.3191824130280202,7.089237059705777,7.0087061294801565,1198.9926917315101,1106.2222701536077
-0.286340059609091,0.18450897122278193,0.214399715782125,0.4304971920710437,7.251020280535249,7.17847854470561,1409.542243321347,1310.912245831967
-0.45926634794009913,0.20625896600898486,0.3104055731707227,0.27635714860998745,7.055755518940527,7.105592148795341,1159.5131745978556,1218.7635604769425
-0.534026191486065,0.19813195483829224,0.2543349630769294,0.35710303221150275,6.9776656120276845,6.905978820992293,1072.4120170234194,998.225118977707
-0.47779448200162666,0.24994079986062995,0.3392226177905725,0.24425881665302035,7.129763803612866,7.139695483558217,1248.5820215195845,1261.0443218940477
-0.5551795098176795,0.2201921960176232,0.2608950619275143,0.3338158875752819,7.003264600317955,6.899648676278446,1100.2190774976327,991.9261671893836
-0.6440982574159102,0.23885658805315693,0.33647954467575997,0.385180847422651,6.977488929050024,6.9521235379813255,1072.2225568126623,1045.3672499108027
-0.4995200311954354,0.2379924320268424,0.2946034843659853,0.18047794074245854,7.083092405056359,7.01949259216421,1191.647884475347,1118.2190806486271
-0.0023226422519747646,0.12557189793691512,0.1742589727197115,0.23112188033184236,60.670894402091115,81.45589820683495,22337504395002427e10,23760036840928997e19
-0.38789365254966846,0.1952732218790143,0.25313516797263524,0.3479896992632232,7.110069668820479,7.082308573809974,1224.2328339782848,1190.7141996022997
-0.5750825584673841,0.22878246159036258,0.3214395235142494,0.16069037988641477,7.004475608342952,6.988664483032677,1101.5522587133826,1084.2724445512295
-0.6574915404464658,0.27485279656221717,0.3408941585774441,0.26176362288255933,7.024682631719233,6.948196352047223,1124.0377684570608,1041.2699490481218
-0.17284626680013876,0.1347471891894056,0.09139808918340656,0.5638084819613657,7.386228430403009,6.958502024954598,1613.6087840798978,1052.0564220160932
-0.5103683561707164,0.17866389302436073,0.1891534012678761,0.32125886645130375,6.956718702132221,6.8003408125730616,1050.181937690399,898.1533414459482
-0.6180625256713291,0.19428427108265986,0.3155379568800575,0.24564255831368834,6.920994225859302,6.940247044060594,1013.3269697488211,1033.0253862259378
-0.2101152590183934,0.13633371578715894,0.17995578917375313,0.21852362343203832,7.255502232565892,7.286181736013462,1415.8739225832694,1459.9854311868653
-0.4102982116120667,0.2153059225710777,0.26720301295753557,0.24620186772776054,7.131404904784821,7.080960466654934,1250.6327532072162,1189.110070781923
-0.5860681103653871,0.16155053099820638,0.22341508106607644,0.3488324956811535,6.8823016474208485,6.8109295748089265,974.8675810054406,907.7142031438582
-0.17695940379134237,0.12640256944847617,0.162264382472604,0.23310783570718951,7.320952827031707,7.346677712504791,1511.6436186883316,1551.034974402442
-0.320290381365349,0.17839801461804855,0.2581182886909935,0.1661012860961174,7.163638547377109,7.235607833445487,1291.6019483710136,1387.984305110423
-0.3976750046132031,0.22961252247905115,0.24271269357107117,0.2635526502645726,7.184037549787694,7.040048743785031,1318.219906511379,1141.4432435370686
-0.2727472378963436,0.1428670252954027,0.18762425643691646,0.17137006236993968,7.130457599968245,7.117624726444338,1249.448583749605,1233.517010668114
-0.6507224468663175,0.17973474061168276,0.2271662094841094,0.3225316058665484,6.882858178526175,6.778817946330916,975.4102761371979,879.0290502396374
-0.5799964858638871,0.23902626108148992,0.2565650040318719,0.30569148721224815,7.018766926397887,6.872075613438348,1117.4079216932894,964.9493505051387
-0.44761017058322505,0.12681857060957233,0.1540868630035017,0.6586669454068088,6.889973888258718,6.773962913800953,982.3757653415261,874.771678807
-0.1869766833428876,0.13348231875463645,0.18187686457052576,0.24509874562852454,7.320548391943205,7.402444319012974,1511.032380579024,1639.9881890818874
-0.3191573089913007,0.12320769074756355,0.14829544534021732,0.3786014633351748,6.992690822826474,6.894366350169079,1088.6468944432158,986.700304205536
-0.38647458027453085,0.21686588154579312,0.19987855313483133,0.26593558346138985,7.167788984490572,6.946903694897199,1296.9738010904512,1039.9248135901696
-0.5685316503472836,0.23905874725158646,0.29935266420822576,0.3435582727559224,7.027134687114847,6.956255976095786,1126.7973532768194,1049.6961035775512
-0.12002619195457676,0.13449113149197145,0.16859176180797553,0.297006369874124,7.727165044679012,7.834344244204994,2269.1601060596845,2525.8786066270795
-0.5804998602482698,0.1970592413928542,0.2977743667338585,0.2911068792043858,6.946114938710947,6.942681473596735,1039.104889862678,1035.5432773084474
-0.5279403368803538,0.19787491013878367,0.22546524543755475,0.42244697694422606,6.981455625972043,6.85678524605726,1076.484185435113,950.3071480314263
-0.09673904686490536,0.10580542802996044,0.16235449581953043,0.20862400853935031,7.700370162349274,8.107992120587044,2209.1655904806726,3320.9033576835877
-0.5408703605879207,0.1995305883341798,0.20784622516847737,0.196598125745291,6.975556680015499,6.8140005189572435,1070.1527561416212,910.5060273383632
-0.702180285129626,0.23314452521983817,0.303786332280075,0.19499876869332805,6.938679623875746,6.862352433867561,1031.4074696928653,955.6124404792178
-0.4859411392317436,0.20590826586575794,0.1964408189952298,0.5555500325683365,7.030381064780119,6.833967653663445,1130.4613071088716,928.8689411407308
-0.23385158886813956,0.14920831392045436,0.2008583808714887,0.28564350384562875,7.244697225530445,7.288633380842447,1400.6577483613078,1463.5691881742391
-1.0340504330497038,0.30977854046756326,0.42521645482541925,0.22551858156919802,6.906227973283454,6.840933903597993,998.4738600391108,935.362265140775
-0.4211293775042334,0.2382508809593474,0.26026461665317746,0.2802858665469234,7.172392909660799,7.047735295875453,1302.9587379476832,1150.250813042854
-0.22879501572766703,0.18153801552510387,0.21377789246303797,0.1915440869199122,7.400102853633887,7.364083768201368,1636.1527055932636,1578.2687038784009
-0.4591340991766624,0.17684345021711373,0.22027340210912172,0.30371474662262954,6.99181750558102,6.909477793755885,1087.696575361509,1001.7239991544876
-0.3759060116310349,0.17995057521008345,0.2114893206039177,0.6033750281221061,7.085361804640517,6.99233171104461,1194.3552806087039,1088.2560187053734
-1.2555806592833116,0.2130689447287717,0.2371402604917125,0.23121871311850814,6.776347722675395,6.618588475612796,876.8603315986845,748.887278062571
-0.7435329052748441,0.22428489521646333,0.2532051147728401,0.391652121983769,6.908297757711621,6.770262731708918,1000.5426258976803,871.5408453287527
-0.33400944867742666,0.15872306739536587,0.18368222834183046,0.2855276200320123,7.081855507556218,6.979650712227736,1190.1748493705127,1074.5429767174317
-0.13659169135242277,0.1423474885094028,0.191830625455492,0.34929758451827164,7.648788892440086,7.83412865956502,2098.103021638444,2525.3341246901327
-0.5886006454776329,0.23790627088121546,0.27443116505146503,0.3076714719068351,7.010839805610136,6.895962876105362,1108.585110077041,988.2768549997832
-0.3115536061651799,0.17147054686949545,0.2364563671967963,0.18890221271066165,7.1570227175262104,7.188678329799086,1283.0851336086666,1324.351692233507
-0.2629954083801703,0.1676831374871498,0.20985989615182857,0.4032819362060266,7.244239787172378,7.227679782534142,1400.017180302054,1377.023800005832
-0.007570761153593895,0.07757759129508857,0.11386564001719529,0.36899562689737747,16.85365041790701,21.469903378589542,20866392.699665174,2109893646.3478246
-0.4252538852476862,0.1756072025877955,0.23583976038835625,0.32492324519565097,7.019596919149318,6.984305264482907,1118.335747159629,1079.556151143349
-0.4621178238663563,0.2232670677603134,0.34597108217146094,0.2700658345277922,7.089789022723339,7.17838370240698,1199.6546740337412,1310.7879217969523
-0.37555478933708586,0.1883592465726413,0.25461095062802996,0.27767470406968175,7.108199499162977,7.107679013790123,1221.9454504427856,1221.3096111962727
-0.5315709953737245,0.28078700337947854,0.30747911646913995,0.1409712478040599,7.134871262636122,7.008154191643037,1254.9754161339351,1105.6118726926684
-1.049966648131873,0.2704619583907538,0.5055524062617083,0.19291564598685412,6.864241185752312,6.911213254209266,957.4190608690219,1003.4639609209364
-0.09335123935344074,0.12339543021669075,0.18239158535769892,0.5356031721272244,7.928490486030749,8.383540194517675,2775.2343859823072,4374.468013647638
-0.3461496480984777,0.18727104569545386,0.19899806897451053,0.3659139540700775,7.147661990555665,7.0046097605157405,1271.130563020015,1101.7000442549827
-0.31628737380681415,0.159068586061849,0.25553419791984,0.30059942357423675,7.109574422936817,7.237637273948114,1223.626687814699,1390.8039969068218
-0.6412645662983467,0.257574124745924,0.2939243882741971,0.35415235361289593,7.008316110502675,6.888070685514789,1105.7909066003895,980.507883132449
-0.6095002710065398,0.224653353425121,0.3047580302866303,0.2722641027020758,6.975236328176666,6.929732430918301,1069.8099856448698,1022.2204284460153
-0.4158823058789699,0.22304705140841527,0.2945879466216088,0.3170532553170291,7.142972718451671,7.138063984302743,1265.1838397291358,1258.988606426875
-0.3646170691080358,0.09766355376366134,0.19283212537909822,0.3444929709099219,6.874502577208258,6.958581513628487,967.2940917687541,1052.1400519097065
-0.14196813557418086,0.1327749141415559,0.13757275255594986,0.30616293733173394,7.541894659224197,7.398759129081577,1885.3988315466142,1633.955643485162
-0.37714536112220737,0.173995139034415,0.25692292860841215,0.3857673795020451,7.067997870594192,7.110949993095534,1173.7955894195234,1225.311030371954
-0.6153440036452504,0.23158501270085258,0.355720707844143,0.2872132483952223,6.983000668739624,7.007803778425394,1078.1486850706788,1105.2245195496887
-0.19508329739125888,0.11736222176915112,0.16034740253869584,0.25591076549519937,7.208250750360146,7.251662743725811,1350.527789696571,1410.4481132911205
-0.18309050120769027,0.12363085644509822,0.1484654400210184,0.19949374620920302,7.281894699865566,7.240605018477991,1453.7398180181826,1394.9376786825596
-0.6175880226241648,0.22149644259653484,0.22365498487335517,0.1951031298240213,6.9652977546134585,6.791862163259996,1059.2302611732832,890.5704061853523
-0.07565103326766304,0.10288670747025379,0.14508829908073373,0.42656645943078675,7.966667399793004,8.34758223303143,2883.232673700226,4219.965505866769
-0.04258684862190293,0.1282403613609543,0.1748103679531034,0.3458974966352917,9.61791693898158,10.53451646607446,15031.705343944552,37590.86944857028
-0.44468506334836694,0.13281763512530054,0.3608809736931945,0.37169554399322097,6.9053281632033725,7.241262305621093,997.5758272852033,1395.8548546751592
-0.6016565651540958,0.12101656069342365,0.21302754458540687,0.3871635136816718,6.807789121102763,6.7837878235426,904.8680401711637,883.4085905592142
-0.5118740613506894,0.21918868437737427,0.2515445702328124,0.2750659532810115,7.034858413430902,6.921138343001855,1135.5341244284944,1013.4730180599531
-0.5073206225798608,0.23165382697455972,0.20718065772231956,0.28779854490049295,7.063272323489891,6.838101571139849,1168.2618483456872,932.7167564856562
-0.15565313284444254,0.1217386217920638,0.10430763074271021,0.4159791373679902,7.3887650050096525,7.099848172762897,1617.7070186881624,1211.7830788483254
-0.5783333661345458,0.22641477726364842,0.2737239219402056,0.29396641991646155,6.998145456092386,6.903017298930428,1094.601288763718,995.2732264700317
-0.8723095343018568,0.23069641977233757,0.3429905722816776,0.308157113526211,6.871116422895918,6.822917716501802,964.0242239714512,918.6614973772823
-0.5394114572805093,0.1960581941478638,0.28018511070679897,0.4698696716458015,6.970117056435471,6.949146914970821,1064.3473319512018,1042.260212234314
-0.534172713480561,0.21731278188654413,0.2670553763784004,0.15940665614412566,7.013471381669953,6.929661481138326,1111.506278065058,1022.1479047043335
-0.37021148688761324,0.16284489737190821,0.20378873219422794,0.27975498397304444,7.046520106877753,6.980185196721965,1148.853889845,1075.1174567885384
-0.2959669289487154,0.12943050223265162,0.26738324142221925,0.33403689985143115,7.043964256024845,7.333142175878972,1145.9213398273805,1530.182327946531
-0.5802190093481989,0.17016759339745285,0.1781268453178924,0.5098769602004962,6.899931844771611,6.736718804927781,992.2070891997323,842.7908329123566
-0.5464449409788235,0.16926014140924245,0.20830812273602425,0.4394602963601232,6.916398028507916,6.8109255376338895,1008.6802059164321,907.710538550134
-0.2678699848846848,0.151825109778307,0.18246630242758077,0.32140528896520937,7.173436755599285,7.110894349147338,1304.3195362426297,1225.242851125354
-1.0773969586521934,0.31329292737151127,0.2807954807331429,0.482513834722844,6.897437091484671,6.6903434555603045,989.734862382834,804.5985485388078
-0.6962996073920891,0.2200306604683561,0.3074554589104541,0.3797779576481467,6.922650163984295,6.871275750147338,1015.0063666160003,964.1778315379694
-0.415213743654181,0.2164934708091187,0.24918292087365468,0.16187065802449216,7.128052654487968,7.029851156438472,1246.4473383875534,1129.8624249226718
-0.1300155763457279,0.13230842158232461,0.16557190129613303,0.25963097925025297,7.624285344238816,7.703196902435245,2047.316815322508,2215.419161858203
-1.1690778315356203,0.40674397197477485,0.29004695310039175,0.21962104219691214,6.9545688285699585,6.677818402915171,1047.926604516246,794.5837581722463
-0.49898521578203947,0.18386018429691825,0.17696739145479531,0.37969598116665454,6.9751183862204575,6.7843740566872075,1069.6838176027907,883.926625785105
-0.5110818566678957,0.18265522813214713,0.22867745285535146,0.5612627119171423,6.964039566684162,6.8771574957889,1057.898388493095,969.8655908758624
-0.5393340488569183,0.23798167465761233,0.27445929762542626,0.3487477116361539,7.047901160732454,6.938605016059821,1150.4416150527113,1031.3305215047264
-0.3282024298217315,0.18293339275556958,0.19609025840982808,0.20916046604052896,7.16402994982438,7.027186896291762,1292.1075834814615,1126.8561839749218
-0.5373734493283575,0.2182212459692056,0.2665205305902999,0.5452974428683057,7.012738812724055,6.925688400440149,1110.6923212587174,1018.0948854113643
-0.7967711030456567,0.288322734833299,0.34016188806546094,0.2571658937042806,6.968514131478341,6.856644961110992,1062.6426296696793,950.1738435947477
-0.5587504322351131,0.2301953116968584,0.25402950397169843,0.348069406930965,7.018632528253918,6.884358059624712,1117.257754233898,976.8743732850396
-0.2732599608002563,0.17281010183537884,0.2203308414027595,0.40056795211044616,7.239052025565004,7.236024363531724,1392.7730316293294,1388.5625627552197
-0.5116359839600395,0.19737405001862113,0.2866769902655053,0.13874490290003552,6.992420648414252,6.99003384069721,1088.352809637276,1085.7582183793377
-1.2720151044297063,0.27601418354460283,0.4165517648336641,0.747245612678711,6.823639892203594,6.757193391975419,919.3251720048602,860.2244916411555
-0.5348908633848297,0.16949176691020457,0.25676585427945253,0.6739105482016516,6.923521866969967,6.90975357818177,1015.8915364427954,1002.0002971300781
-0.37007633637321646,0.18725087391919804,0.2417968373685226,0.33178795899311714,7.112629238396674,7.083089644146365,1227.3703567352818,1191.644594447335
-0.7521207326754744,0.2619366101264964,0.3394227646273671,0.333482765197225,6.954914233108243,6.881007083713772,1048.2886256395057,973.6063693514211
-0.27971695750871595,0.1999226271255775,0.22000554182374416,0.2855997648003988,7.321382066975762,7.216248631592114,1512.2926157884226,1361.3724599438078
-0.4719545777701581,0.20035260121569867,0.27604162347763206,0.2568085343686908,7.031166888975639,7.014609712141421,1131.350000088587,1112.7722599467781
-0.5439330076626513,0.19165786788992722,0.21256139417511904,0.24335657023362395,6.9590058351291475,6.820505459365261,1052.5865922870794,916.4481203147764
-0.8511141027310429,0.21122352209072826,0.24533536623991564,0.5293229736436065,6.8548231649010205,6.717971506119376,948.4443963162494,827.137964282798
-0.29239373385405376,0.09763514198871273,0.13262461179843738,0.30302987266861964,6.940566856373667,6.883301742098996,1033.3558132986768,975.8430285737609
-0.45966490886683264,0.22883291252524435,0.26537784642257445,0.21019829699092102,7.104475684971581,7.0070484002681255,1217.4036143585379,1104.3899723277966
-0.703737407157556,0.2731411518166799,0.3941538319700968,0.20512983316761288,6.9947795495639,6.989805993209777,1090.9231567366423,1085.5108592784654
-0.3267417862747683,0.10935094581804164,0.19111823921873036,0.41388142479391554,6.941321019288675,7.01464080505304,1034.135425871569,1112.806859814212
-0.4262354959114065,0.23090487934512197,0.3157018799215905,0.28731260488201427,7.148380946681654,7.1703942527819935,1272.0447787263417,1300.3571711889583
-0.5167690728538695,0.1904597124282489,0.23295517394893284,0.2593969249924232,6.9752088373118175,6.88051111048423,1069.7805760473905,973.123606384761
-0.6639309448345287,0.23651562826206482,0.34085062933349564,0.4279223192833574,6.962885469554395,6.943102130234157,1056.6781752570841,1035.9789770949644
-0.05973448746237429,0.11248744715608956,0.137955009038141,0.28565943766039825,8.489774189345367,8.73918951618145,4864.767432897407,6242.833945398762
-0.6318660991514121,0.13992041987304354,0.25787769944586814,0.5014607705133529,6.828090171759958,6.8378402805195915,923.4255431551215,932.4730781826432
-0.8011815190949904,0.28535038382258643,0.28954473658297986,0.31418111582637553,6.962812150773879,6.791116651690931,1056.6007037419695,889.906723066935
-0.5106391957331586,0.22051278696783852,0.2648827192964305,0.1706454835742923,7.038486968040302,6.948447224576731,1139.6619565128294,1041.531207844098
-0.13079873347003798,0.10534167858099877,0.0967101892195675,0.32326176317410416,7.412022499723937,7.169101172753489,1655.7717606036558,1298.676791967518
-0.34958986794011515,0.165407879699367,0.18446105914887828,0.41420069064504006,7.079798566252816,6.957369378866574,1187.7292456584953,1050.8654890054431
-0.5697156309043274,0.17974566930448155,0.2676500795426367,0.5507503535410239,6.922150866808234,6.899515399063434,1014.4997033017726,991.7939748416329
-0.3382439014566663,0.14851605657249292,0.19202123724370745,0.3035414083104808,7.0457299624570044,6.997419993604259,1147.9464878901895,1093.807484561665
-0.49606078917106305,0.18906771651926568,0.19963094983095545,0.29083366528676685,6.987788386690145,6.832151910089546,1083.3229334205969,927.1838836090116
-0.3136447448478304,0.15861173564134678,0.1785939105782678,0.1950310227478378,7.112355249799073,6.999134121555373,1227.0341173174895,1095.6840183941613
-0.1551528761144127,0.12412336488102643,0.2205233888197764,0.3266766045106311,7.406657043882861,7.851049164877545,1646.9115810459625,2568.42760777121
-0.5369422535305619,0.2092953168276495,0.23837218387207332,0.3364209435606057,6.99644129585939,6.873663277031864,1092.7375013237015,966.48258226458
-0.4156126959904539,0.16831258628777224,0.16880095353095526,0.3318875797142332,7.011624788542024,6.83586913409977,1109.4556721104623,930.6368475472688
-0.5539668539321935,0.2404171913402063,0.31142120479647983,0.286698148858755,7.040642201485169,6.991885251290615,1142.1208428625976,1087.770264633869
-0.6797345749931182,0.16877601142542703,0.2722643323707855,0.19688987065607855,6.854947120964459,6.830264547228154,948.5619690367823,925.4356015217171
-0.6325013265949764,0.21975520152828892,0.24887188453627046,0.5264488237162974,6.954088511286519,6.823191988011652,1047.4233881177627,918.9134946094595
-0.36062877680830935,0.1729397438318026,0.20966450672,0.36064181198628575,7.086200779366014,7.011105435575871,1195.357734960531,1108.8796226157915
-0.5731092225074816,0.15679324461547003,0.24376097267798275,0.5041848868390628,6.8802337169769805,6.855050223217995,972.8537056506849,948.6597729552237
-0.7075630799355939,0.32319084809784865,0.382012849370145,0.40557715887756707,7.0634163138589,6.969618831471934,1168.430078911829,1063.8171796190793
-1.228376707058945,0.3709330599478276,0.453168498012992,0.31014738910449285,6.908620304824071,6.798636028970811,1000.8654000846896,896.6234887615454
-0.6415399412137288,0.2827168531645229,0.37144070608690394,0.3711055413977238,7.047334912124478,7.008702456689189,1149.790363492176,1106.2182072379073
-0.3824782534016795,0.17664833448613218,0.24944689391048636,0.4665924503950195,7.0685021553364855,7.08190529956483,1174.3876659008592,1190.234112042253
-0.1417386257014266,0.13342223566681163,0.14462253659298546,0.3935842759566207,7.547976059837392,7.450066161078339,1896.8996322000694,1719.976937140467
-0.6512210736843622,0.160373246531692,0.237231044451723,0.440580066495046,6.852915629704767,6.794005976185703,946.6369296997477,892.4816704979503
-0.1924767104289044,0.1531112360107476,0.19325267828085962,0.349530145146559,7.402129471300102,7.433750967616376,1639.4719238281486,1692.1428572762043
-0.3659624548868153,0.1951973676596219,0.23978427265478036,0.3511949490879853,7.140031042767211,7.084934977478666,1261.4675479339346,1193.845606113237
-0.6009206855128332,0.2527354475194776,0.2964096666992314,0.2278505159034512,7.027230561632937,6.922978694846214,1126.9053896089326,1015.3398823145785
-0.5680227755059382,0.2033775218192938,0.24775605842142367,0.34040823925360075,6.964694846710543,6.865892232205108,1058.59183535314,959.0011098721237
-0.2647785813001915,0.1643218422604247,0.22100076781088995,0.3257126886044655,7.227251148154899,7.264382035432068,1376.4336867445647,1428.5025909602819
-0.19030348746307138,0.15127453132842772,0.21812916789228368,0.16012872845734386,7.401562215110889,7.575936874263219,1638.5421869567456,1950.6869552490973
-0.31209760524414365,0.18802638262359775,0.16539081057175614,0.3457885622938395,7.2091103764214335,6.959652447061365,1351.6892377150582,1053.2674274316869
-0.37620533635255143,0.15688051090923577,0.2007332614716254,0.3449256664053664,7.023657856611001,6.963293146658004,1122.8864725416856,1057.109046577238
-0.6278767507785116,0.22284294865685167,0.3052715230683675,0.30098136752458704,6.96156530031981,6.915916048767163,1055.284101648268,1008.1941596339216
-1.225135746417648,0.3120201285366474,0.7060575862303113,0.12646059156669903,6.8613322730192134,7.006029154982983,954.6380591785796,1103.264901514503
-0.5409839857206822,0.2184111782306005,0.2605603428005649,0.2857897814118211,7.010379656932251,6.911360986250243,1108.075113450452,1003.6122156506477
-0.35919606811049065,0.19414391425928867,0.21161607207848215,0.30147308960534236,7.147145841622731,7.018857530667787,1270.4746396279331,1117.509168208829
-0.3378842141322824,0.19194302116277082,0.3176247134325881,0.29353199408473757,7.1747235472331425,7.36975958689204,1305.9990040405564,1587.2521409500841
-0.20398714813075894,0.14327971737750944,0.21391155012464572,0.24728998955797632,7.309045992455896,7.4783715724716995,1493.7514590599756,1769.3571587838694
-0.6115185814169241,0.21203818231270305,0.25265297437593104,0.24510753041490896,6.95339056131715,6.842876137629954,1046.692594054622,937.1807229280007
-0.41532806332007743,0.1654236507965972,0.22463697779127262,0.2506135284750902,7.004946534088176,6.970585837984946,1102.0711301971005,1064.8463953093617
-0.3388598174436101,0.15879127371690416,0.22927235792773004,0.5433475023555927,7.075254799500672,7.106318903894295,1182.3447232724059,1219.649625045911
-0.33099215083928213,0.1551695325078145,0.20710030567961174,0.35439369735791026,7.075451431527925,7.055414997266638,1182.5772329709318,1159.118402448796
-0.5550981522902048,0.2314070016903964,0.29629826759467404,0.38752997180220267,7.023526013897633,6.963495831594301,1122.7384379012003,1057.3233283721147
-0.44760891425294663,0.13994027012196114,0.23082610096273393,0.4861304930883787,6.919289782206976,6.945406484290967,1011.6012821139476,1038.3689921164166
-0.578831848317134,0.24849320583299922,0.3575577563353546,0.18665610426699755,7.035951384042556,7.047442496174542,1136.775908348072,1149.9140692504682
-0.5134860249962847,0.23456578837740685,0.38394215784742136,0.2593503718960975,7.063460648331248,7.17743633722766,1168.4818817911719,1309.5467149932542
-0.24282357572209673,0.1447246523696399,0.1624921424652041,0.5294362264294106,7.202657604091082,7.098897262700256,1342.9951753722817,1210.6313298165699
-0.49478439904919314,0.19457304370723183,0.23400901336043148,0.348568153092241,6.99989832433906,6.902670957128044,1096.521663195538,994.9285814328481
-0.2938662396016436,0.1630593944945555,0.23510182358646656,0.3649822042051883,7.161526427564334,7.229749532206515,1288.8768092289104,1379.8768460918407
-0.43057002086942375,0.17857217109561904,0.16164902443419754,0.38353631792763526,7.021384520778777,6.805149760221323,1120.3366738606155,902.4829158495962
-0.35186524905136085,0.19780617739753276,0.18118739260952144,0.3562319292891959,7.16881475894538,6.944653513434813,1298.3048862640337,1037.5874248130465
-0.6055916616647344,0.2361323210987819,0.2977460231484563,0.24775583274408758,6.996570219855331,6.921380843273214,1092.8783904906882,1013.7188153435968
-0.41136244305134273,0.20632494110910082,0.237431702893524,0.33052934819138247,7.108215033923872,7.006903192557018,1221.9644332206315,1104.2296180303667
-0.38664090035592646,0.1719520609131236,0.11848794867141833,0.5295025255725527,7.051383427701717,6.736174249281246,1154.4547432253876,842.3320113437228
-0.07366561419162806,0.12348303494431057,0.17219333390088915,0.22699822182823365,8.282914428332834,8.767218944926885,3955.7062209037554,6420.29242637898
-0.5720820521502066,0.2148615088789487,0.24345432346383428,0.2670922165033813,6.982228318865335,6.855277879231407,1077.3162985574872,948.8757656423035
-0.5337981259682099,0.1965267768116935,0.2719366336106891,0.303940546158982,6.974817040390951,6.939156698556626,1069.361521409211,1031.8996454752937
-0.25220352051827055,0.13783728855880614,0.16942429272520595,0.3055747956780605,7.153182162736666,7.101495559423903,1278.1668254147999,1213.7809993504013
-0.42126375306496655,0.21536927752682689,0.2601296595961118,0.17150914476455298,7.117895874819361,7.047217797568174,1233.851522150193,1149.6557141887633
-0.6478692016988995,0.3065741482970294,0.38503361278065446,0.135410865671095,7.079853955559536,7.0240271126218365,1187.7950349799798,1123.3011816833673
-0.3974044092263883,0.15989921910025276,0.21757575202118967,0.2548516115533163,7.009009131866489,6.977211521332608,1106.5575089277881,1071.9251552532662
-0.7357673293769977,0.22118918522771008,0.2564089910365217,0.47429031042160585,6.907274006251491,6.778211427598291,999.5188430624978,878.4960643034615
-0.5066457761981764,0.20195666141017082,0.20202545016540913,0.24055126552345824,7.005265295408511,6.828470360127585,1102.422483841666,923.7766855508963
-0.5676276142681393,0.20519438742537785,0.28030888794294373,0.3385171712503039,6.9681449096181485,6.92354479748621,1062.2503512045814,1015.9148316272574
-0.43395306655316823,0.17123796378726439,0.22170773888983986,0.38353319086209947,7.001250379134712,6.94062205248304,1098.0052232700527,1033.412852093315
-1.0806459585819872,0.27692036506494133,0.22039692348965728,0.35904413288868686,6.8629046633151365,6.633668719452912,956.1403035466703,760.2662641227241
-0.795358129185304,0.2651835497136892,0.22226268773094812,0.22082739436172574,6.9400642043403575,6.709169300169723,1032.8365254194782,819.8892746037197
-0.4658173498804867,0.18795064371361064,0.2585106118476679,0.387519607680283,7.01013589526816,6.984680799067633,1107.8050401349572,1079.9616379466518
-0.15967237802288595,0.1285684270708868,0.18104285360434352,0.3067004273650343,7.411851615918633,7.5635590052389805,1655.4888401984347,1926.6904269301936
-0.8623412438406372,0.313920228999651,0.3715256227705918,0.3457352210947563,6.970682674777255,6.860553124723965,1064.9495166114723,953.8945442539981
-0.7035287504693017,0.2280833705921682,0.3225436006319627,0.39069512665683587,6.930849261843696,6.888184893158,1023.3627135840268,980.6198710217461
-0.027752278232554873,0.10569033026259492,0.1481584807963739,0.17786590593654944,10.414998076664903,11.768325539669647,33356.1711653531,129097.80052072374
-0.8276467619818172,0.17278235481907864,0.23622008354194873,0.47081370796208866,6.815413589567725,6.715131195202526,911.7935461094894,824.791968548918
-1.1095663962665914,0.26231212312936963,0.22065275553984826,0.3058804992253693,6.843059763860249,6.628583427310032,937.3528296924318,756.4099017384709
-0.23388650867147845,0.16106198441168484,0.22393765646060465,0.2626637657460491,7.295283255829075,7.387182384867816,1473.3341722870548,1615.1488278329389
-0.40443172200533484,0.14769706791893497,0.16744100975909476,0.49505629402732965,6.971846732073978,6.843734998208661,1066.189900665917,937.9859762567187
-0.4788256435545616,0.14893755021269073,0.20553755096291526,0.36110145588653386,6.917697750624909,6.8589729103263215,1009.9920622286926,952.3883767085729
-0.5547395200488413,0.2315889274019947,0.28583198093679396,0.2570159486667527,7.024123466958174,6.944973882325366,1123.4094218378557,1037.9198887979012
-0.3583106970749535,0.1853538019432795,0.2405775667096977,0.2119350763862838,7.12394928850357,7.1011411483203695,1241.3431880381386,1213.350898107804
-0.2776835924657689,0.17835201574379758,0.23243366379272942,0.16767602404957455,7.2489352206148014,7.266764482134517,1406.6063251299481,1431.909979596756
-0.7046584811146692,0.24134642099421044,0.28980772039168534,0.39094273961511294,6.9491514509420025,6.840993489718172,1042.264939907323,935.4180014096544
-0.5690770453200136,0.22235666887600108,0.2788841267875125,0.24840780529437492,6.99738228601602,6.919783396591124,1093.7662404970358,1012.1007463190386
-0.8608220332539814,0.334947321731283,0.3087272256621312,0.38736941013276904,6.995751892232798,6.788361814940199,1091.9844237444097,887.458549029703
-0.8365965010816248,0.32972488330629923,0.34242544965470123,0.31600630008204156,7.000776724953759,6.839027249721165,1097.4852716536925,933.5805521464597
-0.6715637207279377,0.2802724909332338,0.3345536181823592,0.474313107490342,7.023993294949585,6.927890549311007,1123.263194894481,1020.3393523318093
-1.083235377176879,0.3529207936736034,0.37747583831120496,0.266676784047519,6.9324526859221285,6.778190222500032,1025.0049142201406,878.4774359056073
-0.31739560920349674,0.14020029410165705,0.20632859241037288,0.44763398423574874,7.048371149047982,7.079787048060518,1150.9824362493496,1187.715565243433
-0.6015281800106003,0.20516255554145776,0.2674116373184779,0.3777643613907823,6.947719087638282,6.8742732765224694,1040.773106533397,967.0723159977924
-0.806788212952396,0.33963599522337223,0.3815804486922406,0.3033484973501024,7.027623112885498,6.902681827471423,1127.3478445685835,994.9393967069489
-0.5496308797868564,0.1706145199524653,0.1626503668332129,0.47001964773540633,6.917066733424653,6.725646022225097,1009.3549409037018,833.5102688118017
-0.22581279959119854,0.1570775993145456,0.22006562397656304,0.36662448381932744,7.302259999277509,7.404268415809539,1483.6491875884217,1642.9824163339333
-0.6832226903684757,0.28637507657432537,0.29454546968346373,0.4099660482416536,7.025803531968798,6.860831432948904,1125.2984090664406,954.1600578969906
-0.37297464558637267,0.16897049361906394,0.21390377185606144,0.4764116976896332,7.05968498526188,7.003227019067221,1164.0784061542292,1100.177730665556
-0.6916925281930847,0.3044163930534825,0.4017376713718886,0.3280786301624981,7.04675381699601,7.010523310663081,1149.122420001341,1108.234304008424
-0.46452041938098604,0.19924871014764256,0.25369411233164835,0.16246224797369668,7.035584419946559,6.975861481160804,1136.3588289357797,1070.4789896429909
-0.03480158286364182,0.1041915904646313,0.11388574499224652,0.42773710681408605,9.600525231275062,9.702149511996762,14772.538527546167,16352.719814421582
-1.0940443238459485,0.3661730290629059,0.3674367603255181,0.1749181545619008,6.941346890053576,6.765571282501547,1034.162180092122,867.4616319138656
-0.8679738861384902,0.22646879680962176,0.3279751691206756,0.23854457369656465,6.867566787983499,6.8075824234093,960.6083560582592,904.6810253628022
-1.0957169825698436,0.26769207805924544,0.31874815898226727,0.4608523808623625,6.850957869950102,6.720623209616511,944.7854549792143,829.3341995107087
-1.1948692276385484,0.44786877850047846,0.506702643130769,0.15006431118735275,6.981476793278568,6.85378483298361,1076.5069719469996,947.4601073254357
-0.4234715973737422,0.1910170435327744,0.2148558199369687,0.3269181619690691,7.0577242244983305,6.937087200619464,1161.798163125826,1029.766339485178
-0.5250330050175728,0.2547820325212064,0.29822510792029405,0.2688113974959475,7.0919187885267085,6.997731593601877,1202.212380225149,1094.1483680781419
-0.18870891730027045,0.14827834166741555,0.17601214140999294,0.39862651153869244,7.392401828403218,7.362437146753888,1623.601044687044,1575.6720312358505
-0.5633660533412898,0.23173492399925527,0.28648889533402233,0.2787361633475127,7.017990064816832,6.938250110360475,1116.5401875068767,1030.9645613692448
-0.00371652319948298,0.08566238278014313,0.30088539175844764,0.23834905950975693,29.655714643016342,87.38855536000133,7573789427611.658,8961224846135418e22
-0.5350167197034923,0.17594750899138598,0.27854086856887994,0.3281604220522053,6.935513757207541,6.950340345221098,1028.1473344629057,1043.5048196285895
-0.3334626841961531,0.2441624427931908,0.19535138916154066,0.28669535024859466,7.338853381232676,7.015546313903713,1538.946516668401,1113.8149726335205
-0.4561269610555,0.19545541932562577,0.24561208072721,0.36026533316930115,7.0351611842618516,6.968192538607299,1135.877983091479,1062.300946319922
-0.2616688652144872,0.12890488493127877,0.20093536441424945,0.3055348650273416,7.099276180603843,7.197618877341171,1211.0901466235416,1336.2452095548967
-0.20391437708030913,0.15249000821607378,0.18995173545265273,0.4215800639890839,7.354464099074096,7.361246416808357,1563.1590724982032,1573.7969479443823
-0.36451993754350664,0.17903932373062026,0.2335593449761673,0.3436991242485058,7.0978148806101675,7.070450809636854,1209.3216730498511,1176.6783726492283
-0.5679702741779724,0.2166165330585762,0.27685236303846034,0.3688892083116995,6.988037281450844,6.917161120014416,1083.5926003808254,1009.4502149706612
-0.041104285495757724,0.09714368586339577,0.1166530160659336,0.35792168054722917,8.969997090097609,9.26769645924644,7863.578723204411,10590.3285137893
-0.5757545520270217,0.1608736091552197,0.25097614561569853,0.5955102908499212,6.886063711612548,6.865627704438917,978.5420027951976,958.747461000818
-0.4806952454687492,0.1940911366952675,0.10037896636436383,0.5879996995252543,7.010421886719197,6.638539863326034,1108.1219082144721,763.9786649557695
-0.31828981075027585,0.17299806828828956,0.22395805053483234,0.28895745245194304,7.150173926026697,7.133348821394227,1274.3275746319648,1253.0662434732078
-0.2614769629601642,0.17056448523085263,0.1728365373552441,0.28676905396434305,7.258961897715371,7.090720490895385,1420.780855527364,1200.7726347716402
-0.18275512661980006,0.1417561726043478,0.15509034764171037,0.3055200657688211,7.382311997859753,7.278343265016983,1607.30155311008,1448.5861127088572
-0.3534613677493208,0.13645907012541242,0.2332663826271112,0.33496698644188283,6.992715206526522,7.0896682133491495,1088.673440006186,1199.5097532573977
-0.5754723661752593,0.24592409669289703,0.2690627395258083,0.351967899509648,7.033993202383985,6.897270580994906,1134.552072662169,989.5700748659667
-0.36578488337944437,0.16525998437816578,0.1668558059911706,0.30517774551409227,7.058445741146653,6.8858777655266055,1162.6367223233444,978.3600636558075
-0.5191343519735752,0.234451010645505,0.2927383512316071,0.22257907072536043,7.058269328245357,6.993616569646953,1162.4316362964485,1089.6551724774547
-0.27420638959382654,0.18845170050048193,0.21746746639774658,0.30709418853292575,7.293912437014579,7.222798978191831,1471.315881755016,1370.3191915143177
-0.2653497008802786,0.18398814965740556,0.23418632410053136,0.4196665218419119,7.3000300884443385,7.312276810207348,1480.344468176596,1498.5853022185947
-0.17243776060090774,0.13894507263119588,0.14829124146026573,0.30520020673123993,7.412419596256678,7.289689132849681,1656.4293923918108,1465.1151702256084
-0.5720557789513303,0.22315626714489636,0.1966596090616422,0.1562904351788239,6.996745479971801,6.773496459756114,1093.0699452701595,874.3637331704524
-0.5586453062194401,0.23151337561344787,0.28661231950372845,0.1970164419680399,7.021069448359719,6.94276830582459,1119.9837422770463,1035.6331997422826
-0.6419722973530553,0.1613254130944465,0.2835409055072352,0.2674971790757696,6.857946719957717,6.871391037195686,951.4115462219643,964.2889951619898
-0.173245707658354,0.14955069836782908,0.1606779093326305,0.2465340172137113,7.469879067243555,7.35717627627331,1754.394508981993,1567.4043913194864
-0.6725497741870773,0.26634039649838637,0.36491288570672475,0.4451124374350019,7.002666074866554,6.972300711001116,1099.560765405557,1066.6740382989742
-0.23510348842004491,0.14143739166661026,0.1835411463001227,0.44143925357965474,7.208246498601342,7.2104018385330875,1350.5220475903586,1353.4360208616388
-1.1233031230635908,0.38155534840158994,0.4656803348450237,0.35843578095564554,6.946322836053378,6.844282853929139,1039.3209394650785,938.4999980315669
-0.7300811172802613,0.18392942981750443,0.1641199906073954,0.6089591541741848,6.8585803148703395,6.6545164036448625,952.0145467463209,776.282424948003
-0.5532145708108998,0.26118170556698583,0.3088207850925009,0.25028023708328156,7.078766647599705,6.9879491440434744,1186.50423785796,1083.4970995470424
-0.5865249712404541,0.18255536578894618,0.22775668303207755,0.5952427118002328,6.917899279996994,6.818034885225281,1010.1956258061349,914.1867618651742
-0.5063708079739897,0.185643970044567,0.2421832001610102,0.44564564275679847,6.973266837713606,6.907991914655291,1067.7050785584643,1000.2366636735835
-0.3369586457836349,0.20067257489219376,0.22184610539226038,0.14998130084163322,7.202190847947692,7.08809731807447,1342.3684703942108,1197.6269283016761
-0.6519988785680277,0.24781959718350333,0.34399820133442693,0.36243556250653297,6.986742246675044,6.95732498878778,1082.1902185431534,1050.818842038924
-0.15449581050395167,0.1137727949789066,0.2087024666505684,0.35099187452698855,7.343063650147754,7.780581135515799,1545.439554475627,2393.665460435124
-0.2872265613310667,0.15936076596563237,0.23578148486533762,0.18894147970525121,7.161476192634117,7.25060973196509,1288.812064218584,1408.9636765417818
-0.5372621095820905,0.19975835282546178,0.24745136477960278,0.25360857824236366,6.978458190639183,6.890297956153075,1073.2623247741824,982.6941733773925
-0.3581204037071351,0.14262191399105048,0.20139854306273886,0.2912769859759317,7.00490147965896,6.992096100476544,1102.0214781299055,1087.9996442900515
-0.281285191493669,0.17422738621433848,0.22774227439124578,0.30500802341898503,7.226047834859218,7.239368479402836,1374.778401901544,1393.213849746031
-0.5647968731432038,0.22308199797383546,0.2781854874244135,0.16962330434209266,7.001627581756978,6.92226024915966,1098.4194718424442,1014.6106777340516
-0.32402221355670174,0.1255521123216829,0.31720720927446217,0.16973838494549148,6.994130139944387,7.408686956202338,1090.2149307337882,1650.2580625363091
-0.5610871553767911,0.26389306533983525,0.2729802874680183,0.17241843740670804,7.076974738829653,6.916239771458975,1184.3800342663517,1008.5205877943981
-1.0982359614048627,0.4512983578372021,0.37898715737737676,0.39536496211239336,7.017580417675886,6.774806663940951,1116.0828936822613,875.5100790022872
-0.481502296903361,0.20617968082525545,0.2818303469739515,0.3555306918047719,7.034851011305881,7.01503412510616,1135.525719094049,1113.2446351546926
-0.5061940557941814,0.17334146947606624,0.25203694833799933,0.2849012359061236,6.9490909309914475,6.927625262299231,1042.2018639933895,1020.0687054551697
-0.5547022140348827,0.21413288411311032,0.24603666457611417,0.20450681160330209,6.992682328661675,6.873266769452404,1088.6376473363598,966.0994405596111
-0.047142043447838594,0.12288968701674888,0.1713404877845961,0.16917788606828538,9.213446116729378,10.06427740665714,10031.105725751311,23488.76279089104
-0.4156132491657384,0.21671908305160156,0.24658747254028113,0.34641125078415225,7.128094301578614,7.0230294195178,1246.4992503738242,1122.181030717009
-0.2961311343221869,0.1730576682214623,0.22441595060249245,0.3640075742820318,7.191045571092725,7.187545740097523,1327.490465898215,1322.85259423736
-0.2462238246157747,0.1655890525204223,0.1696277061473982,0.3633334402183081,7.279164524641375,7.118636183853846,1449.776266641473,1234.765291773475
-0.5714043960075761,0.24909320792359346,0.21783100251811335,0.502735625223605,7.0425817430150985,6.810939860731512,1144.3381832863433,907.7235398699
-0.5533454405707802,0.11582807030794799,0.12784311118951594,0.6001032917883976,6.81597344399622,6.660756190038869,912.3041606857307,781.1414051951882
-0.3774114822579835,0.1846236743549038,0.27255598470953196,0.2751108712114853,7.095834228110068,7.151891424369121,1206.928797564374,1276.5181107116734
-0.5816349957989349,0.2120758331916453,0.26289195232862844,0.49331312735865396,6.971270325501108,6.881707329917822,1065.5755188831058,974.2883722729089
-0.5127911875013998,0.22265898186612904,0.22101677661653685,0.31933538234542747,7.040860030854567,6.860726839326784,1142.3696574241503,954.0602640594427
-0.4208274979075693,0.20364966889172859,0.21832189047188688,0.22121101368165827,7.090576901786696,6.948511362023485,1200.6002292773478,1041.5980111387566
-0.4964406899298872,0.21504279403116816,0.2703505985104644,0.2683712815973162,7.039819340929546,6.974297317838381,1141.1814232299384,1068.805894508107
-0.4050406602035659,0.16135081880750785,0.17259550851331107,0.4054128644794387,7.005007276388657,6.855838447000347,1102.1380745659994,949.4078239266812
-0.26231642423869594,0.11768099078659433,0.1525232332305762,0.5454678522230443,7.0552724603395784,7.01116699385228,1158.9531970478274,1108.9478854351537
-0.5618196354035407,0.226897206290533,0.3039778047575318,0.24256621594585784,7.010511482586617,6.9707788956922645,1108.2211958058585,1065.0519919584567
-0.1959974288466383,0.14157729873811128,0.2155297500366539,0.43338322200873003,7.328992818809437,7.529375485288595,1523.8462095859736,1861.9423300079447
-0.6967936686909028,0.22554546568975983,0.2632411024929272,0.3234943320108199,6.930340649852258,6.807508649096747,1022.8423513787537,904.6142856039471
-0.56799449203159,0.18531574580825766,0.2830986493741922,0.25655440631970455,6.93291346587444,6.928137426356931,1025.4773247659296,1020.5912817934737
-0.372375430521479,0.18931845697205324,0.26600037236427276,0.27017693303516715,7.115057673520699,7.14405332114947,1230.3545680349687,1266.5517397446743
-0.5185634442333195,0.18663384326653396,0.2419111841761157,0.3750191014734504,6.966555700830984,6.896222057166701,1060.5635543035196,988.533030840487
-0.2713278288619969,0.13247309301820043,0.17773530847523572,0.258946919123917,7.094890163548931,7.084776901454543,1205.789916531976,1193.6569026615446
-0.3613208775016966,0.1891508691513841,0.21687141248525466,0.38212981884690894,7.1301484973371725,7.02993780470983,1249.0624355877594,1129.9603297902463
-0.5734782226649725,0.22859288700656932,0.2947106886967751,0.20158744193629372,7.005257976297533,6.9436198792213215,1102.4144151186904,1036.5154930393871
-0.2854064278438306,0.1511189225738154,0.19155251013210056,0.3653608989049181,7.136136938530594,7.1008764368337545,1256.564813885325,1213.0297526950953
-0.4947021294518369,0.23312706646189943,0.2952898208994942,0.18080163174693814,7.077897534011777,7.026623763101939,1185.4734788908984,1126.2217924977808
-0.1839641325791872,0.17549844989609703,0.1487189132798404,0.30116194159553716,7.560632070794952,7.238132026696276,1921.0593752362868,1391.4922712552182
-0.6408791585470353,0.2543228443672334,0.32790452604035836,0.40934750109070084,7.003484505079515,6.941367456706075,1100.4610475157383,1034.1834495650282
-0.24895195181123045,0.17951093050134526,0.2849188289353826,0.10000000532776351,7.327716758262935,7.57419264590337,1521.9029296940769,1947.2874773353196
-0.42587019672775095,0.1829537095647223,0.22780091580160153,0.3234846519040396,7.036249888103818,6.964626399331001,1137.1152912245223,1058.5193799957233
-0.6147999040508724,0.2881177002265658,0.3709022858813039,0.12950067500356754,7.075286726848562,7.0330089116214385,1182.382473006333,1133.4358929502253
-0.5859648936421058,0.13480427595892153,0.2768493921772214,0.3949606794541636,6.8367053950026815,6.90218701863947,931.4154282606125,994.4472136844953
-0.398329911792738,0.21050700020981095,0.2918302732093331,0.24941436546324008,7.1351241821941365,7.162354072051702,1255.2928641042106,1289.9439825741154
-0.19159947136657768,0.13953999180728038,0.1758239521596399,0.39712140982333377,7.334940253034076,7.347383555635911,1532.9361889188515,1552.1301482502513
-0.697394802573797,0.2521213325999341,0.2931718234672549,0.43782663711000974,6.968168986839485,6.85010090672957,1062.275927549305,943.9761554125129
-0.7655858341776913,0.2504790760129239,0.3840464888702667,0.4711419079975482,6.933823267035011,6.931356880046148,1026.4107297682342,1023.8823229955925
-0.7179862078899961,0.27496123616070334,0.19298731666442248,0.160522857658695,6.989611910447423,6.6985092048384445,1085.3002007755847,811.195596819588
-0.9136447559884264,0.24966286933093607,0.3940774258142775,0.307092410098467,6.879910518175755,6.861044041805658,972.5393313046936,954.3629423428109
-0.4466674668714056,0.21891320353832083,0.2547272111321647,0.281054458035318,7.0967534952026865,7.000003257416112,1208.0387976061972,1096.6367306247957
-0.17404242612754584,0.13537102069176882,0.18648802819574553,0.28263926522641786,7.384454907172186,7.501228490784564,1610.7495476264578,1810.2649427985996
-0.23369745996450705,0.1605817849707131,0.20510723608635995,0.23446221886539456,7.293785532021407,7.3073808617679585,1471.129176270268,1491.2662373490343
-0.5805885812859917,0.23014185980524243,0.27960365229675077,0.34341547818615503,7.0030442373789725,6.911306028841488,1099.9766566994515,1003.557061239466
-1.1369241419254101,0.31982973359470845,0.3655191870838133,0.1302764073583833,6.887961596344779,6.751217785274304,980.4009261753185,855.0994562526812
-0.6677919429054313,0.22493383184091967,0.29954154819012574,0.22062046536318308,6.943482390046433,6.878274677562629,1036.3729931758087,970.9497125046609
-0.5707300865844563,0.174259794633208,0.20246549820155474,0.5157378277617476,6.911978043848174,6.784467725872387,1004.2316933007306,884.0094263497712
-0.5544043396651589,0.23584446553153937,0.31279691732182957,0.3227904622508695,7.032051736398889,6.993923065461899,1132.3515152496689,1089.989198413714
-0.02903525200661284,0.1278113464508908,0.14605394758518095,0.4505826305334758,11.00858706009831,11.459947820879655,60390.498388428954,94840.12146169553
-0.5733500917209662,0.24979320622352036,0.3035604944535337,0.2913093367515997,7.042323276392971,6.959169981033508,1144.0424482819983,1052.7593842463464
-0.23404250434141793,0.12217454277846983,0.14290842950044386,0.4108769255781605,7.128668796118076,7.040328349716442,1247.2155631257885,1141.762442461207
-0.344383107063594,0.13644091497571625,0.15958591770275576,0.2083464188790905,7.002839523529796,6.893115952574361,1099.7514992912606,985.4673075471258
-0.646554958482287,0.2338248336456683,0.2905846327304381,0.43987572874481373,6.968297453113537,6.87915479505001,1062.4124029457869,971.8046384884715
-0.36808627526278326,0.1567116340926161,0.19300501810718504,0.31034894109511135,7.032397204287213,6.954066706061686,1132.742773916245,1047.4005490642949
-0.5280448802847661,0.2079268011217726,0.2606073140538494,0.37617619356297805,7.000417475466584,6.923251985945109,1097.0910714450195,1015.6174035870878
-0.16590578916542886,0.11689652525161742,0.12711708473952976,0.44858425898665,7.311246004340866,7.195919894425923,1497.0413475930989,1333.9768792461373
-0.06899784142934585,0.09473606372552285,0.11518958377645158,0.23410521304086304,7.979679570349791,8.099185962645128,2920.994940721531,3291.787346460862
-0.4073326729857947,0.1867469015532544,0.21080599577888148,0.22513017743667152,7.06511304454046,6.9472473115754205,1170.4142729213802,1040.2822105004684
-0.6340127741260431,0.2230229464241708,0.3419807117625949,0.19175014618410624,6.958414307562485,6.96911036371017,1051.9641424177207,1063.2764003748898
-0.24530784872490627,0.15578891816844165,0.19837104954304002,0.2791922779081527,7.241725333521148,7.238381127367357,1396.5013240724354,1391.8389360892213
-0.5661534235497785,0.21165814729798357,0.2152985302983889,0.3906822869937576,6.980503171085047,6.810002492047016,1075.4593709341852,906.8730669150768
-0.5555717788239002,0.19975009118977508,0.274058748418367,0.42055500002103247,6.966189851104574,6.923010820156131,1060.1756183847895,1015.3725009469081
-0.3227437420218673,0.1492195427561453,0.3080097918071745,0.18638668003039457,7.068997006066329,7.384067314119893,1174.968956308579,1610.1253532673259
-0.6101920519001958,0.2662930718176609,0.3430398948523906,0.13952113462124463,7.0430588070388165,6.991902964015614,1144.884236105277,1087.7895321800681
-0.2935147489644037,0.16994416945775054,0.1914381815964965,0.21710764575507346,7.185647221465975,7.081946264842664,1320.343516459501,1190.2828713120518
-0.34371992761623177,0.19283056848967683,0.2295742655075707,0.2700339473202239,7.1676609190556215,7.0976303178316265,1296.807714211717,1209.0984978772715
-0.5457757275519083,0.23631847061719563,0.27522847910990755,0.23545404414760973,7.039645753218406,6.934008080876886,1140.9833453511242,1026.6004422087467
-0.37762488173999575,0.13985876505616687,0.20370472321803018,0.44981698484380905,6.977014459896852,6.969156186445143,1071.7139409549288,1063.325123723897
-0.24827725989356525,0.16089466649486533,0.16369954840881312,0.41831607628008216,7.254694499897504,7.089061169175047,1414.7307367181188,1198.7818188164388
-0.7537705374948782,0.25872237074229165,0.2769527033131566,0.16898309031072628,6.949887760330714,6.797142572385059,1043.032651970217,895.2854199298733
-0.8817162656876367,0.2493268747874211,0.2330947801414282,0.4166521290239735,6.889424684628246,6.69408431876218,981.8363891319565,807.6140784671668
-0.14039478383713527,0.1308163163227113,0.13461964483515962,0.5229195149618855,7.53842494838927,7.388584481110227,1878.8683787356936,1617.4150102670633
-0.5841855036151672,0.21068491084260765,0.1898442999905786,0.5182656180301571,6.967297462686261,6.754692108848612,1061.3505317320341,858.075515354418
-0.5157428895793301,0.23819940414192342,0.3137142100466256,0.13981328337116594,7.0685070706163655,7.03799584284275,1174.3934383591115,1139.1023772322847
-0.2759271038842107,0.15321465742230767,0.1654189728610609,0.47433408503000846,7.1619224130491235,7.02922192101218,1289.3872868012302,1129.1516990884613
-1.0881494616585334,0.2556731960448094,0.31937697752696065,0.20836099239718991,6.841611655236777,6.723224174572437,935.9964233254309,831.4940763647564
-0.24417509565765189,0.1524716565360048,0.1893431986241559,0.2627341045025526,7.231085926155001,7.205159733787522,1381.7221379023847,1346.3597310046785
-0.2809300226905972,0.16403645438418776,0.19350770858084193,0.2630878951462594,7.190555219961195,7.118530544679609,1326.8396890137967,1234.6348590771972
-0.3618050950443197,0.1696016890104083,0.22573354630008008,0.4878544892674178,7.075415527906941,7.053628730263539,1182.5347749283785,1157.0497556216455
-0.4281909967707861,0.14968242728725106,0.24604613517235863,0.5588134319019767,6.956219486851627,7.00433720010224,1049.6578016589435,1101.3998053538455
-0.3142187271372274,0.1674869894899021,0.22431007709929207,0.3164439546406681,7.139676944392535,7.143585513787319,1261.0209434011415,1265.9593760831206
-0.4173130049611642,0.1677912871103588,0.2185639985007632,0.2674657744989113,7.008725571138528,6.9534606409130415,1106.243777158132,1046.7659484189282
-0.2828510538599984,0.18502868590978636,0.22908472768814017,0.17139902808097043,7.260806086926692,7.239632414766357,1423.4034618005792,1393.58161668114
-0.41559910622223084,0.1785681561091169,0.1823194851084654,0.3022210011875326,7.036314623478386,6.868410231649601,1137.1889051915152,961.4189168749218
-0.4801839788223679,0.20823629983730435,0.24668371954849488,0.4250307055386806,7.040309593886068,6.943446987552214,1141.7410279593328,1036.3363036363637
-0.6321375514117991,0.2076982329049622,0.23112081391433337,0.4557976366300306,6.935215120271653,6.795337393630696,1027.8403375358928,893.6707275533902
-0.7880831781377076,0.28497651780280486,0.36627140067132297,0.33481798778027205,6.968257343549579,6.894481841749078,1062.3697909021428,986.8142663633623
-0.5311289791740457,0.2327866732755521,0.2854533476349762,0.24313648154627,7.044936708687643,6.967165858914235,1147.0362360897122,1061.2108631892718
-0.7320848060715249,0.2812152312997863,0.32089864905871873,0.36344860982591903,6.990779496037097,6.868054827164477,1086.568121709544,961.0772849921296
-0.7396484165078264,0.2747093084547102,0.33240012940958286,0.31685043496409593,6.978055440807861,6.879122359179579,1072.83015558779,971.773117670339
-0.7126816930456306,0.2553263540581773,0.3462248252806287,0.2901884388349075,6.964911604373621,6.915525173146927,1058.8213181156996,1007.8001581242647
-0.5243022354171321,0.2633978023954847,0.26585146443467617,0.2211407029078652,7.109027983969622,6.936777137679223,1222.9582331626452,1029.447096601447
-0.23795958484015384,0.18693125058611812,0.22894840673906014,0.32415574903037725,7.392209005825871,7.391850954663007,1623.2880079302713,1622.7068918122286
-0.5130470712088643,0.23915561305140232,0.30498921127223416,0.31246088374319114,7.072797692874149,7.024185811417876,1179.4431424246095,1123.4794623745815
-1.1276093127086013,0.37672566762326093,0.43791937494746597,0.20894385538622975,6.940742556115184,6.818080384615504,1033.5373895989565,914.228357751676
-0.3630075499374905,0.18369952550976917,0.23394264706238715,0.2329321360888002,7.112698959953478,7.074176176261177,1227.4559338905794,1181.070106316102
-0.5520694015793332,0.2413522715478056,0.29610890450196004,0.17567184158678195,7.0438275969682325,6.9660812174415865,1145.7647499980806,1060.0604538794382
-0.691700550528171,0.3104000578340146,0.3686522032903554,0.12839206076696608,7.055399370504919,6.962684506054308,1159.1002893232414,1056.4658428487653
-0.08413754233485342,0.1352874118225249,0.19853321357008505,0.4403871819917388,8.21458177141262,8.789346441944927,3694.430784870352,6563.94085688663
-0.3112670749929384,0.1931101131355118,0.2325979452306866,0.26828273289705756,7.227050249840966,7.176981118981931,1376.1571913123203,1308.9507210988936
-0.6317746122950684,0.2609953429918729,0.31348361357680804,0.273797211228731,7.019764828528882,6.925914810165583,1118.5235419868939,1018.3254180912722
-0.6795469072433687,0.2112833726423463,0.3165631887490967,0.36961281053980655,6.917568196993721,6.895563977329493,1009.8612225651193,987.8827111890718
-0.6937593786145425,0.29021921598016176,0.372117118785517,0.3209356019687555,7.0249785359493035,6.966097262983315,1124.3704252023483,1060.0774632601474
-0.11759584735026715,0.14016124933703267,0.13812807274026806,0.4171203293866211,7.798539632086155,7.604319396766236,2437.040402044233,2006.8455632177734
-0.6375119740101713,0.24196339583378446,0.2953081619995265,0.2550733339210649,6.986193482164487,6.89293926690355,1081.5965138744698,985.2932049759976
-0.6838608553179016,0.3004404145635676,0.3551955887949232,0.27617533587631937,7.045979930293458,6.949116934455628,1148.2334734572185,1042.2289652045893
-0.5468474176750147,0.25479178572764405,0.2893297176122881,0.21333602870320012,7.072578665500396,6.95880621825345,1179.1848403792758,1052.3764992098857
-1.1436756221432844,0.29104359411509473,0.46267388549328436,0.36222543857001177,6.861131079626432,6.834269401579712,954.4460116285721,929.1492677000558
-0.4944828484204827,0.21755490200082567,0.18149244214963567,0.2789188404653213,7.046614691935385,6.79675433623366,1148.9625593955589,894.9379052272865
-0.630388586549625,0.27110436064144083,0.30220615906310705,0.3175646312864636,7.0367093059632255,6.909116100235623,1137.637822318384,1001.3617475908738
-0.2833111097166224,0.12514440245042247,0.22462244474911433,0.19272833239823584,7.04837095943438,7.2225667651567855,1150.9822180074445,1370.001022478804
-0.4245486144151148,0.1796298951489313,0.26435848798228107,0.3918983827903661,7.029758139091669,7.052400789451443,1129.7573330054147,1155.6298389703122
-0.1403460306940178,0.1387080157105077,0.1805299267964498,0.47303103627312626,7.594978926416873,7.7160396247773155,1988.187952814618,2244.05466032004
-0.41284739211401167,0.19918534845031596,0.2569909152901192,0.3353997398452139,7.089117442271639,7.052203524684511,1198.8492798796246,1155.4018964027262
-0.7927477508505383,0.2546685624613998,0.4267152318612649,0.24666731189889718,6.927898101677213,6.967993136215326,1020.347058337352,1062.0891420880673
-0.5369234979811968,0.25037292705976927,0.2986623458246276,0.29019586744744613,7.072960429652186,6.985966963849652,1179.6350968200823,1081.3515402013747
-0.6479812601216806,0.1888331092853241,0.1565888662443291,0.5677271182929824,6.8980677331344715,6.671375951584259,990.3592272638681,789.4811452981656
-0.22068050481288962,0.15195354677340991,0.18994686259360555,0.3167962268725777,7.2952182448142135,7.290451887341253,1473.2383924506905,1466.2331197086621
-0.26917230748422794,0.12351971502644626,0.17441133980651113,0.40518417710081606,7.065537343576706,7.0776737250291655,1170.9109839389396,1185.2081889659162
-0.24889901186974173,0.14289851452821936,0.1935292625097646,0.30751996825669115,7.180772652393475,7.207260783068688,1313.9230719524421,1349.1914729226512
-0.5905523147382021,0.19182946059921613,0.20645678338965245,0.5254721069332186,6.931480782593821,6.779318960146285,1024.0091924834935,879.469566281015
-0.18072055713951846,0.10131491276298452,0.1627060958019177,0.47230268613835413,7.16726661172621,7.330038171038223,1296.2964742246265,1525.4399985077564
-0.34576019940031294,0.15906152252808556,0.18155790347592538,0.2963130914352252,7.066684402987661,6.9548172301541,1172.2548590073807,1048.1869434778382
-0.3673256438549777,0.1379683689398265,0.16209024517725812,0.4357749079751003,6.982252519571643,6.870990725742312,1077.3423706883104,963.9030564858547
-0.621165587784635,0.13976737218412533,0.156329455053593,0.6447680370619321,6.831658420608948,6.681390623588485,926.7264409967128,797.4272624885483
-0.2676639714457062,0.11774593140372361,0.1418204937634711,0.4562137888157427,7.04655224237617,6.959564765013961,1148.8908094305698,1053.1750788359018
-0.13866225963008477,0.12158615375302251,0.16864929253341465,0.23346399614622654,7.483501278033752,7.645978992223657,1778.4567592242292,2092.2158365786804
-0.19420868024887114,0.152814158861476,0.16630883495028567,0.10000000085952546,7.393505638105156,7.28606037246861,1625.3941807306646,1459.808252931212
-0.7330505702207752,0.21719641245840204,0.28195510599242946,0.40603543187773883,6.902941358024176,6.814352022431692,995.1976473890531,910.8261296257158
-0.5220248442916968,0.22187300905350696,0.29215585178948905,0.2916864369525875,7.03167403607753,6.989378381220072,1131.923906477537,1085.0467810498615
-0.4128922096157862,0.18261532771695224,0.21970046653057096,0.28947373247711145,7.048933483058875,6.961820741792725,1151.6298548348766,1055.5536994052952
-0.5080581303506178,0.18194873085226254,0.2528020623981807,0.2188251719326573,6.96477599894074,6.927304394599214,1058.6777459273173,1019.7414508613132
-0.5558811935992365,0.12993597382821115,0.1775701317278347,0.2569287437693785,6.840397928205635,6.749158476466298,934.8610683103021,853.340354299432
-0.5715450476672496,0.20721676040930873,0.28879425063347736,0.302839223630239,6.969205616002148,6.9350064222829655,1063.3776847127374,1027.6258517069157
-0.6446256797527443,0.2600396410161718,0.35568358553185775,0.2840044452460728,7.010046527957225,6.981487111106882,1107.7060430010993,1076.5180792184167
-0.5788685910151904,0.25186798891902645,0.3009757572286987,0.28370323914412976,7.041754098948625,6.949657443063052,1143.3914704035988,1042.792451201987
-0.6737834766702779,0.239733335749996,0.3117258957364191,0.37590014841818165,6.962451929711898,6.892369433892782,1056.2201624579855,984.7319123192468
-0.5935500780679278,0.20693530726549642,0.2624757155056566,0.27762171169203953,6.955290199757129,6.871932738898347,1048.6828212987193,964.8114936589125
-0.038081266752615896,0.0924187790334093,0.1272345123553687,0.33437112632070587,9.033533189691287,9.770850779734312,8379.413388815767,17515.662852001667
-1.153077599515202,0.3051266160134233,0.44765024642325124,0.25191278319812854,6.871269511161002,6.8179416121014595,964.1718160644186,914.1014967866711
-0.1673432714061965,0.13774117816102374,0.2136481590484161,0.13305117236204794,7.429755752401,7.706425480336789,1685.3958691954165,2222.583374092346
-0.9241256830035669,0.2175376938202866,0.21362098147340342,0.5519686751204437,6.842048571743839,6.660879573903045,936.405464965348,781.2377913863568
-0.6856002583144357,0.246234576472946,0.31128408362722426,0.276580744064571,6.96580200022804,6.883750934200667,1059.7645080718196,976.2814680190629
-0.31879966488272304,0.1443443984309563,0.17538461011317846,0.40047785472201003,7.059424810299706,6.979859987683955,1163.7755814943464,1074.7678757212116
-1.0609798663758334,0.1947536801689491,0.49651166783170153,0.3218548765221127,6.790210389686527,6.8976941150392905,889.1005997509945,989.9892802495857
-0.163087575176606,0.14488221702192366,0.20054900619821608,0.21432866851426002,7.495020847574669,7.6594207963709815,1799.0622709875272,2120.5288548074805
-0.6780253469330031,0.2122978280962283,0.25310585877095604,0.2677328507244862,6.9197621208132585,6.803017998390716,1012.0792133174488,900.5610863859591
-0.17484593041354102,0.1324743257807629,0.12957193594537533,0.41426141410748346,7.364313378400848,7.170782971132258,1578.6311320773436,1300.8627421392844
-0.6137825149723093,0.20978534557844075,0.23739078389946383,0.24429731625557138,6.9484411959794325,6.816486416015814,1041.5249288907985,912.7722672460409
-0.7168629601022352,0.28320703299324634,0.2962072942594495,0.2727432018735738,7.001714583098924,6.842918807262684,1098.5150399677311,937.2207129384234
-0.10099268036951234,0.14089955366103585,0.1513765241960512,0.30678414130417697,8.001796380412609,7.928605571983711,2986.317734211558,2775.553794855696
-0.5195690903335567,0.16849103938147694,0.22854177740530812,0.22558976656743088,6.930940145928706,6.8695874025505574,1023.4557251944575,962.5513376431151
-0.5448172511711884,0.21632126826262466,0.24987118286388071,0.40471415227799185,7.003703083839765,6.8883525009963495,1100.7016112173076,980.784244373317
-0.3743957636269252,0.1656299798238803,0.18625276929408352,0.4902371007076925,7.049042958539854,6.927195110481601,1151.75593696847,1019.6300154058358
-0.2172411710399858,0.13182373689499666,0.13578501686196526,0.25964452194734994,7.213458445718842,7.0547622183812635,1357.5792720483257,1158.362001338225
-0.4313519584001939,0.18060070658993238,0.22791316868908013,0.3458766939216519,7.0253354455853465,6.95808886236828,1124.771795463781,1051.621841446219
-0.544931920898227,0.26338293119237655,0.351418303814896,0.15519645718374556,7.089981995350145,7.07460426151015,1199.8861968855176,1181.5758132417343
-0.38872169785008526,0.1727576737626505,0.2135600242276046,0.33981234090070794,7.051075271595111,6.979110019932598,1154.0990457544508,1073.9621366511512
-0.0485400592917926,0.11543335652035233,0.19379983478313328,0.2571062317986554,8.984755161852219,10.42229463370859,7980.490556916204,33600.4464716114
-0.322152030203802,0.15680678531356973,0.17867022454844012,0.4496110987797284,7.093397965544413,6.984334094111582,1203.991980996183,1079.5872747949604
-0.6853687690346708,0.2230328976280496,0.25699916504591147,0.33321885063262635,6.9320704675194484,6.804698871115204,1024.613213341499,902.076087858428
-0.5753987552602804,0.2298034399593473,0.2849846303131465,0.24264417931611953,7.006031376822092,6.925001450250277,1103.267352794332,1017.3957451013017
-0.6537643618714863,0.23103325229725927,0.11574241949317712,0.7742306227913789,6.960039367027675,6.606759442655516,1053.6750364801785,740.0808541952435
-0.5057636174462263,0.16832635561833795,0.19436095148963117,0.25297392655030704,6.939466446229483,6.814011555968796,1032.219323496307,910.5160766593629
-0.3224239141144215,0.2175222445668255,0.23607276083539608,0.3016037628331365,7.281296932436868,7.161900778808344,1452.8710793828695,1289.3593921879503
-1.146795410308259,0.336774405262809,0.5094301075337183,0.11317477830214558,6.9003158237091675,6.873940045155623,992.5881489784614,966.7501108555051
-0.42243894612392974,0.19587976942331364,0.22465469344703418,0.29550514023039476,7.070337947993381,6.961523412094801,1176.545578288088,1055.2398985961695
-0.19803571000206827,0.14292309980772533,0.20066272413346165,0.3383825332049395,7.328353861794059,7.442984833723554,1522.8728483611096,1707.8402400847044
-0.33717593226847276,0.1911421147352677,0.252621587666309,0.13400654804219703,7.173541522271019,7.1789472950031366,1304.4561926177107,1311.5268803810422
-0.5798516568672794,0.24162041750815055,0.2843432209715109,0.1720525014315265,7.023343688142376,6.920091830353711,1122.5337524278375,1012.4129605065664
-0.3331292240547796,0.1759628640583797,0.26377496575175063,0.2783018249543049,7.134862217303131,7.2215292224414345,1254.9640645147404,1368.5803250424933
-1.0215887908402645,0.31126646214066894,0.3252386037866184,0.1814140139186103,6.911338789804222,6.748084956108946,1003.5899392735055,852.4247675957547
-0.47161532484513263,0.18855298315129282,0.2540944024611925,0.2454904156157676,7.006452680345769,6.968494172319123,1103.732261144509,1062.621420427902
-0.2760982008801536,0.16434496018730385,0.2474659437262896,0.21874076085876837,7.201891153590978,7.326016313503515,1341.9662304165386,1519.3172168868805
-0.7235960120188865,0.21646590679018818,0.2127585354869499,0.2783989428747073,6.9058031710056245,6.723748925345429,998.0497961470436,831.930518025602
-0.8669364909504953,0.33253676187333225,0.38344420234738535,0.1836101790485005,6.990227028728796,6.872017392995957,1085.9679941347551,964.8931723624418
-0.6533643541781178,0.20979423143770345,0.2962691650835245,0.4001528313122279,6.927748559710815,6.883171159614586,1020.1944850401792,975.7156088862666
-0.2121178345329111,0.20747723936309032,0.2709104286600797,0.10000000034986432,7.584772746330702,7.706888977985389,1967.999348038123,2223.613775035815
-0.5507310355691165,0.23395671550049296,0.2478580019967436,0.25432743043535855,7.031461392377518,6.879772200672812,1131.6832355794138,972.4048213956249
-0.2347229566259972,0.12252270295754367,0.1674381631970704,0.4527481712055886,7.128638766773096,7.1430632668354885,1247.1781106217195,1265.2984052678394
-0.4584721411082289,0.17245334657345007,0.2650312860533152,0.3977331613184955,6.982798115615676,7.007794484761849,1077.930324801961,1105.2142480125922
-0.34190618726791044,0.19536363095422166,0.25529785001852745,0.29788134106575614,7.178045610525938,7.176409241270832,1310.3448299499241,1308.2023753580909
-0.20795901747862644,0.1357425479937972,0.14336177230177655,0.4222380382745456,7.259387199671307,7.119094596463666,1421.385244919062,1235.3314535113166
-0.41698782817982244,0.16740506517908665,0.28179603060174085,0.19085352665124578,7.008112900133583,7.105509061231045,1105.5662212520904,1218.6623005880265
-0.6716426113244829,0.1796322729123928,0.19661421685303326,0.5730727598198055,6.874102354782571,6.7224558433887225,966.9070364402717,830.8554589030833
-0.2547753058772553,0.16291753670654777,0.21234267508541305,0.36733180388416253,7.246105945639194,7.263170248922383,1402.6322735470299,1426.772599193545
-0.23460715168165092,0.1522059912866219,0.1795652704129133,0.2974618059864711,7.255419800404849,7.195106505356078,1415.7572138464093,1332.892278194251
-0.42729054612109985,0.1544314416164032,0.22759842226695573,0.4595740691145701,6.968070402531846,6.962374422860807,1062.1712089743546,1056.1383013315744
-0.25607685745112907,0.14626043000275746,0.17461239741772683,0.2558515068850398,7.1778085152193,7.111594439938226,1310.0341901677375,1226.100932694483
-0.6180217870057305,0.23018199063640338,0.24442863817232052,0.29917816143852927,6.979099823858431,6.825221130750378,1073.9511865093775,920.7799943112917
-0.5453936480767592,0.255627530867514,0.3184049512517232,0.17855290700481463,7.075352987869893,7.013527067978122,1182.4608214722944,1111.5681754695922
-0.2735282282577557,0.11054834070095329,0.21854459473186902,0.30536821070016407,7.010807158972446,7.228703173886158,1108.5489190913638,1378.4337555994023
-0.2440436244097568,0.16125533648289136,0.1307236285275291,0.39965655608046236,7.2674145756507285,6.965376284660072,1432.8411576338974,1059.3134458412733
-0.552486250848692,0.18688420132823189,0.12267710851437796,0.38737017917786704,6.944910552028411,6.651765019128947,1037.8541591044905,774.1495090853975
-0.49235118334650285,0.21211458712614545,0.25341887066480834,0.2974966049780998,7.037469882181083,6.944431088849788,1138.5034117222046,1037.3566655248762
-0.2995139499158255,0.14030008670569938,0.17551605211439364,0.38152216121964777,7.07507607001808,7.015722407664686,1182.13342229519,1114.0111257712445
-0.19546151980322216,0.13095313226776426,0.21756508529966556,0.35957561569377755,7.276619049632815,7.5428034524126915,1446.0905902753673,1887.1130479784458
-0.24725873946761406,0.14531706718350298,0.24704147368235763,0.45402185974920906,7.194362747931697,7.4288407799363965,1331.9012982364768,1683.8544836533438
-0.7036472450082468,0.2924175199277927,0.35934239991024364,0.21745409461521414,7.022224214238879,6.9404049137591795,1121.2778083156936,1033.1884825059344
-0.43010361705859684,0.24001496540526832,0.2938542163851735,0.2245844265139511,7.164690053536901,7.112936741811042,1292.96079006573,1227.7478353456786
-0.1396081537645504,0.1078030474988586,0.14226126330952923,0.2989567446054251,7.378833218434776,7.448723450754466,1601.719819975713,1717.6690561047262
-0.17737448560638114,0.13776751578728935,0.1542009695303581,0.23738676370802628,7.383354430420886,7.299072074063301,1608.9779301878227,1478.9269559941365
-0.43274529786657356,0.15327460298716553,0.22522302872639755,0.30350536846511944,6.960841447762019,6.9501711844741765,1054.5205079500604,1043.3283145031758
-0.32284895778678585,0.17483001701137324,0.1815910820408005,0.4373967322718321,7.148172817120981,6.992183991741319,1271.780056154641,1088.095274157317
-0.5227244021967681,0.2029104916792218,0.2379984505685635,0.3056620958036367,6.994828910639781,6.88502336201388,1090.977007206411,977.5245063830739
-0.4065121285619687,0.15905685475203377,0.17942477346964875,0.32747302279574914,6.99792228751213,6.871095665520582,1094.3570354040091,964.0042135664838
-0.6947510900370356,0.31395798151840715,0.39691845130451486,0.1625180922414808,7.058550134281306,7.00102977462803,1162.7580999506358,1097.763025085427
-1.1515931371974197,0.3801127857645682,0.571584482761619,0.10010882954943592,6.9367257775564894,6.926061861732617,1029.3942254299643,1018.4751754505098
-0.5555739316584788,0.1928779982427768,0.26074146472096155,0.3927451521411056,6.953819099734177,6.89903859087549,1047.1412381657447,991.3211920759788
-0.041041757084991276,0.104280863467483,0.1297654849320964,0.46627238745567257,9.147498114602769,9.59151112997479,9390.915967812443,14639.975733627016
-0.5718941061413506,0.25422734017782245,0.3164862650257468,0.10037814689047725,7.051185874619853,6.983119594646605,1154.2266996590874,1078.276912505542
-0.07945048354760985,0.12298927994992388,0.15088017805622655,0.26505180851251775,8.15464932299672,8.328766171264274,3479.5189240492227,4141.304737955512
-0.617503373246475,0.25783287619184414,0.3098156205375231,0.35363309615200567,7.024191024617135,6.931442438528717,1123.485319312149,1023.9699285611234
-0.592196717514078,0.1838446350183655,0.24268464158754116,0.45476359318170945,6.9170953973606615,6.839523575917765,1009.3838734037957,934.0440276391257
-0.35512273191563404,0.17561728453065256,0.19776852080790275,0.27551241324029935,7.101175793115358,6.986621368664619,1213.3929351290956,1082.0594134485234
-0.4448717141865871,0.19370274880930075,0.27069612286736777,0.10903796422907924,7.042062784105167,7.038200786773981,1143.744472859135,1139.335853275481
-0.2373192636591397,0.14939947668715114,0.17562387463688767,0.5405986208179927,7.236179683229407,7.169751584700042,1388.7782506225342,1299.5217416206117
-0.6045845508813644,0.17444226759729592,0.1872234754746869,0.6518728307502909,6.895182645955901,6.7393924182453535,987.5060723345365,845.0471446156196
-0.27970828974005046,0.14542635031060583,0.18907908798416706,0.30828259962326343,7.126571674566541,7.105706193198311,1244.6027411491677,1218.9025615655564
-1.2983246312083683,0.34539175678722167,0.6154479006347335,0.4671698333994785,6.872678996316191,6.903751847017555,965.5317601115416,996.0045710857147
-0.3841088603151366,0.14330815392115562,0.14925361844308188,0.4832920088621798,6.979742735543681,6.818290619878013,1074.6418642751855,914.4205809958052
-0.550549043620626,0.20333126317990236,0.23682101950694764,0.4173877532570348,6.97597470966431,6.859873743587435,1070.6002052394242,953.2467063837252
-0.5278725142189661,0.19203074067980186,0.22594578194570675,0.4258165583771325,6.970432606209092,6.8577504435839405,1064.6832395058432,951.2248249387906
-0.40570455447459597,0.1702126166474353,0.235257942378952,0.23378332905923732,7.026198388874588,7.009594512184664,1125.7428286496315,1107.2054555435388
-0.5874869722585698,0.21985188690796534,0.26256303766800615,0.32374285121337804,6.980874462291953,6.8766451973595055,1075.8587536810608,969.3688575056594
-0.21184470893426122,0.1340215997733145,0.18102754001817237,0.31928957743234354,7.239290956163839,7.284248915799833,1393.1058474821798,1457.1662671801041
-0.15916252533310388,0.13730881882269275,0.1771780513935086,0.29147544805894354,7.469345839809676,7.5429089742644635,1753.4592670704383,1887.3121901485122
-0.20986051625241686,0.11144301148095029,0.15758941533632426,0.3030941722836364,7.137683910269057,7.180644035695225,1258.510188471745,1313.7540903723313
-0.3816719121594281,0.19160182778267387,0.17976803947703976,0.4871249759291292,7.108656809370004,6.900720968455202,1222.5043863635133,992.9903723258323
-0.30280548941797025,0.20325557530538937,0.27314027453106215,0.100000000219418,7.277891568565727,7.331751588012017,1447.9319392574441,1528.055953764782
-0.8334470590424994,0.31322588300127546,0.3868529405010307,0.19193342147465592,6.982469957355754,6.893879662305028,1077.5766510959045,986.2202059804896
-1.1543447003546228,0.2806511469634453,0.3684296806423648,0.22733387002459365,6.849776131920691,6.748887297260883,943.6696255163407,853.108977513909
-0.5086524629683886,0.18767161711207644,0.18133814993122324,0.406616303077603,6.975608622016779,6.786226451136195,1070.208343461096,885.5655240343932
-0.26150354830883676,0.17691731243147035,0.22958138505394687,0.185754379873519,7.283189046093646,7.307647852390717,1455.6226789423445,1491.6644446068797
-0.6359518417020372,0.2264621231552018,0.3204273475186666,0.517976782126959,6.962749670947103,6.9335742143680505,1056.5346895753262,1026.1551312686536
-0.8505766129224228,0.2597791317822589,0.23642211139169525,0.5339609903205433,6.912065510150876,6.707674582611544,1004.3195335754758,818.6646871433918
-0.16309489194526336,0.14239108454092464,0.18716953572538195,0.19571883870879783,7.479706864078187,7.5773307458904835,1771.721344634354,1953.407858303947
-0.22124739611095923,0.14019791947733903,0.20735651313558717,0.5067327243894237,7.240320556750406,7.3669350872641814,1394.5409287333716,1582.7752733004534
-0.6931287951156102,0.2812314516063441,0.35984876813698585,0.21581052566620396,7.012392168912172,6.9488852819601314,1110.3073733624055,1041.9875582262653
-0.43633126718648996,0.22053297574513717,0.31858902724052635,0.35804414490631065,7.1120757477610095,7.159873494492787,1226.6912067052658,1286.748141882773
-0.52136079877889685,0.1764575252076525,0.22828524772032438,0.1571045091999893,6.945105869135908,6.867583713814059,1038.056889574571,960.6246152901288
-0.5860113919825769,0.22661171000883126,0.3305381165142559,0.393266378248052,6.993352071364927,6.9937667321308865,1089.3669986687523,1089.8188100905925
-1.0802111483894514,0.28345963736001206,0.3840949969998458,0.18807656844535603,6.869061509931208,6.785293476300973,962.0452720786393,884.7396989824276
-0.6494662615185756,0.24110547230781057,0.32568296707688366,0.25247471014477574,6.977886517619127,6.931181965582947,1072.648945002704,1023.7032468306473
-0.5600683479458906,0.24082506225995226,0.25303748265838766,0.2657090029171943,7.036642459718409,6.881516983801477,1137.5617780436658,974.1029379139613
-1.354455461520734,0.3366556197538718,0.49689039404350427,0.20411037199041043,6.8552044054531525,6.79657568568853,948.8060507158485,894.778038363236
-0.664408261531853,0.24845214315090475,0.351002039361603,0.4243666966798503,6.980595179865325,6.958012185526453,1075.5583271914963,1051.5412094959618
-0.5871950639444504,0.22516535526609477,0.2213906601292945,0.4525181617052124,6.9901093960791005,6.806750338350045,1085.8402563553345,903.9285668963452
-0.5945102942849942,0.23354520272269724,0.22952821060137857,0.22180020380138266,6.9994864498722995,6.815798933361989,1096.0701269147341,912.1449677988675
-0.4938664650310682,0.21590956559195545,0.2784500111984071,0.2135128763838639,7.043832260462709,6.993535875617155,1145.770093278123,1089.5672473580612
-0.6811453606714308,0.2339342328381035,0.27285478604749525,0.49252801249619316,6.950092638199218,6.830301793946761,1043.2463681688441,925.4700716031008
-0.856787922353061,0.26238620714474203,0.33081669505719913,0.31850749768537656,6.912894240647689,6.815832174572782,1005.1521887772187,912.1752891059722
-0.5155263296337201,0.23312933467114047,0.30644819600825335,0.3294906644312161,7.058866341359055,7.024157004103003,1163.1258304279754,1123.4470984141171
-0.2077696549103581,0.12220695344471244,0.1683591242953194,0.3364004930569445,7.1948349887259875,7.240035711985609,1332.5304249014187,1394.143757619268
-0.03904200017467653,0.14309348391407195,0.16511754342010787,0.2813248199001298,10.271766811213894,10.658948069846957,28904.911599896135,42571.83101870071
-0.5815936283737208,0.18080363039461567,0.21068035822901512,0.35595962813356474,6.9175264090003585,6.791966153296102,1009.8190233727696,890.6630214494959
-0.5051152678406193,0.15332717671888588,0.17971680695045206,0.4482190636454473,6.9101990719295125,6.785513132265322,1002.4467814432862,884.9340586795573
-0.547150319491317,0.16592384950527195,0.23068638610559627,0.4564983337716334,6.9099011276571005,6.851333754569332,1002.1481526559348,945.1406520525888
-0.31225677252097206,0.16601529518707303,0.16180256840806034,0.4056857113225433,7.138312938768051,6.947891004317861,1259.3020762804574,1040.952048171153
-0.31574764340112194,0.16160949393258903,0.16696900328543185,0.47668969704360303,7.118481382123508,6.958524702005026,1234.5741627636792,1052.0802798231402
-0.05905298477783419,0.10880512000490805,0.10628482978121762,0.3830222752640484,8.44915011087177,8.229540946523354,4671.101129971437,3750.111855014038
-0.38661659076697086,0.1463779219773028,0.30711279496415367,0.16858658100371698,6.985262810366562,7.224079581300362,1080.5903707694015,1372.075150634032
-0.7499968428377364,0.28998944952885974,0.45356538039137484,0.3702302497419141,6.993304413210208,7.034475864313026,1089.3150826849032,1135.0998099294873
-0.41714396540343524,0.2246356080657992,0.24617615785743824,0.22032375176465357,7.14515877483031,7.01986623377454,1267.9526281933342,1118.6369718925393
-0.25792326497555007,0.1630043376608716,0.1651520798059916,0.373672387193294,7.238637911990705,7.070034262444675,1392.1963848178902,1176.1883326464826
-0.3940528584471822,0.1832259519837772,0.2318399485224415,0.2027700821779349,7.0716282927035286,7.018066811531496,1178.0647075406994,1116.625881586386
-0.518744081921884,0.23113171968961632,0.2964838018903763,0.2606293864016054,7.052210391595261,7.001261038170175,1155.4098304716697,1098.0169270090414
-0.24650149515162392,0.14152960860618718,0.20741375233582043,0.25452921450025107,7.180803330864262,7.271149475079275,1313.963381721339,1438.202681398229
-0.29644242322181635,0.14913834765096684,0.17855044414374238,0.37237399464912374,7.10974399453405,7.032030180411652,1223.834197739965,1132.327106557936
-0.7080386792512477,0.2289749131202775,0.324148842994755,0.2095511929466614,6.930043412910658,6.887531815830546,1022.5383700259725,979.9796594937029
-1.162531856048394,0.24191950944445956,0.3219334429056985,0.43906573159412693,6.814747287525638,6.706643883362528,911.1862185620163,817.821324766303
-0.5927605382495329,0.23930076472067652,0.3022540257069534,0.28287257298977364,7.010355813140505,6.93962863393459,1108.04869305319,1032.386750356474
-0.2358327730301983,0.18578057676993617,0.23668944979227888,0.2846661589051872,7.394414220784482,7.433352038310864,1626.8716568333111,1691.4679465311117
-0.6429099750698015,0.16971330177170024,0.2034454905555079,0.29360503037198077,6.870626961100913,6.746164234606213,963.5524864025346,850.7890683793642
-0.522979067534787,0.12411002219176745,0.17517369960248896,0.5768912796807433,6.843963742124642,6.764673036368386,938.2005593834198,866.6827877065992
-0.6416925108194901,0.1794423297559484,0.22244785613409823,0.5204599689381535,6.886289307319929,6.776377499417657,978.7627825730694,876.8864420315175
-0.6180526979638206,0.30714758032390765,0.39810177397768165,0.14558494292886712,7.103610366674423,7.073842180341435,1216.3506283857262,1180.6756995884489
-0.6316943110017587,0.23159628039365243,0.3247329444935495,0.3621071753648676,6.973277329042641,6.943786074552535,1067.7162802625157,1036.687771390593
-0.5395393752224055,0.2062918971283807,0.26949141987339387,0.16713766881158099,6.988998364296142,6.92920372747377,1084.6345232472393,1021.6801198285261
-0.49957859352962575,0.18706142937224607,0.22749548648531398,0.3203767225880936,6.981088626505712,6.885094246757732,1076.0891887997557,977.593800413234
-0.24386506655116022,0.13506250874615602,0.17719772919282178,0.3179683320303188,7.160491335552919,7.156341505945081,1287.543393363088,1282.2113787958147
-0.231677624650865,0.15761631017031374,0.1791362614109385,0.3881854982694003,7.2869761797327195,7.202932953794055,1461.1457682931145,1343.3650196108279
-0.20805017368213616,0.1800700970488776,0.15664342305447465,0.278255727380575,7.472163027941827,7.182631241015111,1758.406056454309,1316.3673852064514
-0.6923092378324869,0.28172737093567307,0.3537031837332498,0.3176497614012394,7.013588813534343,6.940622936211442,1111.636811983843,1033.4137653500063
-0.5873162571949284,0.24867432653574617,0.29798222401221264,0.3898946370675526,7.030058058003834,6.9370819430854835,1130.0962194124213,1029.7609254678882
-0.2600978629321917,0.13501396759680093,0.17886897876142727,0.36337486510068134,7.125739293946861,7.1174182416697285,1243.5671889947978,1233.262334480472
-0.26627721925003495,0.14762797576931025,0.19295269645786486,0.16849018614842948,7.16106477782232,7.154350360851091,1288.281936904334,1279.6608499786032
-0.23732572487401388,0.1380796916303661,0.21241159850246114,0.2513661511113373,7.18846529159257,7.324740861057019,1324.069584775098,1517.3806352969946
-0.7234611612886837,0.1656968701032416,0.23947601272793276,0.4625039287903856,6.835683725204082,6.760733809618956,930.4643151920894,863.2754432433454
-0.4668274678360481,0.1941756140747301,0.24201460959485432,0.3298358922842552,7.022597463197188,6.948143577453637,1121.69640220463,1041.2149978997727
-0.5001551117744847,0.2782908505020509,0.3347190886528646,0.3057732369922775,7.1630592759997995,7.098950044263534,1290.8539769915665,1210.6952305170846
-0.42308811738130003,0.12275136503440927,0.23607477276263822,0.5813170877013194,6.8967820996023965,6.98769963173341,989.0868063412607,1083.2267874072916
-0.29367596699668874,0.1511264913702054,0.14577031066479437,0.2727311632390747,7.121253042249794,6.926083930859473,1238.0007291887177,1018.4976525563814
-0.19962452262635583,0.17937957141749075,0.2310698952603977,0.2182413554147514,7.505235034680191,7.587242072058808,1817.5323977215471,1972.864984409286
-0.5677297201536755,0.2349837680718696,0.2871088573554893,0.28443020028166216,7.020550955755009,6.935433459822183,1119.4031895084456,1028.0647802346734
-0.6955029232763537,0.2183857503357352,0.319432281549969,0.3959922185436928,6.92064706964332,6.889001920800409,1012.9752480471705,981.4213919508569
-0.4390696550076535,0.1707513970697547,0.17602041487994194,0.4274258417462311,6.995543827838693,6.830613534078774,1091.7572443017075,925.7586227395439
-0.6839614128353004,0.1875867681077661,0.3316225449161301,0.46215843078860164,6.880915319563184,6.914575112718028,973.5170312890084,1006.8431417574677
-0.11917651794576686,0.14033534842767242,0.14765849781640777,0.29767512720359146,7.784192128575943,7.668709342498864,2402.3245944283744,2140.3172453063144
-0.30960600682358963,0.14779267467596802,0.23044632355059427,0.2197295157554675,7.084007444838804,7.174040707187318,1192.7387887305865,1305.107520025923
-0.20591981118409663,0.15262880780490357,0.200218147488889,0.1499077827383143,7.34785525494437,7.402030720641676,1552.862459669635,1639.3100328897503
-0.26974488956229437,0.1726435938470677,0.19224615136980663,0.24291526712886763,7.246675634417866,7.142415654347641,1403.4315650659614,1264.4792474967646
-0.22282093060367192,0.15222492464695367,0.19320113993261978,0.2384178394887313,7.2898217546614745,7.296788560863604,1465.3094893391622,1475.5536597178414
-0.14730595871700408,0.10648404300552669,0.14056485445184774,0.40271586126093717,7.329526870434036,7.3839568739743084,1524.6602394774886,1609.9475406079107
-0.5811603478523828,0.18011302295738163,0.22561062588713546,0.5313312014840799,6.916569855740314,6.817926668569007,1008.853539535881,914.0878369833522
-0.7486439622509515,0.1872196342728581,0.19967327218550307,0.29223059942231266,6.856728519442156,6.696432738619166,950.2532418525814,809.5129241766156
-0.2709234431359741,0.20716055518365012,0.18763649492633358,0.2426048126353591,7.37129628985665,7.122300720748948,1589.6931510940665,1239.2984356054806
-0.31612372688636436,0.18016424085315164,0.2606262674693563,0.49870057758362324,7.176567043207542,7.254163343851976,1308.4088285154562,1413.9794934658776
-0.01553638600085525,0.10452320074755356,0.17002949202357076,0.2648970315902085,13.334289467418426,17.373673368873916,618028.262391002,35098655.00913745
-0.5517661179331245,0.19707373907699122,0.2971487577133023,0.43297629031162854,6.963819161733022,6.968260624469803,1057.6652481440547,1062.3732764583926
-0.2553602393652369,0.1298801209869528,0.21417254085352905,0.414820058403065,7.115265471450935,7.268426950220044,1230.6102597328456,1434.292464092676
-0.39810932964321993,0.15738089643605696,0.16973454267443194,0.22925585753460104,7.001970980556639,6.856071060471395,1098.7967325423274,949.6286946638032
-0.374261248866015,0.2185395545935141,0.2776297106627805,0.25608621796973396,7.190572660821686,7.171526735680635,1326.8628304415092,1301.8306376277483
-0.19239518700442815,0.16692001098538203,0.14841700628346907,0.30038524022112845,7.474239514103493,7.201136937042689,1762.0611558654634,1340.9544788661547
-0.1940856321338685,0.1269894881647235,0.15550158891930366,0.49810707301123125,7.260946368602556,7.230920407802182,1423.603153229828,1381.4934564560754
-0.36928055500478807,0.09928842236225507,0.19573976563393208,0.6135121875275407,6.8755200766287246,6.95977653894069,968.2788138386602,1053.3981374760485
-0.45401248105347697,0.1947940062299282,0.2403633708704402,0.4040543360776514,7.035700078786926,6.959139661186324,1136.490266480985,1052.7274652265867
-0.5855071197608284,0.19908401782897497,0.23106709882605558,0.595991694479145,6.946669993148296,6.824363865831455,1039.6818097388243,919.9909801695161
-0.5166332797405819,0.18687237662592976,0.2612131809684499,0.21676169519813066,6.968362030854766,6.935326048912027,1062.4810133543517,1027.9543607911623
-0.2438014992053818,0.12379883169126205,0.17788097972147043,0.360438807129282,7.114435544757361,7.159333448015675,1229.5893671205201,1286.0534256882202
-0.49096179852828015,0.13935750529481322,0.19857734756374856,0.38150105066989504,6.8904961100818145,6.834185463292998,982.8889173826041,929.0712797755564
-0.5704016539971295,0.23999295825766984,0.31577633053093546,0.5537772278577973,7.027393984144632,6.983322940297899,1127.089566367049,1078.4961977211829
-0.502878159222341,0.17217507227701234,0.23859788598480136,0.34858483180736877,6.9490294864710025,6.904184080665295,1042.1378283669887,996.4351708277849
-0.7469443616061109,0.23024869867779424,0.33444079927436177,0.40020376110194467,6.914904335386388,6.877464740558066,1007.1746719138439,970.1636227874816
-0.1663884541724735,0.12943192017257826,0.20179224708074317,0.2462482861600665,7.3845402195920755,7.642497420381045,1610.8869704300541,2084.9443023628314
-0.5416765948028518,0.25605327211675333,0.32449597060178786,0.3357069862562707,7.07935525518859,7.028777982163524,1187.202828834413,1128.650536034315
-0.400183004734736,0.1886161176690058,0.22359351686702267,0.38308708765840666,7.0779748437609005,6.9884476454565245,1185.5651310909022,1084.0373590310724
-0.3923441128023378,0.15702828397801297,0.22186044542300123,0.36123546634946657,7.006881204975151,6.9951936069571214,1104.205338958161,1091.3749550638902
-0.24852678818089233,0.20325799302724704,0.23433112521814808,0.21517606173438797,7.424501631971956,7.372600231189933,1676.563818973761,1591.7673697368336
-0.4257079985517812,0.16992577422095712,0.2728281871321898,0.1738164860441436,7.0058105844031555,7.070600523404331,1103.0237866165473,1176.8545507893243
-0.13162055220466184,0.10881267179151424,0.10763088998254361,0.3682576277317793,7.433365087244347,7.247455676373757,1691.4900185278425,1404.5267276497857
-0.1310823047611816,0.14342092761776842,0.17742306844571357,0.2363447114107454,7.700779007621263,7.783243653319394,2210.068982048484,2400.0471292227926
-0.5904694812053395,0.19123440699898953,0.19982859144222,0.39513693148479423,6.930518587675321,6.768142712097408,1023.024369913605,869.6951188239161
-0.053987894475253095,0.09400624233010338,0.11321979453870937,0.37253887784307615,8.347896872030608,8.52685246755787,4221.29348049545,5048.530387585927
-0.8299339392484709,0.2036272239787234,0.33054961686229767,0.3298787137769862,6.852003718990372,6.828003728423716,945.7740748240102,923.3457226204265
-0.511688436074784,0.17191240656352486,0.18230528731969575,0.2915643690271902,6.942621051364298,6.7860012981212545,1035.4807093621139,885.3661587314211
-0.597898872066267,0.23186538490254227,0.24617374476738887,0.2699995500416905,6.994450524575244,6.841450886590958,1090.5642748011733,935.8459565434558
-0.21123488317976147,0.146502105778186,0.15545835647971445,0.36456904419938907,7.300200908374686,7.165669687301776,1480.5973621145874,1294.228038730781
-0.6351276808350574,0.18025207696035755,0.15112062353149397,0.6551604841600319,6.890454659533978,6.667656869356742,982.8481769428785,786.5504531223265
-0.7042113083326,0.19966276414979758,0.23780732887095998,0.37250203747708044,6.890176965429509,6.767412619369159,982.575283690731,869.0603924746094
-0.18696888985589483,0.1553271096008912,0.1805546086108582,0.40440296620603366,7.437414650385859,7.395412801404429,1698.3537022416285,1628.4970307393448
-0.421630420237324,0.16964653139025074,0.2562980166070996,0.26260213358216844,7.009008562746951,7.0375931140610275,1106.556879164469,1138.6437202830211
-0.5498047199632514,0.2492263004958129,0.3279396362834456,0.296068757173067,7.059949860512527,7.026185140075223,1164.3867825526665,1125.7279140075598
-0.47298072016012604,0.2263287073331634,0.2828289240276679,0.24076208901869803,7.085165900869503,7.027690837066028,1194.1213248224617,1127.4241958629148
-0.4229657290859619,0.230497909666964,0.22910049184209652,0.21353207035867106,7.151606653865406,6.9713720897937295,1276.1546477605052,1065.683961939741
-0.6341129665425096,0.2796355044203277,0.31180875895026117,0.34821190745859504,7.0476370752458175,6.921443784908926,1150.137840231979,1013.7826224720284
-0.83270182621425,0.30756106640601694,0.41008280289315624,0.39591853332209503,6.976003364879587,6.922192041426604,1070.6308839583314,1014.5414757998699
-0.5221894942325971,0.22150922156998393,0.27245718536136626,0.20033298352990536,7.030843365142788,6.951478702172449,1130.9840406017624,1044.6933769666862
-0.6516192356081647,0.2757566723832776,0.433128912521648,0.3411942896789748,7.029837006528819,7.094415805055026,1129.846437584549,1205.2180754827557
-0.25169988976477087,0.14838786422752634,0.24322063019324547,0.4217787749333983,7.196193011847459,7.396031503128025,1334.3412613290686,1629.5048964110981
-0.548271042252171,0.17729836544630154,0.23761026924308473,0.2126743859127465,6.930027406191452,6.863100508463499,1022.5220026724003,956.3275773240056
-0.7514043248092467,0.21708702447910252,0.2552113853549187,0.3622913587695964,6.895558590517305,6.7693653609926425,987.8773896647756,870.7591009058528
-0.6345934856809565,0.17491709925477203,0.23335414461554088,0.26968395632595643,6.882286641979156,6.797441728394635,974.8529527965474,895.5532900090053
-0.34094316663783003,0.18101173135128196,0.23359258310470538,0.3376162500562963,7.137564863668678,7.114855905345338,1258.360376029774,1230.1063466811559
-0.48799587746286033,0.16365737041738507,0.2656613611023852,0.3334897221781238,6.9420164832830515,6.974112112017083,1034.8548799737857,1068.6079637641346
-0.45944642384608597,0.16186052093089393,0.1680431543599291,0.5353179491220601,6.958944844574133,6.795470838019737,1052.5223964043064,893.7899908549647
-1.0406766526806055,0.27101120796191347,0.24712963637792978,0.5554156573886112,6.86706845085692,6.66718962377688,960.1297685092102,786.1830267456268
-0.18249819686947694,0.1351738983665539,0.18621541446945383,0.49317153461148977,7.347336399461081,7.4500879948998024,1552.0569574553342,1720.0144912198073
-0.7221422971609959,0.16418352006434447,0.3238669329264702,0.5103311896102793,6.834006374458908,6.878200247272167,928.9049083813486,970.8774471249346
-0.5742304859940035,0.17926833798404532,0.23253131202208244,0.2161051550257743,6.918839006465618,6.8346636906745335,1011.1453795586699,929.515693357845
-0.31858943201458667,0.19331042809589608,0.22158912496321315,0.3075758511212589,7.213419930170907,7.1252514156869236,1357.5269851457333,1242.9606275746123
-0.5812451716848643,0.19970518265535486,0.30223229212810404,0.337035268487271,6.950231849124492,6.949693332190939,1043.3916095704064,1042.829876785209
-0.4200072851983885,0.19579290868157245,0.21449295987770947,0.1930548045388095,7.072815692325307,6.940408143299776,1179.4643719449045,1033.1918192354708
-0.5429448113693423,0.22166438734096294,0.23095224081867227,0.43101057198602166,7.014913388459806,6.855089121477106,1113.110233844617,948.6966748865866
-0.17644338935471926,0.15906943533541598,0.19224866263091822,0.13125499749899722,7.508182603576715,7.519296499507617,1822.8976029570538,1843.270096396782
-0.41355973606127533,0.15410115306762862,0.22027575075690814,0.4179555550236098,6.979271453769573,6.96235293228883,1074.1355244745905,1056.115604559276
-0.6975391811413295,0.23933152024431162,0.3187370027993573,0.7561368368945475,6.949758540129978,6.8866644230927365,1042.8978797893867,979.1300008010181
-0.3266065894580883,0.12975641410952618,0.15855475064877983,0.23419430696877677,7.0039367636822165,6.915180444738728,1100.958853051348,1007.4528006554057
-0.6155727422835046,0.2780909913076465,0.35733649211303187,0.35643714251041664,7.058409941310261,7.010213816998121,1162.5951008639267,1107.8913655834142
-0.2970219893231243,0.18628263663109404,0.2519645391029063,0.22113368689311075,7.23381801661915,7.278022122826824,1385.5022892858713,1448.120985282006
-0.23949610060070714,0.10569560415397439,0.13970694907463815,0.4375366236209744,7.047975134240657,7.013056529140276,1150.5267204026907,1111.0452625071978
-0.5722625326575385,0.1776191301229354,0.2935864458242581,0.3980695943192333,6.917030684634986,6.942747029329046,1009.318555535566,1035.6111653315313
-0.5379598925790172,0.1953852752717702,0.2528063818409824,0.2127255823976934,6.969846918830233,6.8996548492970415,1064.059850543325,991.9322903869587
-0.03967900802316742,0.09028830257462248,0.3026934038026457,0.38759326710175507,8.882117922738043,14.058272178396763,7202.027933221632,1274764.710036188
-0.4423059462004163,0.16089037405186085,0.34197694859478533,0.27576666608798484,6.970403772226106,7.202887805375687,1064.6525408900134,1343.3043701740246
-0.2527576458863546,0.17157640266515006,0.21519032212871203,0.19484892499346862,7.285468039812403,7.281089656670515,1458.9438168733286,1452.5699656243485
-0.36151811341424017,0.1673123357185009,0.22515903863149442,0.30764222079037484,7.069455034725372,7.052534850981459,1175.5072490313908,1155.7847748598958
-0.11373266786272432,0.13921861263474378,0.3146991629774093,0.1741323344170009,7.8307365920739755,9.196727136359895,2516.782532889654,9864.790054348914
-0.22378400911310936,0.1294285626130932,0.18344101367501542,0.3341452351492098,7.18501395368115,7.249442989124762,1319.5076501371655,1407.320736890308
-0.34687589807797936,0.14152645500302752,0.17874780334364754,0.29855898765869193,7.0146533244595295,6.945027126492315,1112.8207915828425,1037.9751534489872
-0.9854854910937418,0.36788450650922755,0.48804404564692616,0.3127559571498005,6.979952999719021,6.92495157435876,1074.867846717737,1017.345002846907
-0.5367422806634228,0.1713207871820319,0.23291892962369865,0.36633178581321946,6.925836494700457,6.863668764344302,1018.2456705852768,956.8711705291842
-0.5480270187940619,0.2067278129886827,0.20473605709995862,0.2983666639659974,6.983872122159674,6.80330700215516,1079.0886509383545,900.8213895425201
-0.5705309188034917,0.18247342812560144,0.22510003749548102,0.15169576743183882,6.926481105280185,6.824264331046503,1018.902254114908,919.899413622251
-0.012322973287548273,0.14976808988725332,0.12255603824954822,0.3773299309633781,18.760217867675397,16.3750496666053,140429742.4138454,12929856.682828639
-0.8313352040817532,0.3022650271158792,0.3956329601246047,0.2967647440080366,6.970240018111738,6.905620123389046,1064.4782139298384,997.8671222301552
-0.5501273883172503,0.2124000923173241,0.27923583913376226,0.43571147204486993,6.992742747353953,6.937303439615563,1088.7034233864076,1029.989039201958
-0.2703721303799216,0.1532095091380481,0.1676514033394777,0.4283837288527902,7.173311805214794,7.049795974473505,1304.1565711965623,1152.6235541644737
-0.3274286285487271,0.13699703558215312,0.15284069928808514,0.3148226487872641,7.025052926940128,6.896510363019251,1124.4540713435538,988.81807178623
-0.5776906181194772,0.20303169956864645,0.19818537690606003,0.11165966033382932,6.958104222667708,6.772784382834028,1051.6379947966484,873.7413405565603
-0.5542763332192032,0.22180888874740623,0.35575001893985425,0.23008618547838033,7.006827634618489,7.071547385201761,1104.146187868711,1177.9693971240076
-0.33156555225335377,0.13336076972990327,0.16331880760289075,0.47127694521672264,7.008865581686588,6.922288161646223,1106.398673798989,1014.6389984362092
-0.46950096880735276,0.1811161633738106,0.25677672208594116,0.10000000140815518,6.992413316429639,6.976633625497058,1088.3448298804758,1071.30587312754
-0.5481088783120494,0.23224876033360817,0.2807292334153784,0.1752207267072301,7.030377605189929,6.941897339999537,1130.457396182788,1034.7315913100783
-0.37258054148132513,0.17883978828692437,0.2336955952981899,0.24291992428357778,7.086653214740403,7.056954583686498,1195.89867944686,1160.9043398499298
-0.5807268333585904,0.21234078820272906,0.3212303661995427,0.100000001007306,6.9722967794074044,6.982871748172292,1066.6698445782765,1078.0096984898385
-0.7461969812447731,0.2451937648114867,0.32390996916254944,0.4158730777936528,6.935241390631212,6.8638005280887064,1027.8673396258046,956.997259764338
-0.6152045222423741,0.2137121828411197,0.2628550668776505,0.2561886705114673,6.954034145701885,6.856984001257471,1047.3664458807712,950.4960452904296
-0.20929321773518073,0.14559155871168838,0.18804320818223252,0.35948926104498674,7.302284570757708,7.328187236417071,1483.6856434929427,1522.619120238005
-0.11654292341807274,0.10931799832345307,0.19134105363093667,0.3677637170138956,7.5446565028177,8.071527045749978,1890.6132055589417,3201.987679346707
-1.0096585712667192,0.30379033929971405,0.2260478265128899,0.29925548399651863,6.9075344137431545,6.653604891332158,999.7791591499487,775.5751563505141
-0.555277603247633,0.19749440881151342,0.34216202354654085,0.11750578432817868,6.962318067734287,7.0459194139727135,1056.0787842010438,1148.163988694551
-0.28129344683485846,0.18649956069672394,0.22049936230661804,0.2785671150640625,7.269657315568755,7.21359611927518,1436.0582539009552,1357.7661876810932
-0.413235902741973,0.19269638449249804,0.2595987281575331,0.2949841248022473,7.072961034829436,7.057928998158275,1179.6358107086216,1162.0360931478751
-0.3600764670098556,0.1740918434463749,0.2061022315162674,0.31377005470995323,7.090135943798725,7.002104097416738,1200.0709317234557,1098.9430106490759
-0.23046110828044067,0.11317195682610175,0.12579896671241247,0.5097291532591932,7.097717671165729,6.97557716158083,1209.2041212755298,1070.1746747696734
-0.3814726878039806,0.17362432805056277,0.20333552188693277,0.2510196554621818,7.061792411582853,6.962747210791047,1166.534202422983,1056.5320903383088
-0.39770718126277416,0.20314488174625403,0.2249070928673818,0.22927491592321164,7.117440263212267,6.995228735763052,1233.2894931184687,1091.4132944362884
-1.0301495715611404,0.2767754963762085,0.37408680708103487,0.3266877508592332,6.875325244672267,6.792857819701625,968.0901805594553,891.4575499188942
-0.4765475763028958,0.16914535214937074,0.29135509945145655,0.24906846326661403,6.96158925327231,7.041106701350226,1055.3093791209624,1142.651481071133
-1.130618276606349,0.23905614020336502,0.43750681011757286,0.42226320721675975,6.818088604583696,6.8166819207751495,914.2358727105835,912.9507360136552
-0.513715142925524,0.2572959475577613,0.32053207615071766,0.13475424272526954,7.107503530899138,7.053668529502444,1221.0953110584667,1157.0958062376776
-0.0051958080887430265,0.1712826076561948,0.11836847901052494,0.4072087806381185,39.5721879294584,29.211253551050042,153455639925451260,4856084404638.558
-0.7013565939294448,0.23598831785744567,0.22195469948843044,0.19357116248987224,6.943124270708192,6.746184314057716,1036.0019144145278,850.8061519287157
-1.0335256226445728,0.32607569858661745,0.40380909770650286,0.1987612938663067,6.922148603888392,6.82042976993615,1014.4974075728611,916.3787575047888
-0.5280506064844264,0.24041882914073504,0.2739789308497127,0.15438438602365992,7.061945239718479,6.948569238810681,1166.7124952940205,1041.6582972297567
-0.5880954902030857,0.27323478831620107,0.3564578363254846,0.4428753717399616,7.071259748536205,7.035841854870134,1177.6306186593815,1136.6514050420985
-0.12805768241862642,0.11229404990481964,0.15547124728287437,0.47985549085507384,7.483552280503853,7.643791483298703,1778.5474672250632,2087.644097945819
-0.4144816715188818,0.16465571614328442,0.26018294382363966,0.2682567242518523,7.003907115653981,7.057450356633095,1100.9262122760565,1161.4800275086056
-0.306237316669758,0.15574789676087622,0.20603979617062929,0.4508472795467904,7.115235810101237,7.102530350375835,1230.573758712927,1215.0376590240512
-1.0172169155958657,0.18609159601352798,0.37743561248897006,0.28672490320272503,6.789592086947594,6.800766800102078,888.5510363307737,898.536025071988
-0.18844121343668138,0.1304670028776475,0.2048065545568763,0.3131217851565112,7.2989987467825275,7.51656534801489,1478.8185142779073,1838.24271491674
-0.5097991095676716,0.1916972188699364,0.23789385354690268,0.2810330970668896,6.982675203253468,6.896361826137088,1077.7978419814988,988.6712067405285
-0.5327325342570703,0.20397176345354107,0.24183735946663523,0.39062012255533207,6.98952855449234,6.883675908171367,1085.209738311142,976.208224244667
-0.4779340253557803,0.2595174271024727,0.3959276810351731,0.17278381077353866,7.149648619735741,7.25813440568619,1273.6583381327332,1419.6056569949703
-0.7249884384687579,0.18553286498270055,0.32125890872463514,0.22337774745996436,6.862561667179295,6.872842280663637,955.8124073540099,965.6894292070269
-0.0503574752441201,0.12217898395021455,0.17673562151318215,0.3515163060870609,9.032883498291847,9.939339860244823,8373.971124092424,20730.055034387962
-0.10161499446879647,0.1582902283239849,0.14814684182077636,0.5195770763006767,8.164394977225015,7.887642519763739,3513.59488894498,2664.1558168642878
-0.1052786647442818,0.11093260367165847,0.15058753559334748,0.3123958619412647,7.6603546945248535,7.8600903509896956,2122.5101378044837,2591.7545324213074
-0.04713288865670254,0.10313619460873219,0.2002988506453496,0.4144778435869021,8.794850348508142,10.67938157925784,6600.167777390407,43450.67124530376
-0.5051008866826301,0.19299905626409197,0.21751364327845318,0.3209411243074552,6.988750200972806,6.860353533558275,1084.3653901352102,953.7041743286748
-0.5162412606522129,0.15930313222064763,0.20564191599694565,0.16308303096529883,6.915232905873481,6.828064073233137,1007.5056541589032,923.4014434233018
-0.39700012406907204,0.17734488405732896,0.21588644910615407,0.4788229214948709,7.0533626008937675,6.973513890225752,1156.7418716696857,1067.9688903666968
-0.6525377158128578,0.23630155262638383,0.2662287908460912,0.2568078766005577,6.968777227900358,6.837709367963666,1062.9222439245707,932.3510137387051
-0.7745749986258055,0.1964651714782078,0.4281756094199769,0.5078511899584243,6.860292728013742,6.982507278032185,953.6461855900678,1077.616867735881
-0.261742419602604,0.1551766428109666,0.17729652601989163,0.3212677254434011,7.199510308170675,7.107089719702968,1338.7750166634041,1220.5901126827405
-0.4731604273198803,0.1904466083012697,0.23896484460791406,0.3204841681486713,7.009149206202943,6.934759271754519,1106.7125200928883,1027.3719048174676
-0.29253627255919934,0.1478009935605272,0.1884226104568896,0.15169909446929683,7.11189007411884,7.073819468814673,1226.4634636246972,1180.6488849452019
-0.5470541005404463,0.209178589336748,0.29895727101084063,0.46898747416501607,6.989022951762162,6.9762052291110965,1084.6611919895804,1070.8470278540785
-0.19704788658159805,0.10790520092967439,0.17831336044535845,0.39055950706377507,7.154259210591332,7.334643471585846,1279.5442138755097,1532.4813093998996
-1.1042122570150843,0.3247678478537711,0.5336154990219324,0.1685522419589132,6.9007674139236945,6.912973938974399,993.0364932999304,1005.2323009171122
-0.2887397573507139,0.133583433173111,0.1749203293909567,0.3491075332445609,7.069293205638228,7.035525657956689,1175.3170331579943,1136.2920561916535
-0.5412257246157978,0.20938171497066677,0.2613140021708651,0.6106360664536417,6.99351597148457,6.912538365401458,1089.5455606829369,1004.7945436368389
-0.5930933232419626,0.22998934682500144,0.28126075681451657,0.17957463898336418,6.994429542013309,6.903946291581888,1090.5413922088017,996.1982575906463
-0.44770136835407615,0.2156223850498849,0.24637912813991497,0.21860796501677393,7.088271195851584,6.980039726211932,1197.8351871150453,1074.961070278843
-0.24717591193454458,0.1315405680981241,0.17428815690169303,0.19170821642426125,7.138824082386602,7.134837365690936,1259.9459250361497,1254.932877022022
-0.31860314575878135,0.10292235035217798,0.2041416426944896,0.5196794431483073,6.929692666231046,7.070459048291366,1022.1797809785447,1176.6880669357465
-0.2668375324201431,0.1295386446454239,0.2315358740815185,0.2639407890087335,7.092109047515602,7.297423027766763,1202.441133697558,1476.490146732361
-1.0274359601614371,0.28764742858942727,0.3831464812076207,0.4049080472992741,6.886616470952577,6.802634672819178,979.0830505476764,900.2159444479068
-0.5219171159161962,0.21698152058274695,0.2588795671370884,0.2593024424571567,7.022389609117596,6.925736104515623,1121.4632772601924,1018.1434538450653
-0.7371169660092483,0.31595716936087936,0.42747554135994487,0.2358495815951291,7.035289308522955,7.009648527392455,1136.0235259423528,1107.2652630915313
-0.5581023554095811,0.19072903285473394,0.1950847492667822,0.2712480647983872,6.948395801507008,6.779269605136546,1041.4776504892316,879.4261611231461
-0.07808102906420078,0.13952288840075877,0.20261574880714556,0.364185404290979,8.393548874303855,9.024661568781157,4418.470499301882,8305.403190410603
-1.0479336690747147,0.24404141740185348,0.3144098030025765,0.4161502802809994,6.839528873660688,6.729747821703473,934.0489759773709,836.9361821991619
-0.2805662798162192,0.19465540461028763,0.21057301013154087,0.4105784046633584,7.300444909989662,7.180248052853878,1480.9586743406635,1313.2339692811056
-0.6034568931815849,0.22363825641118762,0.31330565497191365,0.3477741313078106,6.977245433245784,6.948904292251936,1071.961506902436,1042.0073669020878
-0.8115340183778457,0.29908824481501306,0.31863711852247567,0.32212754456694936,6.975196960630238,6.8223550439016645,1069.7678706795778,918.144737120959
-0.8237003763790876,0.20256911507395903,0.21176264556170096,0.49162271078552355,6.852575914634124,6.686806462134727,946.315397486063,801.7577157275289
-0.5840041005784137,0.3049926623030532,0.38011165383671963,0.1535675405600515,7.128894228664664,7.080591027502997,1247.4967578003534,1188.6708481038359
-1.7935648404996283,0.4364558798213561,0.678439059014991,0.6478795598551349,6.849995656607734,6.807982389808751,943.8768070354517,905.04293974714
-0.6637596319300677,0.22721121969405825,0.2356521650157964,0.4233297515045461,6.948959674097288,6.784745836497502,1042.0650767909622,884.2553129541948
-1.1139301817783556,0.39172646650330983,0.45545662110591645,0.6098318648427887,6.958311783047966,6.8385930578705,1051.8562958332816,933.1752870665424
-0.752349234573206,0.23487108745644597,0.2962366704650188,0.3755349676894345,6.91883377948609,6.8234683606748305,1011.1400943362846,919.1674922765848
-0.8421054713825171,0.27785072767854924,0.2898701054917592,0.29461760607575493,6.936597843731411,6.77394014319628,1029.2625395129126,874.7517599537058
-0.3118876086768191,0.13661878327641686,0.18372040737020734,0.44012132117719277,7.0446886958268,7.0187791336940695,1146.7517916257095,1117.4215623060038
-0.5654010193775854,0.2312119892234758,0.15793294278123848,0.10000001004443773,7.015584696924783,6.709048551331395,1113.857725037561,819.7902799031215
-0.40491982699601375,0.14284457104304174,0.2240448803255104,0.44231346965659385,6.959422664895456,6.983026244930836,1053.0254331649783,1078.1762603602372
-0.07302872929748132,0.10644478105821506,0.11685057873880761,0.19549338278430828,8.064224240713308,8.02978262938905,3178.689362670183,3071.074039472511
-0.7614975767957648,0.28874164225564913,0.30715368139282034,0.2144473506905193,6.985826234887193,6.833074249941714,1081.1993734284556,928.0394567591054
-0.11721916999716538,0.1544693105649637,0.18162111721607255,0.24168629581020618,7.92443217159104,7.979134281270252,2763.99443525402,2919.4025882646233
-1.1657264017790192,0.18497933574763803,0.3801481347294774,0.5595679513460955,6.765331790617005,6.755823557134654,867.2539067681072,859.0469328762734
-0.18842239747956402,0.1499976317509075,0.21009629082353215,0.37717169897429026,7.402721320826337,7.544747699916629,1640.4425317081168,1890.7856318607546
-0.14370517054677395,0.14657095479374108,0.17253947650097518,0.3204395084133286,7.626592295699657,7.630368528066297,2052.045327967894,2059.8089773995557
-0.26319025321651035,0.14074514060215265,0.3221526192567562,0.37976810734367994,7.141415964497651,7.653748921833704,1263.2157920645277,2108.5355256716666
-0.5044727213853624,0.22474754218966528,0.2729176331330186,0.411593638210615,7.052159988140474,6.970715297165974,1155.3515952921587,1064.984258375246
-0.8567852041677135,0.2911656197227398,0.37195798144600534,0.14976327938255332,6.946485209383028,6.863851603146652,1039.4897111682358,957.0461397030965
-0.42415873359184175,0.1845973790012838,0.24604093936136862,0.2849505976507223,7.041858433445855,7.009787551323533,1143.510771801317,1107.4192101620674
-0.30319954682747996,0.16788182065588753,0.25598374644660493,0.34266800518574253,7.16035094997743,7.273994309994144,1287.3626535297733,1442.2999558723702
-0.6228770861123911,0.19736913095763586,0.2387298731224024,0.6630760287998999,6.9235170855563055,6.812989112522572,1015.8866790567372,909.5856012244147
-0.2535115091828707,0.18465402291074595,0.19676446676736292,0.15464644915328046,7.3350353530331684,7.205875430096631,1533.0819780811912,1347.3236605941702
-0.4914151127624377,0.18866237535302083,0.2972046422009892,0.29875603619820507,6.990566696808716,7.034512929608596,1086.336925451726,1135.1418835191737
-0.37246377468718284,0.1620064685059664,0.23691107303135184,0.3929139268540546,7.041609179571541,7.065784215422857,1143.2257828299043,1171.2000845791597
-0.5169752978982577,0.2215773756002229,0.2947265336874806,0.18334144127979807,7.035253596266427,6.999817381915163,1135.9829567031863,1096.432911666194
-0.6249699658752006,0.18204141192164386,0.23721373360296713,0.4501380795331547,6.8979304426289625,6.809279691417993,990.2232696779779,906.2178153285233
-0.5233065379600099,0.23902296411658924,0.3213746705612486,0.2149923094853357,7.063405351246153,7.043842649161848,1168.4172699355627,1145.7819964007338
-0.7929933820774174,0.21225657265888154,0.3052411263167996,0.24171396027550482,6.874315184994081,6.814642143493362,967.1128453697495,911.09041780537
-0.36551269072038717,0.20177050726348694,0.23940725282020617,0.2799947330820167,7.158670710754609,7.084709739385083,1285.2013925315405,1193.576736885817
-0.3958201797074573,0.1735460652942645,0.174148114948203,0.3800851682610999,7.045096920830414,6.869687230761882,1147.2200199447416,962.6474322178553
-0.6642771741927068,0.24166004918388123,0.2809029438795962,0.19428539123137475,6.970444184505578,6.852589561180224,1064.6955667954173,946.328311510876
-0.25393264385959713,0.13290515456048327,0.24654190623521788,0.17631507131416535,7.130037618945808,7.400614367675833,1248.9239492319018,1636.989834760352
-0.40332611431730747,0.1764650776730967,0.20504421391095531,0.17062186110823635,7.044174738685453,6.9381026613547645,1146.1625617854645,1030.812557876406
-1.3066431049515932,0.22886893751119963,0.4851545667664379,0.46982211896825654,6.781808143749048,6.8010179335454035,881.6614543787355,898.7617058547261
-0.474282809458515,0.23074707171884634,0.3202059289195381,0.17503792103651072,7.093168076193614,7.104856595669681,1203.7152278738208,1217.8674247487154
-0.007326137496154619,0.12185408175197818,0.2055340115179881,0.16399072615020213,23.23943681024637,34.48461356457108,12381098229.527727,947277848369434.1
-0.33765069568530404,0.18244550939075638,0.2548857292637263,0.3133958505128529,7.146988209256218,7.184599395423593,1270.2743874874184,1318.9607507135604
-0.22612931853703702,0.11883031798284666,0.16112213787331534,0.3352903784226441,7.132147360786763,7.142241582274488,1251.5616377863553,1264.25915612913
-0.3322241582418957,0.18009504613092214,0.21401157382922942,0.4009221650139975,7.148739139283298,7.073897718904467,1272.500497367691,1180.7412744411606
-0.5077719293982903,0.23294351880580388,0.28102531179961354,0.2291417013674842,7.065406382275935,6.9831673855133225,1170.7576499540241,1078.328445525146
-0.6377544233534778,0.24377372783894627,0.24550357864044237,0.36839213826774025,6.988887798219973,6.814669499004137,1084.5146060934328,911.1153414900097
-0.7534150158526607,0.2850975679882988,0.4012895065477051,0.23225614684771603,6.98505725532949,6.962346911929017,1080.3682728031386,1056.1092463824716
-0.5644286982208776,0.18115481414163181,0.1995072167375495,0.4097208162980054,6.927602708124626,6.783187006119144,1020.0456989069254,882.8779827011607
-0.3373703635835458,0.16562207087785516,0.21920761641482286,0.2969676540070155,7.097570814550447,7.079473102176127,1209.0265546898274,1187.342745355595
-0.72843051286964,0.2713468947000438,0.2664869272400454,0.21640919617319704,6.979159148832245,6.795556606676466,1074.0149005252924,893.8666533094488
-0.7222309992174187,0.1949785878811299,0.3427350029491836,0.30030282205141245,6.876617257803285,6.904269868870545,969.341774148317,996.520656879533
-0.6050864941934373,0.19744983509527606,0.26946786354334207,0.28203100926812275,6.932966897924645,6.875057237399533,1025.532119585718,967.830760115239
-0.6159938356394556,0.17370497698614978,0.24435332017205014,0.4489565291022241,6.888641607112077,6.826400915473313,981.0678360886487,921.8669575469964
-0.7744778269572692,0.25632496345384587,0.36008789424205045,0.250791006978118,6.9376150692871,6.8946622842867304,1030.3100643658165,986.9923456998367
-0.40770073186438915,0.19354299030567274,0.22714951811889483,0.3471825813109079,7.081368466493208,6.986867161047099,1189.595326483884,1082.3254080981303
-0.5741125591805438,0.2590739948298492,0.3697338917989025,0.15980806136655665,7.05791011891879,7.073728890281643,1162.0141549972711,1180.5419483443338
-0.7757541673202615,0.26655955005805776,0.3772426407125128,0.408486568562886,6.950263615925382,6.916010956195996,1043.4247553103826,1008.2898492901348
-0.5319436522389025,0.24590997056147906,0.31324915772512973,0.1667426749916456,7.068935936815722,7.018596056238149,1174.8972040258814,1117.2170063345507
-0.5481053787154105,0.20352080100021122,0.24783923408125097,0.24747211870799773,6.97796710608906,6.881893902348035,1072.7353916232105,974.4701645804408
-0.25759602453717156,0.2020588738685771,0.22080416206149772,0.24605088107897505,7.391052329948767,7.286891720732795,1621.4114753291208,1461.022366594046
-0.5006915043068043,0.21972976886316808,0.2815031586619555,0.36141541472783345,7.045502786997542,6.991948228158814,1147.6857322391281,1087.8387711555965
-0.18861131188987748,0.15220083970855203,0.12814405132969847,0.3102601072458166,7.413605178364411,7.109127568920329,1658.394390045016,1223.0800274623493
-0.04197432791009829,0.11082009457853736,0.1276996896150367,0.3163541509612521,9.246837655450724,9.472047871921875,10371.714865111748,12991.464864310567
-0.46521439404101084,0.12989315370069923,0.143658883821621,0.1000000016721184,6.885861567798864,6.738520937456055,978.3442165742072,844.3110230675187
-0.769580735694805,0.26947585929838613,0.403973930054491,0.21705511864414825,6.956809496065937,6.954646768078134,1050.2772921683772,1048.0082825833388
-0.18523767037906674,0.16472202885423315,0.2100490815860162,0.33497766666586687,7.495897111605716,7.563663136238768,1800.6394154417692,1926.8910655768007
-0.2766066483731813,0.17921180260246888,0.23596733223150013,0.38645186493908756,7.25454423956416,7.282798511458273,1414.5181747762417,1455.0543188595548
-0.5097241830847782,0.2391787446472121,0.22445714946303721,0.3549204012760556,7.07588188558461,6.870069684899355,1183.0863877142085,963.0156711239925
-0.17518111798246383,0.1275824824236011,0.18863712076693448,0.1975315320417177,7.3349391929870205,7.506531425236653,1532.9345639352193,1819.8901575165733
-0.5370373644030222,0.18419352855535923,0.2132842897729855,0.3173192885329162,6.949631030296672,6.826869292763994,1042.764908532331,922.2988402290655
-1.0529835476326221,0.34554136153530224,0.42491889105794844,0.2591416713845475,6.934804754531375,6.833257493436696,1027.418633607232,928.2095295345315
-0.38033347096183895,0.17851563988809047,0.25553366762052254,0.21332026327276818,7.076016291255011,7.1015868973706375,1183.24541191993,1213.891868677879
-0.8024258570166514,0.3170460924397175,0.38334102822633676,0.12543578582845744,7.001759702756501,6.907447139572335,1098.564605708364,999.6919080602703
-0.5808529925284928,0.15667031280239135,0.16960051931598927,0.40266357605928704,6.876374737535025,6.721704750556555,969.1067176253528,830.2316436242526
-0.5359368302428058,0.21346293917894976,0.2710344819726665,0.173272817329444,7.004948879501754,6.935440426252147,1102.0737150127245,1028.0719422009106
-0.39082631314468963,0.20027784731242887,0.22953534828333574,0.44723497358090414,7.119097379686651,7.017027293719292,1235.3348917189971,1115.4657321953582
-0.47925737246678424,0.19176829304457593,0.24380715416183774,0.27003618449676037,7.006786530596061,6.938438108504724,1104.1008039517785,1031.1583990135568
-1.0587214694822558,0.40191388793663396,0.39164013263455455,0.21428042182682278,6.986272116537628,6.799637481899093,1081.6815678823702,897.5218647454797
-0.34129443166250584,0.18436804116051378,0.2367328855362698,0.2776188781801048,7.1468524985020645,7.123351906740368,1270.1020092893627,1240.6018537075804
-0.05309717939077609,0.12296729948109539,0.2006852699368596,0.2348765614819438,8.922541555419553,10.2093038597233,7499.124470321091,27154.657557361246
-0.5514608141548125,0.16579886838592983,0.18296620894781296,0.30764544034462826,6.907304129561424,6.761504084037359,999.5489523318842,863.9406583995293
-0.6644880777170057,0.15078939778419698,0.19077296918664033,0.26565349422054096,6.8335758494881675,6.716817133488552,928.5050776975696,826.1836897550828
-0.41642558137168295,0.17155347550813893,0.10654707052818133,0.581359241855824,7.018616893293998,6.685580489692699,1117.2402860902469,800.7753851410151
-0.6876453179601084,0.20588198781511474,0.23386851502020078,0.24881395689688945,6.9060516107957985,6.76981997594403,998.2977822325116,871.1550510077798
-0.3426729882149038,0.17228504240404224,0.22628722149185926,0.290736778221248,7.1094182721846,7.090078564615129,1223.4356325040667,1200.0020746086382
-0.40558558168756587,0.21976092471602626,0.3070204091768634,0.26740630546940947,7.148486322980105,7.186700058806848,1272.1788291593325,1321.734355451548
-0.26530105966842704,0.17105834469495523,0.2340626848963807,0.20607802726965196,7.251420866378474,7.311972587728605,1410.1069990984822,1498.1294682243356
-0.6672260898617397,0.22994900363843496,0.28557219450102067,0.39192558462815497,6.951284497014934,6.857718620818755,1044.490511824224,951.1945548161899
-0.10034296504797036,0.14588427948614047,0.15036579861698435,0.40068079616892655,8.060506761159882,7.928238069203948,3166.89458695984,2774.5339585285246
-0.198683677288587,0.1504977343260862,0.2537453483997072,0.32194042116799393,7.3641242594583405,7.706851811517863,1578.332611255897,2223.531132702426
-0.8039246634794222,0.2285796036607926,0.25554075004200016,0.3264700100949982,6.89097981812105,6.747586016597625,983.3644636571232,851.9995652827101
-0.5247675364385436,0.22975105940614424,0.23957009756029263,0.35966772745947345,7.044465110813032,6.886245617567872,1146.4954237716643,978.720021603891
-0.5797376666715756,0.24091395461424403,0.2999831527270921,0.18803091557770674,7.022207029343139,6.947165850722446,1121.25853943903,1040.1974716757625
-0.4021185312089869,0.18393973629522703,0.21985150317199767,0.23792607210180983,7.064076845303441,6.976452558235677,1169.2021186698958,1071.1119122675022
-0.3843958509675025,0.20779147915762514,0.25735233796867196,0.3130611797843321,7.147216580540469,7.099217697962508,1270.5645148077538,1211.0193209439287
-0.7038630527761278,0.22060802542698427,0.18937979258228915,0.618448710302866,6.920074828331194,6.69877720430471,1012.395747584943,811.4130259407152
-0.5854201654112403,0.2832789915848104,0.36771103919377374,0.23690470753420695,7.090540233589759,7.057834225223269,1200.556206238825,1161.9259687952315
-0.47608269084720145,0.2086964662880855,0.2747542691368735,0.4031348232211202,7.045011988255553,7.006834072665423,1147.1225877321585,1104.1532964365729
-0.2668771634355321,0.10674198699038323,0.23308058589875663,0.3273848185890357,7.006616918519125,7.303082274983959,1103.913551001903,1484.8696579850816
-0.38905276742128214,0.17866665596427095,0.3296810981717645,0.11508260987237524,7.065885207577214,7.277113779734909,1171.3183725718632,1446.8061918209473
-0.7971740607470497,0.22715269854133313,0.2665804841530997,0.523508942153099,6.8915976145283135,6.764126350113326,983.9721703899908,866.2091136264147
-0.5935623089603274,0.1903355364494606,0.250638920304974,0.31773590469993956,6.927316666492169,6.8519816677391345,1019.7539650960266,945.7532195522157
-0.4506619472036325,0.2323684373850869,0.2898165100980802,0.2735450363617338,7.122266023805402,7.072810184712727,1239.2554364835971,1179.4578759299816
-0.5804938130314237,0.18423985862695152,0.25259936397133015,0.3016724409714657,6.9240348929616244,6.8648651390277005,1016.4128489176862,958.0166320368271
-0.3082360433402711,0.16938660353509635,0.21770054932212218,0.29828451549290946,7.15618554130951,7.135998169404884,1282.0114147594602,1256.390453582897
-0.07772635032648276,0.12301749908093187,0.166667253461674,0.412265558841711,8.189350243054193,8.574001986629888,3602.380813909444,5292.2670484403225
-0.28857647108886236,0.16935086316202436,0.25680326833632716,0.1719688396328679,7.193499358353611,7.319616243937452,1330.751844820994,1509.6245310228583
-0.19061130192278924,0.1393783683986958,0.19491556378614233,0.19042790006611515,7.33786794187544,7.4523008350727125,1537.4307251851517,1723.824822656378
-0.42444382844056905,0.2018044299663641,0.23945612089720508,0.3327187606553795,7.082106339507842,6.99388393244287,1190.473420694802,1089.9465446802612
-0.652887051185316,0.17249134756295642,0.1782061472026334,0.33872512669097193,6.8708480244763654,6.702670437748171,963.76551611327,814.5782036596904
-0.15266513142905702,0.13085813727869636,0.1607912349404892,0.3357171297012327,7.463808176721452,7.482947765568621,1743.7760363902858,1777.4726336273213
-0.2653235642740361,0.13714883440860481,0.16031210072505914,0.29607668017986505,7.123561809875004,7.0339330584035364,1240.8622872574622,1134.4838382364587
-0.4650394608484115,0.2271882270034718,0.32709454005904487,0.17185194627651193,7.095185560355481,7.133088907081349,1206.1461556360457,1252.7405959436044
-0.5757098356928065,0.17618922027180234,0.21766028051161393,0.5396395429689196,6.912688418217956,6.807792366527629,1004.94532720058,904.8709768571669
-0.3059489232398034,0.15810727917307357,0.19833609579047368,0.25275121177353954,7.123426900098099,7.0779848606730145,1240.69489409486,1185.5770068521051
-0.16500639191412442,0.10930803630625491,0.1843392054724584,0.5281281734584999,7.269097471047295,7.5468835062568775,1435.2545095619369,1894.8282994420842
-0.6800431598361912,0.2784674986580745,0.3675878352560599,0.10182471413519062,7.016135223479013,6.970255515993853,1114.4711021175217,1064.4947112155476
-0.6694166375185733,0.2226623752081657,0.297325130408594,0.39985949655716213,6.939271699809741,6.87387505133163,1032.0183220514582,966.6872801107814
-0.6256148761663614,0.24233951204997428,0.3372944397215756,0.9999999951527415,6.994012317890129,6.968860173970868,1090.086486937971,1063.010412804542
-0.3165128183882949,0.15409604300217494,0.19757130868544712,0.2456391030404722,7.0935058016732615,7.053932139287721,1204.1218218312192,1157.4008682216001
-0.6459627301154967,0.23251916552795412,0.2811130472578971,0.2630164245959471,6.966607742087516,6.86490410116381,1060.6187487997004,958.0539591384066
-0.20956125974523573,0.13072973358001888,0.21100828970915314,0.630493897762625,7.230476048568709,7.436624523206725,1380.8797134540016,1697.0123168240282
-0.38345990004519925,0.16979489027018277,0.19064425360061868,0.3404255836046448,7.049447178139664,6.926888161330786,1152.2215933997777,1019.3170888671862
-0.691066360571519,0.29668963039523755,0.37847231222084177,0.18407332781520186,7.035971662864902,6.977383687750982,1136.7989610585046,1072.1097206555376
-0.637837271746891,0.21920068146492636,0.3275452665740038,0.33060126661537664,6.950312576551457,6.943244292412139,1043.4758432903036,1036.126264591799
-0.47794862930230475,0.20212935058434264,0.2768226639112944,0.33660931611802175,7.0295603865672485,7.008908635491879,1129.533942729554,1106.4463094975063
-0.399919313574943,0.1614259621400246,0.272363159497273,0.26287052227099994,7.01029651349612,7.11076475455398,1107.9829881078897,1225.0840765646824
-0.649253884390795,0.19893877223569054,0.2968977547593221,0.4511379948595153,6.91306155626242,6.88701016492953,1005.3203805037409,979.4685855340352
-0.5207065368887347,0.18940961047985466,0.27104124110380856,0.3967191931037738,6.9704051941756315,6.950245382559758,1064.6540547732648,1043.4057303387626
-0.15126304810147545,0.12665481375987783,0.22095357662410126,0.3140039791046581,7.443965150755262,7.8904435570347795,1709.5152858633019,2671.6286775980157
-0.2512722746161886,0.12427602137137997,0.18117159046699707,0.20772200715771502,7.101237269318341,7.150736513220323,1213.4675322124235,1275.044696708872
-0.8005050711415067,0.3022532526063321,0.36621061772104435,0.1745023430371129,6.984228372149397,6.887193928761647,1079.4731447430522,979.6485929736735
-0.2206038971379765,0.1443378605010486,0.14859086668880334,0.2725980366094318,7.260935365987096,7.103283583735182,1423.5874899579333,1215.9532106904328
-1.1901660442385187,0.27108878044322704,0.28441728854510423,0.3887024626243305,6.834424102077888,6.668692258284333,929.2930186735359,787.3652605009581
-0.773338353042991,0.23457586825512788,0.30735400735705826,0.4000126805288413,6.909979081412193,6.827157425022703,1002.2262769125937,922.5646225654992
-0.7549252399280449,0.2336832775426877,0.3133262586174017,0.33399004548112843,6.916195112216268,6.844762242601184,1008.4755490343991,938.9500121565561
-0.2523977902817863,0.1257460468656443,0.17177065781819184,0.605429055307992,7.104856001412591,7.1102747936241935,1217.8667010225777,1224.4839802553402
-0.586004762119777,0.23254894289870642,0.2722951510428735,0.13338538230915153,7.003488160786508,6.894383195203978,1100.465070486238,986.7169253465861
-0.5326621169253036,0.24659804564667193,0.33495874152172433,0.169604075149632,7.069604163609101,7.058558531687656,1175.6825641872058,1162.7678641438845
-0.19786679103295618,0.1117452556391308,0.17925885235587902,0.3735623628150898,7.17140011242772,7.335676720384177,1301.665806033644,1534.0655621940034
-0.25828353326312115,0.18129602103568623,0.23523933835606087,0.3309163096080787,7.3085765488478796,7.340498943474185,1493.0503915542586,1541.4810337287906
-0.07882059520382037,0.10523506565172294,0.12026758847832905,0.39818331030033993,7.941771614545692,7.955559116363764,2812.338477231188,2851.3821378709736
-0.2791623472104412,0.16782173503430886,0.17189134684866303,0.5664458779167625,7.207811971486543,7.04545920284911,1349.9353366216903,1147.6357124238648
-0.529713718915134,0.19719278706200524,0.21473835110905976,0.5266413298336872,6.978913127520295,6.835105148527055,1073.7507024709198,929.926125947399
-0.3146079704909457,0.10920804220333918,0.21205049732331502,0.4678032651497206,6.953774392978228,7.103734497405654,1047.0944249244078,1216.5016242500803
-0.4879130525002078,0.18290069774084017,0.2693945555931098,0.34926414869404554,6.981513487771322,6.981855876548368,1076.5464745490406,1076.9151350889085
-0.32319917590818703,0.13328967259777086,0.1448971476453313,0.35696172375677154,7.019057402965486,6.878041003730444,1117.7325496571168,970.7228534710229
-0.6019640595057478,0.18657055194349337,0.23417012379987404,0.13207673730030828,6.916586550333776,6.818729619262757,1008.870382076175,914.8220991949322
-0.7662648402127011,0.24649847643202089,0.3020220816199399,0.4022465054750614,6.9283385418372365,6.823867905280173,1020.7965591408419,919.5348140653635
-0.535342009510589,0.14621053113740745,0.19216851187197956,0.44501274852806194,6.879766303633261,6.788683483213438,972.3990871028413,887.744062206544
-0.8130621437098515,0.23602418963845834,0.2657246728152236,0.32440444713316197,6.896940653494508,6.756539112763209,989.2436423371927,859.6618487212949
-0.1841842883130434,0.12072058754396667,0.16519878659587095,0.30859576809107603,7.262083875193378,7.326640643839641,1425.2234325638426,1520.2660688833043
-0.6207747090344019,0.27030001539452836,0.30387145963477497,0.14054357893222597,7.042073877693271,6.919223085728695,1143.7571611595924,1011.5338141209701
-0.6286269038701906,0.2184013864190752,0.2730887853483735,0.342481460221183,6.954076274828005,6.864140568939131,1047.4105714433429,957.3227332604085
-0.5476756453877658,0.23140343754514037,0.32081375380967436,0.4606076866201041,7.0291693168075415,7.015492748242766,1129.092302523683,1113.7553119962329
-0.3192232518469229,0.16933669589232353,0.22209472382164827,0.40111551065292006,7.137114978197532,7.1254542734736175,1257.7943853041809,1243.2127973929107
-0.7789889077723603,0.2989439318889169,0.3632898051117899,0.24173386048749945,6.990409093297154,6.896080168784624,1086.1657284285156,988.3927794383694
-0.30132807134145895,0.15518827400810772,0.18628877166810903,0.45658393050198337,7.121664513662753,7.047945223947193,1238.5102359145387,1150.4923083254853
-0.6343265597157336,0.2573936689080337,0.2830167596412103,0.3123647597303653,7.012424885311211,6.875888340601098,1110.3436992157103,968.6354617072594
-0.2325857323577485,0.16498854416423112,0.18125758644704687,0.39512368051938035,7.316016760371632,7.209034634689624,1504.2004301701681,1351.5868623084202
-0.04947494909643225,0.11699728254113667,0.16188092161125756,0.2462399042386811,8.97142841594628,9.70169700540826,7874.842125570529,16345.321774922675
-0.13100725108142652,0.1415844840944119,0.19869891174668455,0.2881394894877626,7.687387953960483,7.946421111776837,2180.6711033035085,2825.4448826810517
-0.34655115502536926,0.15102471902643122,0.21321695188997597,0.3821986765505359,7.0424436234336945,7.044973384419474,1144.180138690261,1147.0783052545617
-0.3177450853656901,0.14734766976141184,0.17602088864033655,0.24440027356901367,7.0703793721015336,6.98368835670096,1176.5943166488341,1078.8903699365794
-0.34219586496612275,0.1884529922268499,0.2051343574400783,0.35143795137040246,7.157366929211772,7.029184224523981,1283.5268625249912,1129.1091348370278
-0.26844658373768543,0.13000462945504238,0.16610673798486172,0.14092411022148213,7.090935095489806,7.048489647031767,1201.0303537487669,1151.1188334286524
-0.10716651950149055,0.11438400717974495,0.148522462768871,0.2809592538814356,7.67399853073556,7.815623055572093,2151.66777719145,2479.0310460423843
-0.590279693771336,0.18438516014148956,0.22957772853829916,0.3020544527714927,6.919019325924911,6.818649896891109,1011.3277251865171,914.7491703146185
-0.5228419816769567,0.21928606174189724,0.2551099259440289,0.4181725922792024,7.026061919430811,6.917648785333461,1125.5892096343593,1009.9426088837638
-0.5203328120219746,0.159225791178004,0.2094277138871844,0.403322089288509,6.9126577788373655,6.8322074800418635,1004.9145367699292,927.2354086048213
-0.6177734386862158,0.21523940172477996,0.28925469654058344,0.3981191773614783,6.95506173685102,6.897940800658196,1048.4432635398518,990.2335264926729
-0.39807383245942257,0.20327410344334365,0.21719460456552317,0.40463965395159723,7.11729441063129,6.97533334877168,1233.1096277800361,1069.9137842814503
-0.6696494237028815,0.16526494647970383,0.4083872817596802,0.5017947369587925,6.8534434195379195,7.039571838549611,947.1366869187185,1140.8990130617867
-1.0916461632231962,0.31777065164506935,0.3494536934111665,0.315580053441793,6.8977432732721615,6.7498357438989185,990.037947569354,853.9184896843749
-0.45026090725576773,0.19102402291292117,0.19349303658925643,0.2503131241380388,7.030902036258143,6.859454845847438,1131.0503986435049,952.8474771167183
-0.16609512415388814,0.14261668385003412,0.17354003076992597,0.2711800846356681,7.465294800701763,7.474542627749059,1746.3703035343603,1762.5953416015318
-1.1617936380995135,0.2079677461057859,0.35880135768891175,0.42993390275419346,6.785655940133986,6.738553461908981,885.0604432505262,844.3384842682208
-0.2441795285384751,0.15499777357664535,0.2053505362122967,0.5271729027256032,7.241419916913878,7.270701264847444,1396.074874501694,1437.5582086814022
-0.6060794400380162,0.22155426989902138,0.298945785879447,0.33995860887741647,6.972203371577882,6.922964696620872,1066.5702139164916,1015.3256694575853
-0.23271711378130255,0.14977066752090468,0.18813653037428762,0.29978719640797535,7.2502241163117205,7.238153921545901,1408.4204628356633,1391.522738102785
-1.5707987771479797,0.4289551731653035,0.40226126469354767,0.316767155599712,6.879731104903879,6.685806553319342,972.3648604928934,800.9564317919669
-0.5298679682520337,0.2393836406673442,0.29672151922651335,0.16602497537047278,7.0584299785435425,6.989710904215284,1162.6183962865618,1085.4076440497388
-0.43797393202280005,0.10038798846329569,0.19921170722273193,0.669386766933763,6.835860148534672,6.884567798126739,930.6284852868622,977.0792829407314
-0.6101919811028959,0.23681784089775892,0.28530267299525036,0.35970326080670295,6.994754009637063,6.897281625413768,1090.89529499483,989.5810041527207
-0.3998947792014521,0.1715949344585906,0.21181885409314852,0.2555953996303833,7.035750398012052,6.959405948355475,1136.5474552293924,1053.0078303703535
-0.93959199705968,0.33226385110253703,0.38595118521830174,0.15772666464587448,6.960275857917759,6.8404841359183886,1053.924250494676,934.9416640186791
-0.5603460530044662,0.1995128611931603,0.2262151971453814,0.4375237093244976,6.962703129059883,6.833425716233303,1056.4855176012475,928.3656886718225
-0.3095397798739834,0.2008001331803477,0.25216471691600617,0.20944139177246524,7.255355607072054,7.244363453746121,1415.666334589376,1400.19032633589
-0.6817193521947706,0.23585902262019293,0.3099157774243141,0.28137190754630037,6.952626902072355,6.88432851389319,1045.8935827037467,976.8455112434531
-0.4158864443926481,0.22193438862252068,0.2440665689004221,0.22491160394895432,7.140291981007443,7.016578155909372,1261.7967560056218,1114.964846851052
-0.4265397985861923,0.17774927056664408,0.2668787578386104,0.35452730295663815,7.0233739506764925,7.055402611765945,1122.5677236578429,1159.1040462759238
-0.3841212220016553,0.16688047013387292,0.20444322877932025,0.28925900701680307,7.041097596482549,6.961955702098737,1142.6410774279593,1055.6961668690888
-0.0874675555945954,0.11538644934774675,0.13619529676999065,0.5739630155170741,7.925841611674343,7.986814515669366,2767.8928664583345,2941.910607240614
-0.32529660418713296,0.1496851836866582,0.2005390500790839,0.4431661888613505,7.06680003639631,7.046200091417198,1172.390418669994,1148.4862976590593
-0.550291121121024,0.24946902849298314,0.3062658736825592,0.2444472234170187,7.059990280046682,6.986271931690672,1164.4338474751585,1081.6813679368431
-0.21262684174506885,0.14797424203977183,0.23724934242645496,0.18943021612712652,7.302584155895169,7.545520947314158,1484.1302002483712,1892.248242336872
-0.3510524257038081,0.1802405839254771,0.23175948928586995,0.33547683317208227,7.120079437012025,7.089904317443755,1236.5486572948378,1199.7929958577135
-0.2805488842740995,0.1493573677524613,0.2350875121039735,0.22985509029613144,7.139025740422617,7.267675090346226,1260.2000288770569,1433.2144824379623
-1.0642388099830176,0.2766929340156231,0.27311240137045223,0.6649994067921178,6.866641582321082,6.686346467027455,959.7200067841272,801.3889959122341
-0.1475477313967224,0.11492680590730829,0.15632314766102007,0.3619354988295785,7.385562913756839,7.489194579290967,1612.5352578381016,1788.6109272684546
-0.2516272638929398,0.1353477531909653,0.19468642634051167,0.28580891981063966,7.1445400439862485,7.203429064705172,1267.1683494472084,1344.0316430005653
-0.6465033350159644,0.12400008581154098,0.24903470313380893,0.42837232476916687,6.798451340338401,6.81492198148432,896.4579078865429,911.345411194224
-0.5391433716907142,0.23517934546303415,0.27490438332918254,0.16985312471584213,7.042859472654857,6.939610534414555,1144.656044055384,1032.3680648209024
-0.21040388711676686,0.14817858750069343,0.18565414112878972,0.3343027775083546,7.310908028252528,7.312089778668414,1496.535468906624,1498.3050457125157
-0.17272760514658103,0.13539176109027523,0.1709333061334723,0.4915646896782455,7.390495715552822,7.419331451113239,1620.509225486122,1667.9180501616922
-0.558061562246182,0.23042891468230423,0.2538782850740578,0.3901930970049079,7.019559675529167,6.88464829279607,1118.294097063465,977.1579357800474
-0.19305147585525298,0.13039734378689738,0.1817766095738381,0.25372038154442567,7.282103938671298,7.371316058788054,1454.0440286267728,1589.7245779395603
-0.8545788771582694,0.29911412526030745,0.33400856039553445,0.5038805154216139,6.95666366448,6.82056527276111,1050.1241397326896,916.502937828366
-0.4885707663385992,0.167442594273338,0.2879416916085337,0.20928086883735586,6.949369410944653,7.019074616428606,1042.4921367353993,1117.751789870733
-0.48499998613181566,0.19600881915435228,0.18677934357516907,0.3295513411986678,7.01079209291794,6.814831537659702,1108.532217758739,911.2629893570175
-0.4443381947835473,0.1605940868430275,0.23907923704913064,0.45496832650688923,6.968073284028593,6.967776390219722,1062.1742696216477,1061.858963465594
-0.5478489102271318,0.21199505959773643,0.2603004950934518,0.19809109895850097,6.993609173685925,6.904851380711964,1089.6471134600677,997.1003139641223
-0.820881486275344,0.24596904078867893,0.24679439012931276,0.39164922300727656,6.906290322930663,6.730365057523594,998.5361164728447,837.4529286507744
-0.2956148097130375,0.1965983519534004,0.23972633248638406,0.33964827574246437,7.271699248335002,7.2406610297127285,1438.9935841574486,1395.015813052505
-0.5463663964863132,0.2409071729259218,0.29600155909298587,0.2579161067454498,7.04757622864006,6.971483321856353,1150.0678603772874,1065.8025067578028
-0.45372898500842274,0.14177430731751273,0.2047702929396678,0.43006998896289206,6.919114921760306,6.8810247719600595,1011.4244085264534,973.623590892978
-0.17548511546426143,0.14296414340495145,0.2005388112683545,0.2355016776544095,7.4213297846742865,7.572487687968573,1671.2544392773016,1943.970262758726
-0.30108224674689027,0.14147519976954262,0.15201599727835494,0.6307832334645255,7.076539066390065,6.934618052833385,1183.8641449149698,1027.2268307093118
-0.5116144902098347,0.17908982612846594,0.22043577490784633,0.44734425289711954,6.956698571370054,6.860582518719311,1050.1607969403692,953.9225834378825
-0.6893051018077703,0.22525375361510327,0.33043453947434004,0.34713726008531454,6.933434005183964,6.909092891361834,1026.0112649808748,1001.3385073821474
-0.5113645883839477,0.1965671288319042,0.28158489808259823,0.3753162068011159,6.9910474113817385,6.980373364677013,1086.859268982018,1075.3197784764516
-0.5545801784685537,0.22203082091893947,0.2685680427914857,0.3595619339905766,7.00700856455221,6.913992182363197,1104.3459790388572,1006.2563933609244
-0.3711664741529793,0.1827929360653566,0.26344327982805565,0.3031472717450405,7.099132532515995,7.139490694389554,1210.9161883344545,1260.7861001171339
-0.5031953157229443,0.2101036163316003,0.2815168303799187,0.15075535747350688,7.024189081666157,6.989177846556463,1123.48313643737,1084.829213374283
-0.10865943426117257,0.11718756733928606,0.1484127128240576,0.40270577592515416,7.6851351620873345,7.795571544481288,2175.7640345416,2429.8177766291865
-0.5843994659586744,0.22847486718562102,0.2822863979178538,0.3926058803266317,6.99760685281806,6.912756192411863,1094.01189166536,1005.0134388681321
-0.7669059493498683,0.22487083826984722,0.2797511587099297,0.17471861235989763,6.899868459521662,6.794498443370003,992.1441998985301,892.9212966751072
-1.082428181580164,0.3567887299829061,0.42322974481296083,0.2400807955740779,6.936269033946667,6.820719779043049,1028.9241635525623,916.6445542297064
-0.5637619734824348,0.2445400100620493,0.30146885886458985,0.20993364510894647,7.040414827242541,6.964464411264015,1141.8611835220038,1058.347926374586
-1.2250805727585599,0.20863561659784025,0.25178538906396075,0.6784060001090926,6.776953773763927,6.635245052979083,877.3919148241658,761.4656423854067
-0.3265651039794586,0.14527039009031475,0.16788980490346397,0.330873828512209,7.051493766605546,6.943827699822762,1154.5821315240885,1036.7309246973462
-0.4257026702025855,0.2089754523632153,0.28827172481827157,0.2890668211696804,7.097545515240354,7.106886301261288,1208.9959675390282,1220.341847395814
-0.5036831146252285,0.2439223394041777,0.27911629946938904,0.29428010442993885,7.090927566800246,6.9838700766294215,1201.0213115981182,1079.0864436321312
-0.5236822759570281,0.17917318630701873,0.14423010809365858,0.4389963359699283,6.948791202866347,6.70513477222697,1041.8895335921593,816.5880722897764
-0.6064098515189307,0.22512778097618394,0.2685874048703425,0.5238362234413315,6.977897091920947,6.872633464673073,1072.6602875763651,965.4877988648426
-0.34729239843297216,0.13172819325967072,0.17325086441931045,0.29107838855168755,6.98595072330771,6.928581143889126,1081.3339786089368,1021.0442365229567
-0.20008933488644112,0.1078114042002999,0.16127068862825258,0.43191488261423844,7.1454665317145185,7.235712904524264,1268.3429093962945,1388.130149780581
-0.4083953440531053,0.1516502515957117,0.2635417777305923,0.572592701396063,6.977982165869345,7.0750299145271764,1072.7515469041596,1182.0788616059174
-0.17290291559563242,0.15535666939371073,0.17154934782405146,0.2303710566662801,7.505169848857016,7.42189099367311,1817.4139242374924,1672.1926255426117
-0.40931437329833836,0.14432810839716712,0.3249456759952002,0.10000000465338212,6.959259617511711,7.223597477916645,1052.8537541193741,1371.4138279869487
-0.09386903264803315,0.10385780390932516,0.11729573967587448,0.4030337275228271,7.71306197056959,7.679287481106571,2237.382580022149,2163.0779887029857
-0.39399308426620483,0.18505317018351772,0.23464515576214662,0.23707321211645832,7.076336527338368,7.0252760122335465,1183.6243904743583,1124.704948492456
-0.5588754620641507,0.22516303339366636,0.27193459933539743,0.2998496742855346,7.009536068076173,6.916294068970423,1107.1407477986843,1008.5753494392563
-0.45495023378473287,0.19789571317686488,0.2202843894479834,0.44671883563314113,7.041633396406878,6.9139139527082385,1143.2534684756681,1006.1776773494755
-0.1623748976389291,0.09959185877684171,0.11859482490161515,0.5148650545855948,7.21999535361629,7.160096073350889,1366.4827114904858,1287.0345766908417
-0.22132177148481003,0.1316933470856574,0.1772392114159936,0.2542151876454689,7.201681331133253,7.230540880411466,1341.6846853021655,1380.9692413325472
-1.150602400340726,0.2880681119558678,0.3165663204214779,0.10106786980737212,6.85701304992122,6.704850418429783,950.5236563314741,816.3559053810187
-0.6302943372283988,0.17529560257029544,0.22137060711285422,0.3647170640586475,6.884767237576346,6.780937304437975,977.2741705286348,880.8940031370604
-0.3685565905343553,0.18187191926975568,0.22386106071104006,0.41954802765433763,7.100120996219729,7.037118901792415,1212.1137267990352,1138.1038894685987
-0.5665407934984978,0.2043287286886234,0.18677159841969174,0.557043344421541,6.967310408786697,6.759389645771176,1061.3642721715582,862.1158391254232
-0.5605244071214721,0.18521724336570472,0.19332473977673378,0.3457958772467392,6.937085830056924,6.774619249254342,1029.7649281269753,875.3460109300713
-0.624106016887793,0.2206762596621054,0.3020202332792108,0.35520743140870725,6.960237964060931,6.913644043909026,1053.8843139966984,1005.906137787895
-0.3152160548480347,0.1683224780219757,0.2310495412518464,0.3922844935828365,7.140641001174704,7.162707337313105,1262.2372253823294,1290.3997554719404
-0.9195211734104216,0.1836609220801561,0.308850851917034,0.40640893546289647,6.806385578259905,6.765601740294757,903.5989099573068,867.4880532832345
-0.4060485060682542,0.1622032323316272,0.1999221777087627,0.3969253734779354,7.006117811143403,6.9220798111545045,1103.3627170805096,1014.427619923142
-0.4028144407291516,0.17460764665067624,0.20819733718538777,0.2223750071311708,7.040119369514016,6.946576164727234,1141.5238616450604,1039.5842626126275
-0.5279051751480139,0.21380703373461152,0.23511072072502964,0.33795810956014377,7.01166048691115,6.875084918260687,1109.4952785755129,967.8575508749245
-0.35566703177797815,0.14754327717231444,0.1991319127471245,0.3041708099279903,7.021485591196948,6.989602444283338,1120.4499124791755,1085.289927194428
-0.4283053507272272,0.16057433541267777,0.23126183622855584,0.2965984489181188,6.981556395378268,6.969665653906174,1076.592667573039,1063.8669912951584
-0.44553530755181475,0.19039763751053845,0.2723906432500485,0.27887363360695444,7.033995975147603,7.041097832645456,1134.55521851124,1142.6413472774298
-0.2869375465670045,0.14159421001092723,0.21257472804530425,0.5476480738539009,7.100117185219421,7.170559185454928,1212.109107442051,1300.5716602606135
-0.5259550872687762,0.2485927856698688,0.3132860446146608,0.21617473788018884,7.0793004023236685,7.025371183285529,1187.1377091440256,1124.8119929392592
-0.5476091465810751,0.2524378758173095,0.27887562093848606,0.4065586196006681,7.067632033184102,6.938979819433376,1173.3662496201837,1031.7171401118899
-0.5413573890718131,0.24774742956902854,0.2698830687508761,0.2937856477187728,7.06429135739162,6.928249791283047,1169.4529535604718,1020.7059669006187
-0.6501783068409677,0.2613429141861152,0.265843050046232,0.6226752037656234,7.0086059442362005,6.8385966233531486,1106.11144855704,933.1786142927682
-1.0410897446537346,0.3028740555016784,0.36790911407550764,0.2235722876474142,6.897570404226503,6.783107950036692,989.8668154463413,882.8081885854263
-0.5396589832487099,0.24907488249193643,0.28629310536419816,0.2865795885861341,7.0681914376613575,6.960226917460851,1174.0228195806471,1053.8726722224524
-0.5263543021812349,0.17323088620712573,0.19543096827319112,0.39950027048126946,6.935764787312426,6.8010111488078895,1028.4054627937478,898.7556080131503
-0.5399978306415587,0.17786758011788356,0.2297913091079547,0.4214245100402956,6.936035917075251,6.855260648889667,1028.6843319261156,948.8594163294451
-0.4606882468082829,0.1973091072085199,0.15843980511429198,0.3139643106597455,7.034942222245384,6.773639268074995,1135.6292961853271,874.4886085016832
-0.5944216623273523,0.22401881674176155,0.28710668156521557,0.35055091469299715,6.983518713944421,6.912721191740318,1078.7073595238542,1004.978263338447
-0.2793166244539035,0.17296733777314907,0.22406348746209864,0.2944872245344445,7.225902041011083,7.231904052266214,1374.5779822783275,1382.8530234022435
-0.4342729310570964,0.21165970292833525,0.2597954011515833,0.2437581212513712,7.09403884846901,7.027950181756258,1204.763846209354,1127.716625260115
-0.6259861034839109,0.26727551269191907,0.1581198392681219,0.4733856106381451,7.0336173524091,6.68231268799717,1134.1257314193444,798.1628808774526
-0.35127085492780474,0.17290190689380242,0.20915539459335883,0.4712768104356082,7.098868383262524,7.0251443237364715,1210.5963679693057,1124.5568475399461
-0.18833605030203293,0.14289320339892192,0.17144855688346294,0.3478410416474449,7.3653642144990386,7.340052664959604,1580.2908865688926,1540.7932573441296
-0.5082783649091113,0.23969871930908462,0.2920880824736541,0.4284197680736698,7.07823964555273,7.004381125354943,1185.8791124315223,1101.4481856811738
-0.7708353056738146,0.24508047754726453,0.4227510062308236,0.2615496489630349,6.924591613820074,6.978151812571715,1016.9788646932502,1072.9335511043244
-0.5914744623634252,0.27106008977584156,0.342799724079932,0.24501143697195005,7.064928788274684,7.009287567437564,1170.1986366248195,1106.865656797387
-0.5233166673587499,0.23373970875355649,0.20455100260074333,0.45316016214839255,7.0533007963025565,6.820593714155369,1156.6703819203906,916.5290048204497
-0.7742891843027434,0.241955766085571,0.2535050552229667,0.3445733614593664,6.919137782552095,6.757123063627448,1011.4475307535625,860.1639956010924
-0.6073875998122449,0.17392590848263673,0.2712915897305649,0.350084943202978,6.893000958812606,6.876372636276853,985.3539914697906,969.1046812840824
-0.22699940429284735,0.15052893442064041,0.20867684352625626,0.11383476112596524,7.269774985532252,7.349003139493361,1436.2272447656514,1554.6459899413812
-0.4982560777352003,0.20087542746498926,0.2672025046805389,0.19379444863850684,7.009807190078748,6.965994932811501,1107.4409587104126,1059.9689909012884
-0.2579569158209925,0.15812945813069457,0.17618736341773855,0.7113685639562338,7.219657430556911,7.112730293457642,1366.0210234839353,1227.4943949887534
-0.23347647250663747,0.18668584323616666,0.22632549831503745,0.10000000013923128,7.406241859105897,7.399091234795499,1646.2279503548552,1634.4983796085546
-0.40512142203882384,0.14082792400951394,0.21543041350312875,0.3529039904576005,6.9542692365579315,6.961486997068244,1047.6127011001684,1055.2014727068824
-0.33875260986547095,0.13053320242056718,0.24744859369121858,0.6603908201148897,6.991985084348243,7.160189403538717,1087.8788654862713,1287.1547014751723
-0.6082527891365399,0.2918427754263268,0.3553997039775404,0.18893530325622845,7.086455261717259,7.014015531135839,1195.661971117227,1112.111268200197
-0.3491238968322134,0.16867054588750385,0.25130110652727033,0.2685471421991078,7.089775367309968,7.149524420661109,1199.6382923651136,1273.5001607686843
-0.353652987310193,0.1627978805095269,0.1938197963985233,0.4759404986711354,7.066982450737338,6.977770260453487,1172.604299002471,1072.524249125166
-1.062618923330986,0.31145620391754514,0.4260040196697085,0.10264364851244567,6.899752630620365,6.830619565847019,992.0292875811398,925.7642067178475
-0.40584436767627646,0.18632097886468735,0.23392421404636127,0.2694063939800662,7.065744838494356,7.006108440600649,1171.153967225155,1103.3523780214373
-0.7048946425476768,0.23630179406640484,0.26720757152282804,0.34705871401550664,6.941880133772149,6.80879396008807,1034.7137876362005,905.777743830793
-0.424153670587193,0.18109104550866525,0.24191364035839585,0.35538391512057477,7.033596970032398,7.0000638063659295,1134.102615477039,1096.7031328374383
-0.7026087644093288,0.3383972259576172,0.41533380477447396,0.25657499406045337,7.088279854228476,7.020850454214247,1197.8455584684505,1119.7384992488378
-0.6221635480511294,0.25007049644469914,0.3176430200630245,0.32698410075273476,7.008587100098141,6.94026533219278,1106.0906050365836,1033.0442785035048
-0.4453392946064789,0.16112242489850506,0.17050021189130574,0.37501683174232187,6.968447195467024,6.812574110352612,1062.5715029910887,909.2081995428176
-0.3263037280751856,0.21743194575996833,0.20418094927350874,0.3108561449775942,7.272998520747027,7.05545841911082,1440.8644439374903,1159.1687346002045
-0.6245056631189938,0.2270754399432626,0.30442816496576414,0.23380171816084855,6.970258482092876,6.917190101516507,1064.4978686169534,1009.4794707781133
-0.45937327362420266,0.1940417441863025,0.24868703945103804,0.26640211300805644,7.0290555705067534,6.971081054190562,1128.9638797549685,1065.3738550933476
-0.15612537079915662,0.139504037836292,0.12486809850433195,0.48278143991387534,7.500188738723117,7.229513245478545,1808.3836942780547,1379.5508380240822
-0.5395368701996257,0.1644896085909927,0.24429426083666003,0.3447634370642285,6.91152204515038,6.882504587509548,1003.773869347798,975.0654407949623
-0.42047388131976415,0.1557794672324877,0.2586652494253583,0.30363726060518437,6.977135664971675,7.044895023814946,1071.8438459957472,1146.9884230267799
-0.6189100318453792,0.20384828843065833,0.19006817569787557,0.4171119806075341,6.9360167789853,6.736820940154975,1028.6646450612252,842.8769159415331
-0.3791751268543683,0.18256201253086002,0.22721366837972068,0.3344389953456417,7.088121674176322,7.0289509473200535,1197.6560981803532,1128.8457701348095
-0.3626838148549136,0.15962643414709493,0.23006576119002406,0.36380392692821883,7.046775793156858,7.064061987318352,1149.1476735779638,1169.1847468113067
-0.22078837830770826,0.15272024252315988,0.1863735192851598,0.5324625618280779,7.2983543587353985,7.273846876019364,1477.8658882668049,1442.087327531757
-0.7685622380358963,0.2428293611230671,0.2644376417817258,0.2629621927017036,6.922602947218105,6.773787438569583,1014.9584424291285,874.6181915112684
-0.3649780030427468,0.15528113235136864,0.11600925928541869,0.3881902023327278,7.0321035862848555,6.747572220720267,1132.4102290687483,851.9878112822771
-0.1321231320376247,0.1398900980391152,0.15321694647281087,0.4005227602196204,7.665436001230807,7.5893721755635895,2133.3227105355754,1977.0718699872218
-1.14468143632,0.3776052586446102,0.46370965747677084,0.5525397481147101,6.936528217468261,6.8348187858147025,1029.1908783032663,929.6598679046923
-0.4042317099104694,0.16990483607493148,0.1800971399094059,0.270730691277919,7.026965643668295,6.875248949117234,1126.606891667253,968.0163223993682
-0.5497147476150899,0.2509017269064672,0.31332608260750605,0.24704916074282068,7.063071863067886,6.999698879113705,1168.0276815539266,1096.3029889928034
-0.5906706621616089,0.26862178604958353,0.31770636730160007,0.1445586214079343,7.061424400083394,6.967593436665975,1166.1049834055902,1061.6647103648393
-0.5941456859546264,0.26365816266850706,0.34171566897143457,0.2377263239927831,7.050410309180312,7.004857322257249,1153.331868366402,1101.9728167991882
-0.30059852591128156,0.1823844101467872,0.1591231628712089,0.5907910652296726,7.213387726223997,6.959073913124333,1357.483268122709,1052.6582527112625
-0.49767183387704444,0.15586016594738591,0.19774148889614854,0.3074693065427656,6.919828781685886,6.827052570723267,1012.1466816497003,922.4678927696718
-0.4113189206740925,0.20723523711878872,0.2893588054242008,0.17054171257435266,7.110481220226895,7.133209618852459,1224.7367724140627,1252.8918256070992
-1.1262739729789994,0.3875676597633081,0.41903897511046795,0.215348350833409,6.950765089908713,6.80177724121563,1043.9481368988907,899.4444016669702
-0.6843806820254179,0.2311511648851023,0.2335386674786674,0.3667033677539821,6.944402508781332,6.77096035992305,1037.3270182240253,872.1490689445321
-0.43835030762178057,0.2118305116444577,0.26380516961692996,0.1531605849840098,7.089894997394357,7.031533061901265,1199.7818137798338,1131.7643456844667
-0.6128237068759431,0.2386137929028017,0.28435227526492235,0.5564556720883422,6.996017944373252,6.893722864452655,1092.274987188488,986.0655808929826
-0.7381154593691861,0.28563822129699884,0.34765394250315784,0.28362378079669137,6.993633303366786,6.900721593074463,1089.6734066143874,992.9909925669388
-0.6310557853907472,0.2759206405253274,0.3779064477384346,0.1355806427332571,7.043886714113855,7.028567403194338,1145.832486341825,1128.4128909902688
-0.2946961401000201,0.1714327116771119,0.20408014219700316,0.573922025712775,7.1883772207597385,7.1222298791856815,1323.9529779989427,1239.2106448766017
-0.45976114571636134,0.21862230650995282,0.28035647971247585,0.27530448038914657,7.082162979192747,7.039506717184037,1190.5408506438253,1140.8247185791795
-0.3953376781052536,0.22023061952241832,0.29571486808545094,0.22170698212423062,7.163719829997218,7.177725257560918,1291.7069374283506,1309.9251243290103
-0.5069500924840271,0.1822311832874674,0.2201111473730446,0.2863718396861411,6.966115912685304,6.863906492967002,1060.097233573277,957.0986732355367
-0.45800861006979626,0.21072602132361473,0.2863031965448182,0.23020338289207368,7.066742020042784,7.054823876188308,1172.322402826029,1158.4334256009006
-0.5537494342918061,0.21783223482896438,0.2515011606341955,0.41222982478706927,7.000027084375189,6.88389811021389,1096.6628604545947,976.4251638073365
-0.5699378545525585,0.22282624197239015,0.22996162066873566,0.39685348835408,6.997616043602659,6.833204908655554,1094.0219465392113,928.1607211228682
-1.1770878984680953,0.29453285647689864,0.3724387499882774,0.4415506095934243,6.856871819485088,6.746126392487058,950.3894229400794,850.7568733272313
-1.0503679294216763,0.2706458599251322,0.3347128735660051,0.3558654295734662,6.864317858967078,6.748381981139642,957.4924720805975,852.6779966943441
-0.22341663633777306,0.13519390856979005,0.18927119926795327,0.24481498194417617,7.211770336540989,7.276886467796351,1355.2894632868854,1446.4773528766925
-0.2520896012539211,0.16064735142981654,0.25217735864433855,0.10000000031859792,7.243913090462172,7.430067597874231,1399.5598739993168,1685.9215342266973
-0.45735009693602574,0.13003459678101875,0.17991237328179738,0.4762334258470601,6.890971973057283,6.823099460873084,983.3567491304605,918.8284741066243
-0.17414152721357157,0.0884735728977516,0.1105220306780644,0.3900743514586944,7.114705756362392,7.064387339556841,1229.9216613297924,1169.5652055740882
-0.5521522814263191,0.23621052402027098,0.30415128580034967,0.4375505841442586,7.034449784182475,6.980566220924391,1135.0702067642846,1075.527180612416
-0.3609627891803791,0.1623549543403221,0.22831468134751787,0.2648292538907009,7.056433264140885,7.06223531676573,1160.2992954514175,1167.0509809007253
-0.683902704082741,0.21393862731700958,0.3893083730679232,0.2935566324589793,6.919470454402808,6.998964738722919,1011.7840668504568,1095.4984440486496
-0.04380376383313421,0.1441753495284734,0.15404753877464777,0.23152310946796606,9.898041996219247,9.946484369783954,19891.384876953776,20878.691445205925
-0.3505567661855031,0.21187393149317862,0.2807218179865546,0.21579622962042974,7.211042832212818,7.230507952445608,1354.303842901438,1380.923769573168
-0.4848550061440423,0.21744234616911468,0.30902044741838725,0.19530180592683397,7.055118993189384,7.067065578424832,1158.775349450699,1172.7017789377767
-0.15158052246374257,0.1434238923089512,0.21009042436546094,0.3060562556216672,7.552839643641586,7.815718292073531,1906.1478340015838,2479.267151528917
-0.5788540433763617,0.20825290634729818,0.22034055294215016,0.22381340278075812,6.966417745447854,6.810369065726112,1060.4172539437454,907.2055636502413
-0.7403842694962078,0.2606991594367992,0.325632634898665,0.16824546808755378,6.958763501104529,6.869535190385702,1052.3315456463984,962.5010820659796
-0.27062990779648,0.14951214113585243,0.22596920141537616,0.4756535267019223,7.159109972898099,7.264694456434024,1285.7660568587924,1428.9489548941494
-0.7410791253184794,0.2488173309574074,0.3057319037426219,0.2625715575454256,6.942400205942029,6.842269087517388,1035.2520534373402,936.6119799098747
-0.5202057038258807,0.22157019663780597,0.2638207298954799,0.3346273939494351,7.032578227756114,6.936866416173795,1132.9478455033768,1029.5390081912765
-0.7185907249398976,0.2598211812573754,0.2798515722958999,0.4010595145313668,6.968220649383788,6.819164488367244,1062.3308088441154,915.2200135760387
-0.375710176813305,0.12034609599225335,0.15838876881872463,0.29263600416962504,6.926966492274893,6.851291153744451,1019.3969360643139,945.1003891388056
-0.6227044387428251,0.27269723064641965,0.349066270051165,0.22886189560141074,7.044574205492131,6.99028440793733,1146.6205071448499,1086.030307906492
-0.8070046987883222,0.30871901620016406,0.42160494156683304,0.33217265338594515,6.989199403896316,6.952151307989883,1084.85259965839,1045.396280171362
-0.2944203028851653,0.17671393255240272,0.2218179748652048,0.189309341766625,7.206859923165056,7.1831253155153725,1348.6507445442383,1317.017929459888
-0.5332139624165859,0.2706909550099618,0.3109862092687795,0.19165240059940858,7.114309351354281,7.012949159158804,1229.4342108439473,1110.9259760019572
-0.4384478731425451,0.18352809741313247,0.26463320237702403,0.3374106286694756,7.025236085812022,7.033287698088385,1124.6600439450367,1133.751923588817
-0.12429586082849345,0.07177315173503247,0.13693712061927038,0.5765008471811375,7.184088173727558,7.531422460797507,1318.2866416858383,1865.7575838899118
-0.4447063410974843,0.18653249312690728,0.1996062648169829,0.43280974048668475,7.026101126939394,6.878569081407458,1125.6333420481121,971.2356059151524
-0.2628520265064127,0.1602661843669785,0.3481747445913287,0.10000000005761363,7.216370364113863,7.754323093308713,1361.5381933337635,2331.6305141690427
-0.17796603687775533,0.1513934907084964,0.2117796705609364,0.38326902861086704,7.457337729532612,7.619719965078176,1732.5294500970717,2037.9913411586363
-0.37634572330769755,0.1878893782792766,0.22268000291126494,0.18691673695766578,7.10589693365138,7.02140948305403,1219.1350777668138,1120.3646403620967
-0.28404552471563466,0.13923014522408161,0.18476456356451623,0.40086554712710293,7.096818603262587,7.0801946571481515,1208.117453229124,1188.1997875813588
-0.4419848214136557,0.1569836987601029,0.22058435841125287,0.2475650071827989,6.961829122565311,6.928796251096027,1055.5625457978713,1021.2638941209167
-0.45897122660697065,0.2129820975005752,0.21023842143033972,0.2655689926967096,7.070692559998169,6.887783969324498,1176.9628694581857,980.2267959456962
-0.20290102876330898,0.1682290753408159,0.19155649176538272,0.2775287802702846,7.435769074190946,7.373807799980767,1695.561230061699,1593.6906993774999
-0.7880423343427156,0.29029090919983763,0.2840743729502885,0.30298588624042805,6.975019874664206,6.790200584916761,1069.5784465754382,889.0918823670513
-0.34998495718585326,0.20739268989045123,0.20854128409280215,0.20665882580913003,7.199226197344657,7.0255773279582705,1338.394710214716,1125.0438908408769
-0.5300869593849229,0.23264094085245213,0.31583619368994764,0.4579574964510805,7.045523349805924,7.025539065935476,1147.7093321235623,1125.0008452093923
-0.6153966758025637,0.2088963430765176,0.27111077188720434,0.2016607587280685,6.946100091097502,6.870265848449146,1039.0894617494807,963.2045982262446
-0.6969127460710229,0.21603399419972974,0.26951979833213735,0.4239927406828984,6.916637333682118,6.816453398248814,1008.9216171931548,912.7421300415308
-0.35328526477662914,0.1900314110828029,0.22209748550430763,0.1922979755457868,7.144548111838996,7.058382792499005,1267.1785728160985,1162.5635382174123
-0.4617426248661779,0.16545642167356625,0.20820672863108391,0.17154831681705157,6.9649805909805735,6.880634592690782,1058.894365125409,973.243777254255
-0.2170991595048613,0.14467525068324905,0.20865069359079003,0.49824733437852475,7.273051894123802,7.390804237955575,1440.9413497906826,1621.00926601894
-0.6599547759445354,0.2647997276061761,0.23169286720491372,0.3117573754599058,7.0078893881226065,6.780793332870042,1105.3191415363808,880.7671885753105
-1.186111024406976,0.38699768253495304,0.4349677019650154,0.43944731537271176,6.932924602818229,6.796437005331734,1025.4887455128487,894.6539588295187
-0.4841145210220284,0.15117084544746368,0.1657348715106879,0.38525691557853337,6.918912758137438,6.772065894669649,1011.2199559708995,873.113793214307
-0.3841334231661055,0.1766257544841731,0.22508389926125216,0.230082267133686,7.06645332706627,7.015671872928562,1171.9840104302275,1113.9548309353981
-0.7898743942006536,0.25486412695844535,0.3018618876953658,0.3748031284162437,6.929314307012469,6.811883895460021,1021.7931029915727,908.5808670250551
-0.3501491149091725,0.19498138851198715,0.2551326336787109,0.3837287463466156,7.163502624801593,7.158359428321153,1291.4264024382478,1284.801394174053
-0.6349311360298574,0.21206221345883103,0.18147063286912032,0.4628182342885107,6.9406426484120365,6.715530997700676,1033.4341364102247,825.1217883653983
-0.28103641837868676,0.1790588773186766,0.2450019435027121,0.2034550266122261,7.2437878153769395,7.30149953030475,1399.3845549985942,1482.5213473129234
-0.13029588913595566,0.15977088907643486,0.1357149929056243,0.24692241748611857,7.83286607171801,7.4713102281817925,2522.1476805208013,1756.9071274253236
-0.4287144083939777,0.24311846042247476,0.29193762669263734,0.3046500708744995,7.173737402448374,7.110680091857263,1304.711734755076,1224.9803620334928
-0.6684637679153839,0.245912498699333,0.25196162167045866,0.3370729573930631,6.974527265708771,6.806645848268904,1069.0516924066774,903.8341202614984
-0.3162300228459577,0.13439954638700002,0.1763675051905217,0.14754596187333366,7.031655836128136,6.987438519397946,1131.9033057071886,1082.9439804547935
-0.5304633785778798,0.24406041913795315,0.20109183284511178,0.310769229645926,7.066739287527425,6.80880659501264,1172.3191994414344,905.7891883365634
-0.30094750163252015,0.18528811636076273,0.18349662873062872,0.2738849825220905,7.222332706756282,7.0394491741995395,1369.6803997544787,1140.7590740087946
-0.3679192521821568,0.16255227953131512,0.19346995637535758,0.41257250177634486,7.048465281676925,6.95556843872242,1151.0907863515001,1048.9746463184988
-0.6614529391208264,0.24833743716693998,0.40006534241508496,0.2715336871024731,6.982092523028737,7.034547605262873,1077.170013422125,1135.1812459891376
-0.4137462059041772,0.18578824632498844,0.2593168170075579,0.40166413892509534,7.055689340331309,7.0564728193558555,1159.436442167641,1160.3451922472016
-0.2675921569683023,0.11640175783321494,0.2642092353448485,0.5059981629925793,7.041647082788885,7.417077397412482,1143.2691155864447,1664.1627072704366
-0.3767064443416894,0.1752675899062271,0.2525170471988556,0.46427176764344874,7.071913237942697,7.100047928724764,1178.4004393008572,1212.0251639209778
-0.3910649858329467,0.18959886699197126,0.18222510635375347,0.323663780163063,7.091477194139456,6.895690896998122,1201.6816071875785,988.0081008924618
-0.03152712795893763,0.09598848449548597,0.12672236894593436,0.4805727617863923,9.65128161030084,10.449190237030674,15541.693740628447,34516.41327643401
-1.0586804662890716,0.29800561679550885,0.35020596517084546,0.23278642854290088,6.8881379686639574,6.760514251648592,980.573857010051,863.085925045039
-0.37117514726630296,0.12540423889225233,0.20600192449560445,0.4422557893047101,6.9445075018505475,6.98471871765096,1037.4359360891594,1080.0025893384143
-0.549392797611638,0.2659818102949762,0.28859758357686377,0.16587171658367042,7.090787967856935,6.95502229385958,1200.8536619942515,1048.4019106167293
-0.207701163492969,0.1266272223563228,0.17136907926287415,0.5129413848712785,7.216310817014129,7.254794679260508,1361.4571200970358,1414.8724706414343
-0.16517819736728073,0.16323359549148037,0.1766279700502597,0.30315915236518753,7.594877434668081,7.499037177744505,1987.9861783817532,1806.302428763438
-0.33037572986951513,0.19681228539123402,0.24086963763472494,0.21577967387507568,7.202372775956751,7.158797360757274,1342.6127070335215,1285.3641735992232
-0.5617078736137316,0.2448004212683828,0.2970934531307826,0.404242909953073,7.04246465982036,6.958630442415407,1144.204208359242,1052.1915331055623
-0.3348499393211919,0.18409330005878216,0.24116684003242503,0.24847486966259325,7.156428694242673,7.149943111710145,1282.3231774967837,1274.0334755262104
-0.859459480824294,0.34235457741330866,0.429974270548452,0.22516193649563954,7.004987263223605,6.930003994228395,1102.11601751552,1022.4980637052788
-0.7542838230300494,0.2813447259138465,0.32675240553534013,0.303176790276806,6.979646023207752,6.8629150412460165,1074.5379381757532,956.1502263561412
-0.4670596111694493,0.23844496944318394,0.26638847586438474,0.24581373601759202,7.117173819029905,7.000071676118066,1232.960934081125,1096.7117636532219
-0.37078827032498696,0.20421184228914516,0.25328825333804533,0.1579347405320763,7.157400732082955,7.112826991434975,1283.570250151494,1227.6130969529636
-0.659491244774078,0.23316334990698517,0.36826954594607353,0.3154811598836941,6.9602005202695345,6.988134087579908,1053.8448533110727,1083.6975038635187
-0.4170659952068366,0.21472432826183077,0.2638906384588148,0.4370300237813913,7.12149515253344,7.062450608103919,1238.3004981835286,1167.3022639166961
-0.5707142160529048,0.23575410362429322,0.2625984399008743,0.3326921447263973,7.019736275510627,6.889841957056782,1118.4916052197282,982.2461678752148
-0.7388058495101899,0.21500517374304923,0.2958966934308932,0.2833187166550816,6.897667337572412,6.830226178990498,989.9627711993479,925.4000948697905
-0.622475086525885,0.19628358276169,0.27535309401848695,0.3918950321636908,6.921977798516283,6.872071469273467,1014.32414076353,964.9453516042148
-0.3748253691210453,0.18015879904180432,0.19839197767764646,0.2831971931934152,7.0872974792677095,6.9590112336715535,1196.6694027924766,1052.5922747357724
-0.6634205554593309,0.21372091453062933,0.24371708320893817,0.4379237267358069,6.928800159954539,6.797083861315137,1021.2678861047848,895.2328583079732
-0.5513333873263189,0.18668288773411823,0.2200028176728916,0.42531420301408096,6.9452527305488,6.82875719773863,1038.2093512711322,924.0416974543929
-0.1243080611765431,0.1420514408293373,0.3795768047663094,0.13841795458504833,7.749387346482575,9.483236693042853,2320.1505307108487,13137.64028110378
-0.3805738954764739,0.18135429959318633,0.28654035287871105,0.30585467348919015,7.083178665289333,7.1826359452076645,1191.7506807330358,1316.373577666668
-0.4306879295689682,0.20526651332859963,0.20464324505286807,0.3205320350861352,7.083251686347128,6.904873832278121,1191.8377068057002,997.1227006790942
-0.5045028723450619,0.1807175053680078,0.2317764639067236,0.10249949722915806,6.964859257492469,6.889135026714541,1058.7658935726622,981.5520336367794
-0.3624087484517732,0.1363195744525536,0.15815972851322874,0.4089816848020038,6.982798871998205,6.86613203482452,1077.9311401299344,959.2311084263152
-0.2706670651886852,0.1616941942958992,0.17832249644768844,0.2593308448071673,7.2040416500735125,7.088545465321253,1344.8552293523737,1198.163761793509
-0.6316377637725089,0.2510518647409125,0.3212001839486738,0.2001235938392533,7.004111958023707,6.938239079575117,1101.1517517094992,1030.9531890831802
-0.4587296394189157,0.16605706657154135,0.21116299646332548,0.28882794938363643,6.9686435092847505,6.890040718085477,1062.7801209360707,982.4414195375415
-0.24192982188964968,0.14678678735159217,0.22051808387250854,0.36557833941578555,7.213383106534698,7.341215556323742,1357.4769969862662,1542.586074740913
-0.5352952115620215,0.2570707657275022,0.3229421367851468,0.25420988682765866,7.086891294608947,7.033016742445414,1196.1834327429222,1133.444768721943
-0.6777638910821375,0.19890301058537838,0.22268677475503268,0.4781975655507701,6.900119657207956,6.758280467618391,992.3934555309226,861.1601291957652
-0.2964260858886253,0.17890007769926616,0.2711541092016037,0.38544988372624533,7.210173581121303,7.344463902062208,1353.1271243138058,1547.605074953723
-0.39906349430035626,0.1920545498866016,0.28916105084428145,0.3617210421049819,7.087913325096236,7.154318583129526,1197.406593626962,1279.6201859185235
-0.6010506128052764,0.15386993967811963,0.19930301988913196,0.513083696333112,6.862651821335004,6.761310554802087,955.8985816990402,863.773476802374
-0.31331325789475406,0.15794288605310808,0.1980485092985385,0.4134917549906707,7.110755525098885,7.061829688214366,1225.0727697583886,1166.5776876990815
-0.8522841045521263,0.240089363137248,0.35063968296999004,0.4717582303784478,6.888351278421934,6.8411312139816385,980.7830452923254,935.5468400368308
-0.5639755231200064,0.2504316353423569,0.305846847825039,0.3551602764421131,7.050697179509073,6.972024658471514,1153.6627725196731,1066.379620871648
-0.5339309146585496,0.1684019488680197,0.22358371296214502,0.39227022672425593,6.922050445379149,6.848469744831851,1014.3978309069319,942.4376326064663
-0.33187586474627184,0.19712975217779855,0.2624256597906838,0.19800863545256409,7.200636592315784,7.220453869017871,1340.2837071861652,1367.1094085238399
-0.40952462301415976,0.16544437607471613,0.24975859040215992,0.490328319091877,7.010641464810529,7.039593894292551,1108.36525422379,1140.9241767146402
-0.5690227077079275,0.20061661251111712,0.24244358279012462,0.40320953616327126,6.959213642442727,6.8557896146189385,1052.8053502080927,949.3614632136721
-0.4981658884176068,0.16311782018986887,0.20724103700456117,0.3044547756194468,6.934086937654648,6.845727562540566,1026.6813998036537,939.85683694298
-0.021061584875080298,0.06447602022438295,0.17381960421683454,0.3272477796165334,9.6679592285519,14.682640863005512,15803.065648054975,2380070.9663697025
-0.4134400274233172,0.2108975128872711,0.20061841685258663,0.379330653876445,7.116754430825055,6.914961359680112,1232.4439532237443,1007.2321069757481
-1.058722687669555,0.2486420329161921,0.3681763556153236,0.6676965088712543,6.841501139910655,6.777474711683698,935.8929870912075,877.8491006154667
-0.5885551390033726,0.24273486976998834,0.30508106837213145,0.43282462063856253,7.019075214345999,6.94807544531306,1117.752458194169,1041.1440601097645
-0.5770563174066823,0.28530620732350453,0.3584254551694456,0.1589206648952739,7.101066759966411,7.050846817533879,1213.2606422887523,1153.8354172550314
-0.47841029178457295,0.19421818672385688,0.24526297803227906,0.35570793412536544,7.012615923263322,6.9423818982337275,1110.5558372647117,1035.2331005182202
-0.558219316121236,0.2059717019185478,0.24439011481225295,0.3401435918171149,6.975630076306164,6.867522520238372,1070.2313042669018,960.5658330335922
-0.691134753814402,0.3013391499257828,0.3183480573866114,0.24322996131964114,7.042656548579327,6.890335957863998,1144.4237893516772,982.731518146873
-0.17001816606085154,0.11505862943210579,0.2367099292084201,0.45680201271792553,7.2833933372267055,7.8219820502850865,1455.92008012591,2494.8454198269524
-0.7426391599021355,0.27299560649532667,0.37916395674602227,0.27028299797945354,6.974252140465348,6.940282315576534,1068.7576097562078,1033.0618232399052
-0.5811853895585486,0.14932313501961197,0.2096182135524222,0.24566891921982104,6.863578763038444,6.79039305538361,956.7850547496232,889.2630227659298
-0.3605331008812521,0.19803619859305593,0.27529722944988166,0.19165055794456526,7.155937333783265,7.193303262099386,1281.693249364741,1330.4909149534426
-0.7751002725083072,0.23781577111849211,0.3010742871087618,0.26391088901617726,6.913469548225911,6.81815217221747,1005.73062682263,914.2939903689041
-0.26200303602691044,0.1506707114646884,0.23734208950260885,0.40167224704246024,7.181722573715179,7.335594818652486,1315.1717884909021,1533.939924712966
-0.5399475466626555,0.23377048779191334,0.30176867139003916,0.3644158948890416,7.039600551908399,6.988604638746379,1140.9317725748056,1084.2075589821673
-0.12239235647551305,0.12799144026653386,0.16493529140390412,0.25707739038404065,7.65239719158528,7.777314182099784,2105.6872798854183,2385.8582267605907
-0.21595346115908967,0.1387979245064256,0.18588912211539416,0.30446587138000947,7.249371649246104,7.290502727900794,1407.2203423808141,1466.30766571585
-0.24677224995738395,0.1613429486175047,0.19269662813316946,0.3476516677594862,7.26046336270152,7.21058778136922,1422.9157105388872,1353.6877059926805
-0.1609087717764558,0.14375721636700947,0.17853251393062775,0.26939384426657464,7.500058387503273,7.539245776447878,1808.1479846204145,1880.4112397445672
-0.33443598889269843,0.15497214284921756,0.18783463404557688,0.5622930649110596,7.070033757333376,6.991365473936554,1176.1877385406167,1087.2050131990652
-0.430836311763825,0.14654931488090217,0.2632337412395196,0.28460095912342287,6.946800983332597,7.040702661331772,1039.8180067707392,1142.1898974010514
-0.5256783209225154,0.22147695075063079,0.26808782092771044,0.3078006922322602,7.0279666870612525,6.939704026112647,1127.7352387205726,1032.4645871762875
-0.4787692792202717,0.1570844999897239,0.19793339992092035,0.4480666587900629,6.934750811713606,6.8431407406633324,1027.3632132458854,937.4287366012493
-0.8608560871609745,0.2467342325224976,0.30608792093494175,0.6693210006003835,6.8932651456581695,6.785281720671808,985.6143434218266,884.7292983717516
-0.633380783580682,0.2269190867544022,0.26300493067380293,0.26499536605812696,6.964916639233882,6.84495931084076,1058.8266491464983,939.1350676161794
-0.9267128188372975,0.29805853931667414,0.37436822714650453,0.19351986372846292,6.928280073319701,6.833693848023796,1020.736876424121,928.614646401408
-0.18278889560368144,0.12274695849593784,0.1890206319493466,0.3954884330336271,7.2781732461223525,7.46381201043879,1448.3398466347332,1743.7827215475252
-0.5154566629495092,0.25857781047726963,0.32683805875190897,0.23184109493221078,7.108298198657021,7.0637942359085955,1222.0660617925357,1168.871737853247
-0.5506718521638799,0.2286432608456514,0.27591362199218605,0.21524944701008042,7.0218580090553155,6.930768552743022,1120.8672657460706,1023.2801222327311
-0.5027998692415917,0.17681303667391893,0.26874479889158587,0.18504965683902178,6.958307072944463,6.964216034883817,1051.851341492926,1058.0850903901194
-0.5087471182128018,0.18799301827367038,0.2123014017970412,0.26249572897907,6.976171725571408,6.847021894498701,1070.8111512891799,941.074111291711
-0.7462762480375925,0.30802011625339587,0.4252466575376843,0.21813057315600576,7.01939294340557,6.999544202671487,1118.1076570570572,1096.1334298606128
-1.0793735184131454,0.308718304928398,0.373409636272489,0.3997096531670846,6.892666379538093,6.775669818586182,985.0243675919197,876.2661058310199
-0.876906920252702,0.1886330892907146,0.29014516551178643,0.38104399599845973,6.821762058318412,6.760592868145552,917.6004519210944,863.1537805042854
-0.49820372283215136,0.20936559260685633,0.2717677004890271,0.19480884279636063,7.0268911097639215,6.975214599882271,1126.522924386166,1069.786740751092
-0.6744537882551664,0.20223586169443428,0.24647884547935694,0.17652601387376296,6.906501510656819,6.795169045928741,998.7470173138175,893.5202928031299
-0.6876663254449003,0.2623997954798931,0.3319044883501993,0.30994637754996623,6.988230301103694,6.912372875579677,1083.8017752351604,1004.6282741252209
-0.7500755221858886,0.26809604309453505,0.3418022340371327,0.30183387586234467,6.964075585594323,6.885409903772595,1057.9364935263554,977.9024334625515
-0.5710490585962495,0.26237245903494877,0.31033644597004867,0.25594795495671696,7.066107136674435,6.97316918923018,1171.578351048174,1067.6008238670365
-0.43245072437254894,0.1567472338013805,0.1990361684956704,0.41848815032446096,6.969112832153562,6.8899711489883675,1063.2790250157336,982.3730743524051
-0.35159087058877214,0.1783175355201576,0.24437572696040186,0.2839096066384128,7.113823581291063,7.124776566840026,1228.8371335425038,1242.3705492639601
-0.8600584706683154,0.2586684797316836,0.35567713751590496,0.29258061832914867,6.907407040009193,6.843269428008845,999.6518216552096,937.5493795794152
-0.2998723683113248,0.19610825845661595,0.201104005529842,0.308521352109816,7.260622606401394,7.1003514761199265,1423.1423189437432,1212.393126846626
-1.0884754582320346,0.31070681360786373,0.30124416611234267,0.6674652427048331,6.892101558811183,6.706477363422829,984.4681625054604,817.6851525466283
-0.37171257925052426,0.18968698492657396,0.2602839409992905,0.23940482954966896,7.116955716640676,7.129948513935892,1232.692051678588,1248.812668808916
-0.720854912730345,0.20410459686406346,0.3208834554913426,0.20569197719399826,6.889792595661705,6.874862390745315,982.1976840306843,967.642199900541
-0.47811100343867996,0.22164889474856136,0.2649853718958969,0.3647963258169893,7.070243145060098,6.983953473889606,1176.4340436031164,1079.1764402377157
-0.272441199380587,0.18804496393399228,0.2121934049336522,0.25121389638627956,7.296872385929845,7.2085789362124535,1475.6773532853479,1350.9710865481964
-0.3701577391137791,0.15352639621835684,0.2422779378986076,0.27159004506052403,7.021409571172646,7.084245676731248,1120.364739087083,1193.0229709987134
-1.0804093007730298,0.2887724972589779,0.3182652686744222,0.6047998259920251,6.87393083349768,6.724297901648324,966.7412055251839,832.3873535501184
-0.6161858409325272,0.20858334153177807,0.15862575087407307,0.23245777009625396,6.945157382689636,6.687151149357666,1038.1103649512656,802.0341190016348
-0.5535189370443976,0.21658213080958028,0.2238628840478034,0.33839774023065183,6.997932428439204,6.834155295977283,1094.3681332551694,929.0432526116913
-0.4811704661145778,0.22616843905733947,0.30304885373714147,0.21876552795875537,7.076688259988645,7.059535468584531,1184.04078304329,1163.9043700297427
-0.7156427776421257,0.20613189253116637,0.2276976243168531,0.4139791319912951,6.894687596720714,6.747891660349232,987.0173291946247,852.2600134263574
-0.32222259547880205,0.17567818028343918,0.22079085198020953,0.30583584179110823,7.151857700346603,7.114931673205428,1276.4750621120527,1230.1995527376941
-0.5824271716965848,0.2491338689464072,0.37865857879210807,0.24292983584395017,7.034401295784486,7.079858409039029,1135.0151703626775,1187.8003248125888
-0.6266632709125144,0.2163563961306853,0.32086489152459563,0.23722655484388955,6.951901625325386,6.941740696479735,1045.1352954257122,1034.5695200056061
-0.5335043840153584,0.18403583074150642,0.25371465982355124,0.4060989621124339,6.9516067343644785,6.905281942800903,1044.827139912537,997.529719994529
-0.9161104986737199,0.3379681360887132,0.44762672124873615,0.12705185715512002,6.975566530436164,6.9183359952570695,1070.163297648364,1010.6368899979761
-0.631259857539206,0.23546088301703127,0.23196442383507537,0.2736094402491628,6.979651700875405,6.79718213397187,1074.5440390623664,895.3208395423578
-0.3230981805858415,0.15969322063519423,0.19963662095740659,0.5180854825745569,7.100906205670806,7.047601697602942,1213.0658637176307,1150.0971517859443
-0.11749799966006957,0.13612278564025962,0.18270967785328074,0.3102266218597689,7.765161701577821,7.98472193239473,2357.0395947310303,2935.7608509910633
-0.40502868117356994,0.1468247783478504,0.1483912468473093,0.4735852557983742,6.96915483135674,6.7960916727621035,1063.3236828253303,894.3450590186384
-0.22172440677132196,0.1230803812073534,0.16232189574744657,0.5228457920047102,7.161755431487219,7.161808011327487,1289.1720008730706,1289.2397871130343
-1.133596254992077,0.292561808117925,0.2935530193733614,0.6056889326961126,6.864733085492876,6.688676772649654,957.8901309067907,803.2586547871992
-0.3353904795564937,0.18443691841295573,0.2064886585541847,0.2716308337535954,7.156567162544256,7.045385906100055,1282.5007509031125,1147.5515975397561
-0.5820019608186933,0.2143972582327806,0.29038559406904774,0.41298942018175266,6.9750291138760385,6.928662116755624,1069.5883286829294,1021.1269167489917
-0.19481397530170072,0.1281163369111873,0.13867221521969733,0.36665976239525255,7.264284407320075,7.141538098879563,1428.3631357568343,1263.37008356647
-0.834780241297105,0.2534318347109906,0.21798494201667326,0.2538507996842786,6.9102412658303844,6.69084801370975,1002.489079475765,805.0046177276492
-1.140352465106707,0.46028069094783464,0.5384861150967111,0.1667156216082475,7.010280383906223,6.901929721427635,1107.9651169408069,994.1913781033993
-0.4694343349408947,0.15150541731552372,0.14103061772118297,0.7407141410253102,6.9293905697592075,6.7301461985067395,1021.8710307116581,837.2696645813767
-0.7453312986359393,0.29126860830237744,0.3145196942174988,0.22232297304815257,6.997440977937996,6.851705908493774,1093.8304376237909,945.4924553138222
-0.8437194715912112,0.2757059799604134,0.3672379247887646,0.37314656689047515,6.933424652408466,6.864980174460157,1026.0016689727306,958.1268442334259
-0.6161787532123415,0.24723629729340882,0.2934422827967527,0.3863143433798296,7.007891377986288,6.905948626264295,1105.3213409729858,998.1949782968059
-0.5629253540502664,0.25553038223511104,0.3593016954918745,0.2543758423068231,7.060583163983923,7.067995393143488,1165.1244262956225,1173.792681402416
-0.27107877076007436,0.1409704719966815,0.2781901740272439,0.24852377636329998,7.126685272684022,7.455953193232806,1244.744133708387,1730.1323599949826
-0.6520920161970534,0.26205012929138377,0.31218083113176054,0.3724659211628184,7.008510848163743,6.908456869967923,1106.006266703852,1000.7018371583088
-0.6178205003232691,0.21976061592462265,0.2815925374241671,0.45164835841723416,6.962353203190424,6.885503216644163,1056.1158906627152,977.993688604305
-0.7286202248636879,0.2686976487914936,0.33249710983910274,0.2672728337692982,6.975426181733835,6.886057496794117,1070.0131121576746,978.535921353221
-0.3180842473478045,0.15406934049874826,0.17970888127205287,0.266681982946605,7.091016645032259,6.994692068698596,1201.1283012183187,1090.8277260091534
-0.057050177426239655,0.08499910894130187,0.2719819729001185,0.10000000079964197,8.096551055502214,11.197136253416652,3283.125209443644,72921.31436743135
-0.34548263572776416,0.12530784356844948,0.12143048071565575,0.5315631971897733,6.96935392470735,6.7812001840371705,1063.535404575623,881.1256026395972
-1.1172529525016612,0.3766147580878492,0.3902980356801865,0.14865224540718472,6.943740150690647,6.779056693757622,1036.6401637777294,879.2389412178503
-0.5660261809906284,0.22831814678720397,0.3064975133795904,0.3656222672774854,7.010020479755333,6.971209472094139,1107.6771896262455,1065.5106769553445
-0.6051314148084131,0.28781194635827334,0.32065384315926526,0.2702748541374303,7.082269100230956,6.9596107302736385,1190.6671987789052,1053.2234894144804
-1.0872790319885381,0.29006886350750877,0.43259520936971746,0.4243004755077911,6.873434383238232,6.827589019014777,966.2613857160707,922.9628818508738
-0.1686331273431046,0.129489700749775,0.16770210189801357,0.4158861963580539,7.374528377096689,7.424198466481327,1594.8394902718355,1676.0556197191418
-0.13710650399455526,0.15650535552846273,0.1873487722830719,0.2271683084459939,7.748137650094733,7.796166486931669,2317.2528579560767,2431.263808481406
-0.3479374995778682,0.17889761692055803,0.21288694330698116,0.25860157733444644,7.120816141686209,7.041573456311856,1237.4599641113016,1143.1849438078418
-0.6669443017598874,0.27821308779010445,0.28441877006240435,0.11360393831822024,7.023796096367887,6.856170036671844,1123.0417108244646,949.7226899554099
-0.5739147612817967,0.17886458248823822,0.23175346597148908,0.5526382395895213,6.918307238002837,6.833531126747884,1010.6078272738782,928.4635533346764
-0.5756012813407956,0.17469660030560888,0.21491079477306993,0.4925137576083918,6.910152985737983,6.803086949133817,1002.4005835534689,900.6231828828484
-1.0806280874089695,0.3041932145378205,0.6846016321262292,0.17158628708503038,6.888146862142653,7.063241445590161,980.5825777615368,1168.225775430406
-0.2610673699122795,0.19168976343355165,0.20177270663453573,0.15930617550195142,7.340904196946325,7.20259548587701,1542.105850866053,1342.9117535015157
-0.569310319086605,0.20942636620119817,0.28333518986945294,0.2821375752768146,6.974509961754715,6.927400936411494,1069.0331937453595,1019.8399033013479
-0.6348107379096075,0.1718648062556074,0.19213344167125118,0.34246060076147355,6.877384116789162,6.732382035865324,970.0854076927985,839.1437576796278
-0.3833164968755547,0.13517826158246088,0.2737564615587302,0.27889626716103955,6.9593046184606155,7.143898136641473,1052.9011346034422,1266.3552057859968
-1.1221587400520756,0.26746699620694436,0.4470501578508061,0.6157317719265414,6.845000596581805,6.828103540734278,939.1738413037824,923.4378884900169
-0.4494174599923179,0.19619998102569786,0.22681375268643972,0.26952289992747736,7.043215292122341,6.934403369693718,1145.0634074290444,1027.0063260983027
-1.0042551726412645,0.29825580963316556,0.3461457797802245,0.12227233608940623,6.903642243355094,6.7743985886976725,995.8954113191596,875.1528779012256
-0.5295819462598659,0.2212605948179798,0.2565145064909182,0.34608253847402537,7.024452561034852,6.914091175946389,1123.779190065196,1006.3560112175961
-0.47683648468256046,0.11257839916160285,0.25437539411467525,0.5663321352303152,6.842744534634133,6.963184098062955,937.0573952525616,1056.9937766060234
-0.3328804508799721,0.1792825180848678,0.20753056404630538,0.2591757874590047,7.1452294797882505,7.053158203556652,1268.0422819000253,1156.5054608730784
-0.5734245850477456,0.20225725825040414,0.2940733555473447,0.28489634214147,6.959368335235308,6.942556498312447,1052.9682242051533,1035.4138680796198
-0.5001547773876707,0.15172676571404595,0.2187541137791631,0.33966980042051076,6.91000981120574,6.867092314747256,1002.2570755923869,960.1526812141061
-0.2724776957592379,0.1363475199746258,0.1381003927170381,0.6096663789257866,7.107049015521489,6.936551394435935,1220.5404305724244,1029.2147321034113
-0.4755853103197608,0.21145901798828615,0.26923362075892876,0.21818143622901318,7.051279179987176,6.995829521635541,1154.3344002297158,1092.0691971334402
-1.078367468277892,0.39381026972255445,0.4898386990087221,0.5978172538917538,6.971841349050571,6.883960461208793,1066.1841613561735,976.4860467857857
-0.2867735223553586,0.19130529450965617,0.23185494426487352,0.1939617317373482,7.273745575404329,7.2382144268076924,1441.9412505975104,1391.6069350974972
-0.20943449394221944,0.10564257180758864,0.09048485362303138,0.41078632282106425,7.111068392669658,6.861763177812849,1225.4561152649444,955.0495059352899
-1.1128365907054056,0.19694684033032822,0.4105216996636612,0.3360938085739531,6.783627508812569,6.798616136445597,883.2669785010647,896.6056528335894
-0.46323022245025036,0.1812847986195465,0.20283915531057356,0.41742300789046227,6.997999432930526,6.867599274045665,1094.441463291951,960.6395629479227
-0.13493402027216742,0.1217017458128069,0.13290540744437432,0.21672879970985118,7.50858541029759,7.414685368600307,1823.6320262683832,1660.1867393372327
-1.032768242743629,0.33327141365581314,0.27164340793793595,0.15833326408785603,6.9293473798788146,6.692744033496318,1021.8268971771325,806.5323702779966
-0.5515913780674917,0.21115003059937998,0.2993173898869154,0.21953505517665062,6.989451729143188,6.972362821986206,1085.1263698965383,1066.7402925317988
-0.31515288908168315,0.1980887347326918,0.27432749572308934,0.2201447477966189,7.235198238890666,7.300177929244983,1387.4159107104451,1480.5633396666701
-0.5506319497711102,0.2538603515883954,0.2604202700034237,0.24514201770839528,7.067684733310713,6.902667461009753,1173.4280877995254,994.9251030509168
-0.3399910060823419,0.17724273144843156,0.22571484385807478,0.44019871488067397,7.127966127730814,7.093604227400446,1246.3394920072656,1204.2403442298826
-0.7205316468968973,0.19755129432921897,0.2655197566754739,0.154878433589195,6.880824533959358,6.798224814090626,973.4286539692431,896.2548596391284
-0.45363346742822175,0.11029186142100914,0.14019847941341063,0.27059152471830455,6.849780090273162,6.738776215427223,943.6733609007282,844.526584585405
-0.19988813169994404,0.15704305985309297,0.19123754992386793,0.10000000133414381,7.392304934769448,7.386442362472008,1623.4437357032746,1613.9540236732234
-0.4372125166775982,0.2146229929042821,0.261729583174646,0.2784032676546485,7.09753959287672,7.028351889488707,1208.9888074464795,1128.1697287499887
-0.2609080675652292,0.14075072960653986,0.15433939414737874,0.2520041617468367,7.1461150288150534,7.021266514463347,1269.1656928530301,1120.2044748580045
-0.39454244199098165,0.18708714091390344,0.22064194308422344,0.37643320410470577,7.080837804569016,6.9889544794012135,1188.9642210055556,1084.5869252195755
-0.4742935919517415,0.17017714016706764,0.18730912951464898,0.35206424045606544,6.965451449919238,6.824641806093081,1059.3930724035054,920.2467182415445
-0.6283486011256934,0.22151939602725618,0.2834471710389398,0.3247205167001163,6.959192382727979,6.8808180728814605,1052.7829681045819,973.4223645912002
-0.577822293809898,0.29896038580891104,0.3799277434271543,0.3599217253550022,7.124041759717648,7.087236066611869,1241.457981857304,1196.5959144028695
-0.5614365817994432,0.21927994687758443,0.2169366413774702,0.1633387812893245,6.997219582611212,6.816115107412224,1093.5882954821657,912.4334099642991
-0.5443471313977805,0.17975435595368922,0.21917263279778534,0.6110138801979503,6.936870271113725,6.832353422733567,1029.5429770099583,927.3707417113943
-0.2740419177429361,0.10277854714634617,0.15550172108615706,0.6339506928318637,6.981696996528733,6.997157198395572,1076.74404838259,1093.5200749620824
-0.18952137529192795,0.13614983445813994,0.18265856091112267,0.2201913662751268,7.325037936648118,7.393508183296082,1517.8314790101635,1625.39831767445
-1.0923605030547883,0.31316641414676155,0.3859481824397595,0.20790553849885146,6.893337972209327,6.783035239054347,985.6861249289975,882.7440010684087
-0.5072879830621971,0.18021958859561646,0.19481835803873132,0.38222822347564656,6.961911092454534,6.813758454998001,1055.6490736891114,910.2856533178516
-0.05442184092088777,0.11607667412304078,0.22306402245008478,0.29876519481492103,8.739556243010584,10.528515451779711,6245.1237799425935,37365.961616167195
-0.5935045481390824,0.23335949388304755,0.335663364383712,0.2589206218225433,6.999839243661616,6.99528104860532,1096.456881866526,1091.4703908612344
-0.5232681007598325,0.21128141653693253,0.2142754172388923,0.4105765498583103,7.010422967742003,6.8392139932365,1108.1231061201747,933.754908540072
-0.5615579084720388,0.22930684936892953,0.2751126745934587,0.5084008034483878,7.014990708002739,6.919629192501216,1113.1963023464782,1011.9446882772609
-0.5787115943016437,0.25764627373805005,0.3116252722677778,0.3057281114740151,7.051856876845156,6.968200606352852,1155.001448243006,1062.309516728229
-1.2801025341680536,0.37642307249561063,0.43168401785785837,0.3998035009796115,6.900707156205114,6.766945603552913,992.9766569891951,868.6546222839746
-0.47042301804681114,0.21601969596758858,0.3117591533113966,0.5137393882801806,7.065853260198503,7.0924403512774745,1171.280952617962,1202.8395729671522
-0.3289198688261977,0.17412595273930337,0.21472412581045877,0.1394914707901292,7.1360373386396265,7.082535395109565,1256.4396663993098,1190.9843095766842
-0.3601597596851878,0.19012502609636805,0.2105080735688589,0.33071483843280886,7.1345409929406305,7.014204745779382,1254.561004223014,1112.3217158466496
-0.7948401047064533,0.2366892612003263,0.28241913421924447,0.3753312525121543,6.9044324191263575,6.785035135297708,996.6826547332712,884.5111639622181
-0.5960523592360171,0.17272029183827287,0.2999925468495915,0.3091826099162785,6.896423876649932,6.933018462098362,988.7325561993033,1025.585001665483
-0.15273303475533112,0.1294199450074383,0.17350837902207666,0.431064364204347,7.454010714421602,7.565743386030139,1726.7748765210795,1930.9036524584544
-0.06577345878678896,0.10883643360553245,0.23141146706300603,0.23902608664242825,8.261366778772985,9.948030227260167,3871.381808572383,20910.991885976662
-0.6817509840577529,0.2139273140031222,0.2898329850335289,0.48858803686965036,6.920441172945071,6.854849755532036,1012.7667012584737,948.4696163865376
-0.3804376107207442,0.18199558364589438,0.256000538908637,0.3303578129350997,7.085035021233588,7.102630177966099,1193.9650488851219,1215.1589593600913
-0.3221207352708696,0.15719101171563038,0.17314843231172025,0.5056834041455582,7.094638056905915,6.967245980845983,1205.4859671993693,1061.2958928599476
-0.2542987151965064,0.11168634235511396,0.12133734441018637,0.5147222615083669,7.045843684556276,6.906864414915536,1148.0770421979582,999.1095326349806
-0.40636238231384963,0.21172862397674808,0.25449109886577587,0.30589574838998823,7.127684202120539,7.055985859825487,1245.9881665115263,1159.7802886510774
-0.1590751545148292,0.1431839961690437,0.21373208016737907,0.24748283509473762,7.506753012473929,7.773311321902188,1820.2934666311498,2376.3270585209775
-0.520647608105722,0.2745878440496868,0.336361693499706,0.3219001884864091,7.134046912457504,7.075764304257574,1253.9413032196276,1182.9472870247253
-0.5004395595406653,0.19210633727883786,0.25058427054679544,0.19076514581260795,6.990525388740487,6.930447819293369,1086.292051898716,1022.9519746959254
-0.4146515634958824,0.17272693455837135,0.19047331195530764,0.409452785095682,7.023209412701859,6.8890769934177065,1122.3830338328646,981.4950725890873
-0.5202107127678284,0.2045090938061219,0.23959157345392768,0.4552538559260374,6.99977760319817,6.890285874642466,1096.3892978391566,982.682301019029
-0.6933255201242292,0.2457909299490948,0.34385561585654656,0.3458163080974045,6.961160330156358,6.925670666731766,1054.856829595191,1018.0768309736471
-0.6837736468791065,0.19325462247124842,0.2934186835980349,0.388410467916787,6.889279713313373,6.858836167366465,981.6940613366073,952.2581532067851
-0.7056025636259604,0.2461245293373071,0.2834988154223599,0.237995419240201,6.955464861803302,6.831502053722412,1048.8660023829996,926.5815429973834
-0.7142444288175243,0.2553361961649548,0.31448053705185885,0.21130065712039903,6.964141523705292,6.870017678996057,1058.0062541601812,962.9655899263962
-0.7436820452215118,0.22977887063422903,0.2944471388396681,0.3069840620232491,6.9156247972039004,6.825650966141644,1007.9005642659864,921.1758632135536
-0.5067658669033404,0.19598509397841735,0.1655821605300017,0.29804361908291044,6.9933871524742,6.756462400844522,1089.405215541812,859.595904940827
-1.013361685389437,0.30225083702644406,0.3699700171392848,0.2654231961382043,6.904915693355503,6.794811253733326,997.1644421832921,893.2006554012136
-0.13808425357223542,0.1232454537795534,0.18169935128903492,0.3798651443652358,7.499188260534696,7.745578068634939,1806.5753505906814,2311.3292447225244
-0.1744286267881407,0.11365289221879166,0.15612532730207568,0.39518099557518044,7.25822266206729,7.3247865904558624,1419.7309517817969,1517.4500257878442
-0.4530509507657121,0.19420813071162116,0.22230825586049202,0.3222625016792191,7.035317492564939,6.9204109896335035,1136.0555441283013,1012.7361330669114
-0.22511869321294364,0.12739782643519718,0.15914210288593922,0.39649779810321184,7.172564214113655,7.136644792035181,1303.1819597002761,1257.2031268008036
-0.760784559228194,0.3562254604451849,0.47629627876931885,0.16945684616720064,7.074884532077384,7.0557788176930805,1181.9070205768066,1159.5401901231053
-0.8415713073939735,0.3064431722269825,0.3727441244860916,0.2925904343420217,6.9707823393914135,6.872633965749441,1065.0556596834103,965.4882826480833
-1.442735303852342,0.44363742485126045,0.5630579453524616,0.21552972036920331,6.914147634736887,6.819990613602954,1006.4128304647576,915.9764123225078
-0.5307602541305383,0.15429614317578833,0.14220199696024338,0.1522240219793895,6.89735798124317,6.697640815127935,989.6565673158599,810.4914686831619
-0.7060967064512558,0.14505121726149395,0.23454217312513215,0.2546140610514298,6.8120770292017765,6.7618866882558635,908.7563615940072,864.2712689824394
-0.553195313458934,0.1875975846527624,0.21088146310142325,0.4178320035028532,6.945766552676053,6.810925641523887,1038.7429432824881,907.7106328521841
-0.158626352161602,0.11777406342384114,0.1419862035505115,0.46168422815057564,7.349112342195207,7.3248179381352365,1554.8157707539908,1517.497595070308
-0.5364448870957121,0.1964038168513636,0.30147107126967065,0.31699065349014777,6.972771332239303,6.9916990560379535,1067.1761558999556,1087.567745829213
-0.06117032716273568,0.12170268612514826,0.0939350960148985,0.7987447250081088,8.5962208125147,7.965351219308012,5411.171070776376,2879.440315382882
-0.34323013026324906,0.15331062014392635,0.17272824106465823,0.27126312181246415,7.053320238231063,6.9329627129269955,1156.6928700418666,1025.5278277451885
-0.19377036107053147,0.18429168375352326,0.20162108650574256,0.3097649350602658,7.557733121355889,7.470235093491562,1915.4983856463673,1755.019230678611
-0.6333947917487759,0.2510357995585567,0.35488394771304005,0.31967297610137185,7.002984041210596,6.9900081831818195,1099.9104443123008,1085.730360878518
-0.7328522675063711,0.21225735435008858,0.2953443033319754,0.26774226780013033,6.896282031197922,6.832726081726023,988.592318929197,927.7163991598122
-0.40368471423467656,0.18011462162318148,0.2377257188247828,0.2480936884279097,7.052826658261694,7.018609050624202,1156.122090484768,1117.2315239779603
-0.27667944174185855,0.15749801093156615,0.2510029200296829,0.2389517799558868,7.175893820419914,7.336917058204375,1307.5282743144003,1535.969502249795
-1.0507325546073019,0.3464444416582471,0.3813041117013981,0.2712111547918864,6.936367239447533,6.792613070732576,1029.0252145271963,891.2393933004926
-0.6600634745899658,0.2283974092470401,0.2854158382406199,0.16680861010991474,6.952673588551938,6.862126131683958,1045.9424129329882,955.3962077651496
-1.0761059308747658,0.34340161173258676,0.35213868110556795,0.26187383058952196,6.92576524901869,6.756953694487805,1018.1731275624892,860.0183227018007
-0.4680888407817711,0.2661173972346388,0.21176270196524236,0.26479186053858467,7.175169180990287,6.882118004805061,1306.5811309816283,974.6885702103272
-0.173159548779389,0.1284333768532535,0.1530261340275736,0.4847030872386946,7.348355611966458,7.313448588597943,1553.6396397232018,1500.3423413213795
-0.4118911384941376,0.156511695245152,0.17222095689247835,0.4613068788051107,6.986633343440574,6.847841988569743,1082.0723709451506,941.8461971390334
-0.5615566421898607,0.21251059083243576,0.2641683095188475,0.15932558029491367,6.985081451838177,6.900140963018266,1080.3944142597009,992.4145995028836
-0.3121075678835548,0.1566248931022214,0.19686486773318815,0.2620576584393669,7.108480033402231,7.060479151917463,1222.288296067856,1165.0032455985968
-0.15979600141781836,0.12804030717173634,0.19215986098080073,0.3323421161461655,7.407923722680205,7.632251827258319,1648.999010799176,2063.691869158209
-0.3218159093447568,0.18453514883919964,0.21807021884878913,0.20842014313253238,7.180068539613147,7.107343587092036,1312.9982475536606,1220.9000200437913
-0.5309963404933484,0.1977484171934735,0.2590174603018566,0.2650354465693755,6.979060318083014,6.917514667100523,1073.9087600730443,1009.8071662485578
-0.512029694715983,0.18777420701533795,0.2147235147097635,0.34791704708417404,6.973375415131459,6.849077021020835,1067.8210135127679,943.0101263536674
-0.32698393579666263,0.18980940630346238,0.22083585460425204,0.3826282728719527,7.1871356031377704,7.105091661281743,1322.3101547410056,1218.1537371501054
-0.2408848293158013,0.13662752774700704,0.1991159624394267,0.5129995201824391,7.1738404411224375,7.256321813291993,1304.8461774485393,1417.0348212208992
-0.3235057991886706,0.16798247711349235,0.26768640066318306,0.28112643297251133,7.125906649404687,7.257174198586718,1243.7753241668422,1418.2431957918154
-0.3831550837250498,0.13040359423631925,0.2041090557821549,0.4920301944116324,6.946991733982287,6.962425592226109,1040.0163716496031,1056.1923446407932
-0.33993702722047403,0.18565367250853831,0.2037818069383116,0.10000000982253059,7.152791552517008,7.029188763878789,1277.6676578866804,1129.1142602756415
-0.6420797731334269,0.2158324827877155,0.28597716429569764,0.3825179108132885,6.942796085537836,6.875111431285219,1035.661969735209,967.88321204609
-0.4965556051654846,0.25818305667702535,0.3042002850769461,0.3082858527268687,7.126598111448162,7.042340263933935,1244.635644999437,1144.061882915026
-0.3891842927336594,0.12414944740221973,0.2768476251803436,0.3873808867513345,6.925649307489017,7.141073020176579,1018.055085855708,1262.7826536577745
-0.26102714013492834,0.11868600881514002,0.18594045117549196,0.3936747154865465,7.0613385712979015,7.142060926822498,1166.0049023260885,1264.0307814490336
-0.37349072599781996,0.1841519768389882,0.24168591878116064,0.3184185929523269,7.09970654347993,7.076819665427918,1211.6114670326722,1184.1963826655974
-0.21597727014931162,0.11998977530623128,0.18292202452199066,0.35864253381301625,7.1622168679294855,7.276669827932583,1289.7670090833017,1446.1640221612088
-0.5993795061531866,0.23137179410882025,0.2834418772702032,0.33571428342453263,6.9926690469259745,6.902611651295663,1088.623188434874,994.8695781148043
-0.34361560542778535,0.16730711181284175,0.21515638394271758,0.3178109896987792,7.093552146324712,7.055873763653896,1204.1776277304987,1159.6502890072
-0.8536426502347909,0.26339508030233605,0.34115742396883464,0.26904105670273903,6.915204450948097,6.829368469189006,1007.4769860685664,924.6067104335622
-0.27057324921924475,0.1686596053745481,0.23410514002181665,0.24906252408605384,7.229991946188257,7.29493856639078,1380.2113880796041,1472.8264170727452
-0.32472989773286687,0.2492501968471836,0.2448933805306064,0.26489863587754525,7.374211776884345,7.183864329623033,1594.334643672049,1317.9915840177146
-0.6381243977823616,0.27783234169233706,0.3325548849944301,0.31293220133526706,7.042039183481304,6.950863766128011,1143.7174800945595,1044.0511548368097
-0.015095172159806467,0.10277845229182944,0.1654322819712361,0.23650404924634555,13.415347112855006,17.389003692877605,670210.4944555492,35640874.34227891
-0.6146826615668932,0.23834165888589143,0.23848333863703985,0.3241355775800699,6.994397675737504,6.817697460091079,1090.5066412697154,913.87834431121
-0.36707893291103455,0.19341218704829355,0.18278498778179592,0.3631599749171151,7.133545547679417,6.927664119896576,1253.3127787895767,1020.1083436443081
-0.37759079021058617,0.19251317952124022,0.17505993043173768,0.5338060356283416,7.116496253719814,6.893342889865748,1232.1258054825278,985.6909722066173
-0.3922158123278361,0.18504978440121092,0.21733655080844672,0.3529391861794576,7.0784562138617195,6.983844385748837,1186.1359640775268,1079.0587213072743
-0.3643012384865403,0.14109950658878279,0.1761750697389337,0.2960339814886115,6.9939656594449415,6.913316707823035,1090.035626383917,1005.5769222948718
-0.21840347609744315,0.1452053067350042,0.20892597702767485,0.4366270367575134,7.271499067404754,7.386325026452938,1438.7055539131939,1613.7646598429403
-0.5944562123699506,0.1730251821506705,0.19315040972711908,0.5718896683720212,6.897714824013777,6.754638968672562,990.0097821246178,858.0299182819963
-0.22325198476275215,0.17867330971576903,0.21908693770084667,0.18600168080762802,7.4069714460770175,7.411063218089952,1647.4294550667237,1654.184170758272
-0.6944602462993806,0.20805309373690611,0.2643226601451149,0.4565659627745988,6.906239824115682,6.810335447856891,998.485692855424,907.1750658448846
-1.0837986766117444,0.3614405435620983,0.5105023829562314,0.24464158402261654,6.9401443593891825,6.900750116821797,1032.9193157995905,993.0193167950702
-0.29134740319828545,0.14008109035296323,0.18984253892429281,0.22933126793643765,7.087454507140203,7.081321437899716,1196.8573279972363,1189.539382804341
-0.7181617042202425,0.19244321604899386,0.22691127819165738,0.14053350490824984,6.874616599497769,6.745680739769225,967.4043911439027,850.3778156847253
-0.5143535232232959,0.1772202475112239,0.23053162525996704,0.4004930585641048,6.951199682818047,6.877916320971789,1044.4019279569454,970.6018286127755
-0.5180172286210983,0.159716304523095,0.20302977332153271,0.35542594753533807,6.914972565645403,6.821655811627838,1007.2433940470199,917.5029650887267
-0.4833771993254601,0.23583699354673493,0.284701068068114,0.2894530462307071,7.0945445136009955,7.018702716109544,1205.3732073320107,1117.336174911907
-0.6007099445105633,0.19913301292573052,0.2161261068384346,0.4505067292666146,6.938146301329082,6.789503944425034,1030.8575434915365,888.4727206525298
-0.5900527363658681,0.2149368549048376,0.31485382103039256,0.2140120659992537,6.970917380735152,6.963322326776991,1065.1994959425524,1057.1398935950567
-0.42629527634371556,0.19816759866565808,0.25647487300642496,0.23711601715285868,7.0715101310827055,7.03135615392769,1177.9255137292673,1131.564145256555
-0.46347978201718865,0.17855675154991119,0.22755562922040504,0.33792882773065464,6.991902700930971,6.920691550715149,1087.789245999385,1013.0203072740733
-0.573671072173222,0.1956010098904592,0.21503671119602608,0.2388466062482128,6.947613883652001,6.804562696787136,1040.663618813149,901.9532566167184
-0.6183547730164767,0.2715890333158825,0.3268580808057488,0.21566346753038232,7.045862504380881,6.958312601386856,1148.0986490098423,1051.8571566085475
-0.5298464079943832,0.20823127824177148,0.33441179887043326,0.3941469840729117,6.999653281246052,7.060868040763712,1096.2530010538837,1165.4563904724366
-0.5119499820553296,0.21312447062618425,0.26605002794893873,0.36851862787822376,7.022949586718852,6.949399207064277,1122.0914474402896,1042.523199418584
-0.16138780960266108,0.15281743431616718,0.17921196944345916,0.3157539153626102,7.553545956655759,7.540162515122802,1907.4946466033196,1882.1358758523295
-0.5097466155487861,0.1975093887238586,0.23984171353110528,0.25419186768307667,6.994116002937818,6.900231113065679,1090.1995184670927,992.5040697588953
-0.48960297809998143,0.19317567564813137,0.18760427257451368,0.38472057656485786,7.001205947271799,6.812895808588751,1097.9564379363148,909.5007372688057
-0.17809901230115588,0.12934963602509417,0.15382339229711578,0.2570055557059576,7.332929542573145,7.293415409361927,1529.8569948091765,1470.5847787802463
-0.05827032082994624,0.11559562412711882,0.1934017396097106,0.47222184335844525,8.590432366915367,9.748763149930468,5379.939280368959,17133.024716040723
-0.8536542451603799,0.24682496779881094,0.30520101781492903,0.1847590984418777,6.895789459151094,6.7872424676396745,988.1054858971983,886.4657304565758
-0.7178723517801515,0.18829771667356426,0.3326783612859915,0.23349753828296166,6.868949905927818,6.893142202791009,961.9379099659652,985.4931766169816
-0.590954457888917,0.24117346257963118,0.26535145578348285,0.12142696923206758,7.014758559627162,6.878741314224967,1112.9379056275397,971.4028989662869
-1.2091938923013261,0.3269015814061973,0.4257045250298297,0.3569057678510642,6.876996888648094,6.78177594122523,969.7098360443493,881.633063111889
-0.2572770555061208,0.17310267949049557,0.1967176566114382,0.43150721018154525,7.2794761370004135,7.194333548362864,1450.228105239588,1331.862407860634
-1.3543587590128323,0.3123017296566114,0.38359165782437876,0.3496344615291579,6.837240292090278,6.712946987199245,931.9137729302055,822.9924173426813
-0.5052032777823279,0.18140529382689577,0.21019017772638432,0.3580344086333284,6.965724051718652,6.84577017875717,1059.6819042275786,939.8968909389883
-0.8553142671451246,0.221456538912025,0.24937322715032698,0.40094526023450594,6.865568512968567,6.7212769052087875,958.6907130084221,829.8765088547557
-0.4932154625295736,0.21035590032769197,0.2578548611078063,0.3324427466186054,7.033149183713077,6.952523162630322,1133.594893525078,1045.7850879147427
-1.2878997204263491,0.42686829171977375,0.4311620695017374,0.30710147878931104,6.938095472620408,6.764498702433258,1030.8051476653914,866.5317086551962
-0.268767974284828,0.18258448134358693,0.1699027832547238,0.16579676842971353,7.285988867934501,7.061873601709649,1459.7038737540347,1166.628917327695
-0.8783248200437599,0.35822772814597725,0.47801732530309304,0.2598354210031029,7.014503545196005,6.973957002010369,1112.6541265860365,1068.442224829917
-0.47258035256933917,0.2487857259319909,0.29332110703484177,0.22654596279424016,7.1330912973857306,7.050399337961593,1252.7435903785192,1153.3192149796298
-0.8022894002282825,0.3003952662439544,0.37474536554280197,0.21332440876965458,6.981072765081197,6.896814475724726,1076.072120627679,989.1188296550902
-0.7228922632492945,0.30965870324794464,0.33352324719056914,0.19535107244981903,7.035010979348876,6.891092858480963,1135.7073814508017,983.4756298130338
-0.16727534667289418,0.15311448648864442,0.17002009168075055,0.2616486391088556,7.52199419554622,7.446128022767631,1848.2493921273294,1713.2167500835376
-0.040727673197790956,0.13693456470993323,0.16615858229195216,0.3970799855170901,9.968849741397957,10.509465980742966,21350.912150008964,36660.89669071045
-1.0654047521877135,0.21923774482544875,0.2224255996045567,0.26326226506120626,6.8124290175534,6.638490463101693,909.0762895499062,763.9409251705133
-0.33896888111564266,0.12827407014552028,0.19735368243211873,0.5483639968778868,6.985074511532547,7.011937178326467,1080.3869160182853,1109.8023088687942
-1.1479184339273552,0.34824601556525137,0.4435322506206754,0.2042060761523533,6.910021928712884,6.816099065222197,1002.2692205232429,912.4187726515571
-0.5664664931177898,0.22951357191110577,0.29793424602737534,0.3488016787025767,7.011817260861148,6.9556715857932385,1109.6692321681796,1049.0828505610093
-0.5347942305278138,0.20717436900183658,0.28717930471628605,0.29518427266497393,6.994040994055971,6.966709760138582,1090.117746887058,1060.7269565768568
-0.6862174332019036,0.19386434827193133,0.1988432855427067,0.3767522282870155,6.889161732673152,6.719486650835813,981.5782472747926,828.3921478940492
-0.06292634114262274,0.11743340941369307,0.15086005607530414,0.18530200940762281,8.472854501931906,8.827126562830216,4783.149510554152,6816.671370354916
-0.6859718710716873,0.19968065514887373,0.24077668926619267,0.37074973214158063,6.897741794425407,6.780720298072807,990.036483456031,880.7028642712667
-0.6858722671294292,0.2736755544869086,0.3599928619742637,0.17650553534803903,7.005668440183492,6.9545881441552595,1102.8670093038872,1047.9468460274525
-0.01457143987121084,0.13699101942884861,0.11777687822491269,0.33912155208767253,16.007987366301137,14.512440147093088,8957371.354561869,2007579.1418072085
-0.7177159114562505,0.2830106199531408,0.3430923759740677,0.5614125112418387,7.000971414745191,6.9077531547315365,1097.6989616332837,999.9978757516557
-0.6823579570553406,0.27562415741901825,0.18017144539136132,0.4069100388669672,7.0105791718122346,6.693761896726356,1108.296212979314,807.3537278654677
-0.13990405322987037,0.1221957715755926,0.14376857568195148,0.3758197559793265,7.480075714297947,7.457342140591534,1772.3749649782696,1732.537092403415
-0.5154993732278884,0.20712419453470865,0.27791983156626343,0.3921402840567719,7.008443486620221,6.968846867905822,1105.93176692382,1062.9962684129478
-0.5079224874635706,0.22639618386537502,0.2053529904573588,0.10000000148699656,7.052379976576147,6.8340193378126965,1155.6057872408792,928.9169501823628
-0.4899496627248891,0.24323795479511348,0.2392664471459675,0.32847490642572863,7.10310517596661,6.918068517438962,1215.7362945417642,1010.3666031972136
-0.46307633218494054,0.19324509900536418,0.2586655636292178,0.32917414250185467,7.023957410891762,6.988300311589304,1123.22288837623,1083.8776553799223
-0.06302025153256884,0.13136698090871118,0.15706381217872847,0.2855522057359172,8.691170284326049,8.921994712731877,5950.14152711208,7495.0247499937295
-0.01895245036757489,0.11473067207218919,0.11820129412360768,0.31975028733580124,12.660256440114491,12.666448335318421,314977.485331275,316933.84344376106
-1.0526014772618097,0.1380654216289321,0.17043365164569713,0.22436279791400354,6.737816087644686,6.5916360773669815,843.7161202853589,728.9725502830256
-0.5071467800006499,0.22047778859307776,0.2654406103549511,0.30996658991538933,7.041391758633704,6.953119449847321,1142.977248627291,1046.408862150214
-1.0591638240910608,0.2622656997393549,0.32573086390367395,0.46998775751508315,6.854265988186564,6.737255344063645,947.9160923766598,843.2431445081473
-0.730265163311852,0.2216069509275692,0.2798643224141457,0.5205694737844782,6.910111123486462,6.8129560563046585,1002.3586216864304,909.5555342615228
-0.7649873950584118,0.28514938065875484,0.3828845540027318,0.21334389143419852,6.979400616467699,6.930230409952593,1074.2742716773737,1022.7295995555529
-0.2940320287349265,0.14212048095134866,0.17876127899641742,0.5455883911352465,7.090000525828977,7.037684806733219,1199.908431557298,1138.7481303551544
-0.49486590917506307,0.22407570205738017,0.28221077843946585,0.2648746931619591,7.059451031645242,6.999996745491059,1163.8060976560805,1096.6295894318475
-0.30227842251759285,0.11022050027254732,0.12694280879032638,0.4992524087256843,6.97128256503145,6.849672737464852,1065.5885611068152,943.5720603528542
-0.8671512518735381,0.28819842630118214,0.3353751876472708,0.3668161782537238,6.93900100236611,6.816474599389272,1031.7389951381456,912.7614814207669
-0.686644549988352,0.2383493258053921,0.373864972169584,0.3243844269676216,6.953772035209375,6.974200566800311,1047.091956120697,1068.7024914305764
-1.20246189676824,0.3012618666231981,0.23211377273540254,0.35586125986503214,6.857187743714903,6.622751601018864,950.6897214198312,752.0114884436608
-0.2988823262325789,0.18351227122404268,0.20342471581398072,0.22460904362675432,7.220645244177121,7.110337560674386,1367.371064341022,1224.560839914891
-0.5123241785570363,0.1508610619577163,0.14297562202445574,0.3787757481716667,6.901114254598456,6.7087920418739095,993.3809784846127,819.5800229107782
-0.08941737913043604,0.1344726978432263,0.17162478311580204,0.243163630037157,8.11052671614064,8.349086661296068,3329.3311806173465,4226.318919178567
-0.4043119443983986,0.240320366015868,0.2876414926046581,0.2689015595515587,7.201043622616365,7.141154043823876,1340.829354306287,1262.8849730592071
-1.286846906450001,0.3931827962442648,0.4746652179532854,0.2589081023665917,6.912189869491957,6.798578598400809,1004.4444378572521,896.5719966421339
-0.6126131348536892,0.2438517568663634,0.30138757599430566,0.5768596284091334,7.004701979398181,6.921689954751633,1101.8016464865989,1014.0322159006682
-0.5554990832685291,0.2232740639252052,0.2225474299069911,0.3705146922020709,7.008584357919025,6.8303455755612665,1106.087571942185,925.5105910640092
-0.3455194734795314,0.17347612068684898,0.1972215397645723,0.37068774043877106,7.108723539517115,7.0005166541822526,1222.5859669829722,1097.1998849243582
-0.5557527102461082,0.21293597415530718,0.26013782416102593,0.3562873635906207,6.989798968434493,6.89780144932782,1085.503233835394,990.0955457474965
-0.21323009234804552,0.1498544600572055,0.1980675804500065,0.18853513864114535,7.3094330739559386,7.3586107910284415,1494.3297745358286,1569.654469545443
-0.19840278566949524,0.14720626789247404,0.17937369901860312,0.34854760821711606,7.348606844698435,7.333808089564021,1554.0300138897285,1531.2016366474704
-0.2999242774477948,0.16075247065668297,0.3688242870316341,0.20389926787934715,7.142627040171511,7.6594441611162924,1264.746568737228,2120.5784010029124
-0.5955661871392965,0.267551761516015,0.3133093898749714,0.11763268009555816,7.055889527338711,6.955789286299914,1159.6685695129354,1049.2063354110367
-0.5797745623705575,0.19362454809655252,0.21883112917745337,0.3623989555680819,6.9406154214180376,6.807161234508594,1033.405999488238,904.3000639902228
-0.28836696799391814,0.19485512536053864,0.1870289805343747,0.3394202269189895,7.282369484826927,7.078299243729635,1454.4301956990114,1185.9497907707819
-0.49395595308012913,0.15019402554538272,0.1421629412565184,0.5008154835543344,6.9107137866241795,6.717524373131589,1002.9628883448254,826.7682062851754
-0.3209175802962343,0.1876526168795074,0.22583769298699718,0.24008949875664015,7.1913879145155235,7.133444380796194,1327.945001327211,1253.1859914554902
-0.6573334333636021,0.2547868088835562,0.30504683264166965,0.3518176793823696,6.9942568344403435,6.893786597036467,1090.3530637150814,986.128427402925
-0.4039506365126574,0.19532877225992282,0.2141696525080452,0.4592882909614244,7.090196329227507,6.959907162249741,1200.1434007092507,1053.535744813681
-0.8190473278795878,0.19702661421182316,0.31161140284504685,0.38962307245268835,6.847206021624601,6.810175395833009,941.2474045165841,907.029882258354
-0.39994622595653667,0.15387794131808907,0.21243626078398456,0.2913445328840725,6.991396762941288,6.960881536828188,1087.2390312940631,1054.5627835398689
-0.3273997294303573,0.16603830355775484,0.21104562510459118,0.39078011835806964,7.11379264427735,7.074330960986266,1228.799117579305,1181.2529320767721
-0.5370512131970344,0.1917852128997296,0.24713903275652876,0.17853278587831561,6.963758052612004,6.889897253795987,1057.6006171252022,982.3004843871444
-0.5861831617376623,0.21508668539517872,0.2865296307350804,0.20034439457706388,6.973577623618258,6.918525109858553,1068.0369578162322,1010.828034264189
-0.2594931516903216,0.14957127570146,0.1666619189409907,0.3242235876490338,7.183047962891598,7.0719788897244396,1316.9160586075254,1178.4778059289042
-0.4679940602744742,0.19007314168595085,0.23178256881667464,0.225496955009525,7.012794532505676,6.924987663025794,1110.7542105165187,1017.3817181344726
-0.2355891039079319,0.1504908513724172,0.19264860341396295,0.3228762979171046,7.2454354647874535,7.247450859577267,1401.692150667997,1404.5199623466667
-0.546044110304372,0.23289232288233108,0.25462466418848584,0.32766944652687624,7.033158445306649,6.896027344717811,1133.6053924688756,988.3405698911231
-0.8384739677419728,0.22215403996784247,0.18320231877595405,0.20340757703790635,6.871600618190883,6.648214417445929,964.4911129885417,771.4056865285871
-0.18809748037605745,0.15575752823271255,0.1658389278876014,0.5759251306716648,7.434718313008374,7.31138428054497,1693.780535844495,1497.2483671006364
-0.6112294125493314,0.2752040893255171,0.33294012400884954,0.18058485600580032,7.056896989894537,6.974425143658555,1160.8374808922424,1068.9425242303967
-0.24314223583384384,0.14211839456866357,0.19498807956905154,0.33130629600969075,7.19115741539793,7.231670150658191,1327.6389464502367,1382.52960968138
-0.46586703427627657,0.19025438760856983,0.2692788915393052,0.27869776818924485,7.015037931221062,7.007736104516324,1113.248872299751,1105.1497272168237
-0.7572805211343354,0.2335783898755998,0.22486356122219492,0.6317969399671074,6.915093865068657,6.72665509825735,1007.3655795001571,834.3517685438983
-0.657260978580809,0.2694031531639346,0.3571847812082285,0.37522519637819673,7.01653782892066,6.97316385226546,1114.9198845828612,1067.5951261343089
-0.5307350601880116,0.23452493693018125,0.2833891591047111,0.3941627639603461,7.048537211425268,6.963675457891536,1151.173586999962,1057.5132685051806
-0.7341974530268454,0.24184406765827682,0.44645571164650666,0.17822177598378164,6.93604940525194,7.037806185240208,1028.6982070957174,1138.8863582918334
-0.47695944809366153,0.18293029904945407,0.217566777457101,0.3809354446271096,6.990184467321275,6.885873095137371,1085.921774791989,978.355494344169
-0.5970610473684947,0.22276522042473929,0.2941232957030834,0.18111485080085604,6.979753106588955,6.922337941426443,1074.6530094924071,1014.6895081997267
-0.7358449998536282,0.26302962346273867,0.2637902829340739,0.28593354540150756,6.964102670777249,6.788205685034559,1057.965148317866,887.3200010262087
-0.46496002904969896,0.18426410591343842,0.16617114387743906,0.4237634512924481,7.002951146282985,6.787107497428815,1099.8742634329435,886.3460920640077
-0.49188341402692226,0.21506244750090386,0.2779645518373889,0.37833657369034235,7.04387258762103,6.994821987924082,1145.8162998617581,1090.9694547088975
-0.44467111205344767,0.16598337268805063,0.244046490138707,0.3745132146681882,6.9799224051232445,6.978544179090043,1074.8349620735019,1073.3546169068272
-0.6290619102766875,0.17797486509972815,0.24860904754494095,0.46650537235931966,6.889571250392751,6.824925487946163,981.9803032791348,920.5078125679781
-0.06229752561626079,0.10932456023577415,0.15767973474950392,0.2683525323092051,8.36152823559603,8.960794880949628,4279.229442619059,7791.54835469738
-0.13068911509947073,0.16601981461833398,0.18033943655995138,0.41301916348903867,7.8769917482477565,7.809631159457216,2635.9310764215347,2464.221362899474
-0.6246662156537797,0.2303389714981287,0.2838730327415856,0.4231707941250658,6.975389467635189,6.884159026117597,1069.9738283118625,976.6799619003458
-0.6711413355338136,0.24487707184388668,0.25476592707783763,0.17737236241911816,6.971516807994227,6.809320485441254,1065.838196965051,906.2547843532137
-0.03300694582193811,0.07037320011637711,0.09788485097086072,0.35765007068144816,8.738722644401951,9.395302888843581,6239.920022672638,12031.733405765966
-0.43653406471914624,0.1843876264595927,0.2749350943488611,0.4325011629940957,7.029040192756403,7.059533086115168,1128.9465189637563,1163.9015970665437
-0.7767612596725518,0.353390334745276,0.41821897978821626,0.1474761125020902,7.061603790468142,6.968133275818547,1166.3141901915026,1062.2379932687536
-0.3888029506315832,0.2141517750725385,0.2450646808190075,0.2482106745315537,7.157447896772849,7.0600250876568555,1283.6307907719784,1164.4743793399991
-0.6428514239813629,0.21528631835229098,0.2442756274357747,0.4101318890609018,6.94154299396235,6.80970716776518,1034.3650032244989,906.6052848210968
-1.0311355173774177,0.4350814376040319,0.35759095709848987,0.26249243979316506,7.0285941792735525,6.7765128442573666,1128.4431058677405,877.0051321183222
-1.0964411003598835,0.25202252238281214,0.30119865523849676,0.1657185794422077,6.836505234773183,6.7044252101935005,931.2290145916571,816.0088579152623
-0.5948346113876426,0.2410302960213862,0.2957257488050434,0.2390550405459984,7.011855753270222,6.9268757348264955,1109.7119468322906,1019.3044223977081
-0.3889056606863759,0.1899706736262483,0.2352941437070816,0.28273033494611133,7.095125137400959,7.034735469042748,1206.0732789234726,1135.3945254619696
-0.71461973875349,0.3087157117267744,0.35976493882101196,0.24807823921712122,7.038650164627676,6.933154968707992,1139.8479606320977,1025.725010352786
-0.21640127087093658,0.16031283491968373,0.15070504263112222,0.2410309106462466,7.3474630024745835,7.126134254276768,1552.2534649822348,1244.0584457090958
-0.3023169494204856,0.17915329867146945,0.22126483866631258,0.3001371936513326,7.199251094003385,7.161616379917969,1338.4280321858603,1288.992751946027
-0.3713965079612537,0.19006153332583128,0.2286973782632221,0.27161057605198635,7.118398490912107,7.045496345513296,1234.471831656997,1147.6783394633753
-0.5174910482041639,0.19136752331457538,0.2359485748432704,0.2251585284780005,6.976448898617828,6.885666640143828,1071.107992414402,978.153528816015
-0.5345110574739288,0.22453219725042015,0.29036377725113915,0.20490341883343866,7.026720443138357,6.972951976583476,1126.3306809252783,1067.368952650053
-0.7063407543040066,0.25611711504556955,0.3219721319201714,0.18798414248175344,6.969247294583862,6.885550647284677,1063.422005710075,978.0400765714708
-0.08271193760403153,0.10879596688524376,0.1669588557839729,0.2907634867185333,7.922010097195402,8.4482776284147,2757.307935970891,4667.027453544366
-0.673651976580321,0.28677963011906976,0.28822654054122887,0.20877336947882633,7.03235906866132,6.857576220929378,1132.6995768852632,951.0591144603827
-0.20121610392932676,0.16177684554364413,0.22036646228719758,0.21490442157947592,7.410645703378416,7.524892567985244,1653.493668688807,1853.614077899075
-0.3108921920960505,0.21736705165623943,0.2567766491682589,0.2374777026385101,7.305821980094807,7.255654177257726,1488.9433407727001,1416.0890734552145
-0.5121941783657122,0.18821090090740888,0.1947937602413558,0.34119170239227253,6.9741102411093125,6.810031805802986,1068.6059644990623,906.8996511604956
-0.2428214568422279,0.16143952131900105,0.21625405055615263,0.12491651985491589,7.271498850803237,7.32030819852714,1438.705242287422,1510.669484134162
-0.31355708033589563,0.19021425595153627,0.28935881387289064,0.2885177799694164,7.213283771852765,7.352546076510195,1357.3421591376882,1560.1637715718286
-0.3885197947332778,0.13397705545660252,0.1779753910152032,0.3057217247796329,6.9514899016329945,6.887805252374998,1044.705077034461,980.2476583841037
-0.38370379832967694,0.14071192592256088,0.1497642808779573,0.4071032195838105,6.973370366022085,6.82003169681285,1067.8156219812897,916.0140443467321
-0.020618567901998494,0.08943774779770533,0.16712891768055568,0.26371972465198057,10.944378597929294,14.53546758212334,56634.78197234755,2054344.9215461807
-0.5310911908632613,0.2232227971708781,0.2783907948399075,0.2309060506717791,7.02695992021591,6.953905907091741,1126.6004436048047,1047.232141675116
-0.7955690460764329,0.24836290081743842,0.29241177099503624,0.2163428445887311,6.918832896224841,6.797269940738944,1011.1392012358164,895.399458222347
-0.34416598848079427,0.15199095822617514,0.16643225161625252,0.46628608046279274,7.04827127402589,6.913300823049178,1150.8674875934464,1005.5609490597311
-0.26191394648667166,0.1176371560514293,0.21649109105515327,0.47128996697899145,7.055794485802802,7.256292839095992,1159.5583580683592,1416.9937643710466
-0.6935249324368329,0.2421751625095423,0.2818936563496889,0.24576778944728042,6.955844787838005,6.836184542473377,1049.264569592456,930.9304244976524
-1.0456151516982257,0.39199239740649,0.44585630765652046,0.2477905787739701,6.981541843773987,6.856125222956268,1076.5770015365515,949.6801303065415
-0.3513189699074241,0.20463314433249818,0.23424060757024173,0.2518041326760739,7.189121279024262,7.096465733249798,1324.938442730187,1207.6912200148347
-0.2909706994824387,0.1671662426779351,0.14524912580785826,0.48378136365675545,7.181162475494974,6.928907630200914,1314.4353693656765,1021.377647914078
-0.24114870515700956,0.136812216488863,0.18132154042474558,0.5077771814566641,7.173985666601421,7.181627062642127,1305.0356881202154,1315.0461810206828
-0.6241966712507674,0.2409240992812423,0.3097815188223671,0.252094272898687,6.99262484831629,6.926007800438592,1088.5750738667816,1018.420116852876
-0.11670315757932373,0.12645733320188562,0.18762103079750952,0.20941556661191013,7.6902312633934224,8.037396893879258,2186.8802490999706,3094.5472617305663
-0.5954566853847238,0.23402140685527045,0.2945935556334396,0.2592683973077048,6.999661823483082,6.924454969073389,1096.2623655468612,1016.8399093678742
-0.3238493405123106,0.18797547695532477,0.28251757047097587,0.23815531459778422,7.1870913155763345,7.302092940415346,1322.2515941455526,1483.4013515454737
-0.6509382016312113,0.21095572952246247,0.29459342909499997,0.3681133801426073,6.930729690203082,6.8822869081834535,1023.2403557408295,974.8532123066275
-0.6145824161192297,0.24907613459371344,0.21983611516329432,0.3807176981495942,7.011927213429974,6.787419453497996,1109.7912498587598,886.6226362393963
-1.2750576879552256,0.4467640498617358,0.5912887234101374,0.13365054562097334,6.957037509126481,6.893454357641621,1050.5167964121952,985.8008511108525
-0.4221288657796033,0.115608446589933,0.19865902668590749,0.31907980872034303,6.880520219645047,6.9003317549774055,973.1324707645597,992.6039622924753
-0.6093647654123924,0.22341530476065286,0.27943791108061555,0.2965954404794561,6.97328658764728,6.888291957023057,1067.7261658711852,980.7248655957517
-0.19018636602365618,0.09937707289704856,0.1487111323139378,0.3204963398653204,7.1291748811844355,7.211642680123142,1247.8469200434965,1355.116462931394
-1.2770682765919457,0.3339136149457397,0.45277809128616797,0.3700544285832106,6.8681190685330265,6.784264414739371,961.1390278954021,883.829715660914
-1.0745364894953093,0.2018013237868652,0.20177704918735367,0.2788899045590741,6.7944533234203375,6.617500024497941,892.8810090200415,748.0725943220074
-0.4989450073717463,0.1818525551163887,0.2228028623689921,0.17243819281303724,6.971124331503966,6.876267412334809,1065.4199626092645,969.0027136340774
-0.31331379026844963,0.1397954837774486,0.15345965074211884,0.35111210126921943,7.05283381462284,6.919514870098432,1156.1303641415814,1011.8290069416222
-0.5955037199145957,0.21082990183855188,0.251397161476148,0.4162193717999123,6.960686432804346,6.851878321164756,1054.3570541673735,945.6554842471592
-0.24179185358465127,0.16616853462130476,0.1287512581608073,0.279878257647063,7.293888123117084,6.962207468234107,1471.280108766376,1055.9619888742313
-0.5404379795325768,0.1877757946566941,0.19286970096763922,0.5586074367706542,6.954101330951404,6.786596137844675,1047.4368158206594,885.8929663599249
-0.21407855165126732,0.14046582954004388,0.13525250223555346,0.3135522535261732,7.262791721427124,7.061508609609305,1426.2326287385479,1166.2031846880896
-0.3807022513930789,0.1565094270625499,0.22444890046727367,0.39797276816811183,7.017757361135703,7.019284944610355,1116.2803947236562,1117.9869092975978
-0.18221582152353966,0.14079571198540242,0.1818065176809345,0.3001718081735001,7.379336722461553,7.42747321951349,1602.5264954199642,1681.5532847764666
-0.5166099037750245,0.2509766145886683,0.3071714808216671,0.13947742772071575,7.092464749091235,7.024310248709758,1202.8689199810372,1123.619273815063
-0.7847310678087922,0.31348948312371444,0.3916971527396077,0.2837444861995614,7.006136705827255,6.928867745270796,1103.3835649671796,1021.3369111503631
-1.064266161150616,0.25159512112175536,0.33134247464582856,0.6182652185641951,6.843052629784082,6.741053697561444,937.3461425698025,846.4521707053434
-0.37338123660647005,0.1983657915064445,0.2561597648954519,0.34979323721900013,7.137918959394536,7.115773676218986,1258.8060349588197,1231.2358206775175
-0.5746762823085613,0.2366362758676845,0.275506612472825,0.5098800712731364,7.018423358595518,6.909131315545418,1117.0240822504966,1001.3769837359906
-0.40620640918853823,0.16855750806426217,0.23273310216617354,0.3039175426110504,7.021605500175123,7.002662437336838,1120.5842725386049,1099.5567657278723
-0.5135492388700301,0.17076110171164866,0.1892986765359258,0.44592309630218774,6.939161830237211,6.798328098611612,1031.9049408682567,896.3474336736374
-0.06165731911990577,0.08536373083485466,0.21192453088615704,0.35603187649157736,7.991136765461364,9.866854499657977,2954.6537995421195,19280.59636841677
-0.2993537970761725,0.16729945860293374,0.1912488937751945,0.3632934315588263,7.165518856771194,7.068591928107075,1294.0328443500116,1174.4930986677987
-0.13731044321710315,0.10623167837150364,0.16249903821136188,0.5856347353055549,7.380310775171331,7.613162152930462,1604.088201163699,2024.670302956845
-0.7464857400735756,0.2773827793707072,0.3675840166845882,0.178133683968424,6.9782350196116,6.922138819697771,1073.022830443388,1014.4874815854006
-0.20683085737587767,0.14065206631207522,0.2011936052951873,0.2925032006050361,7.286684433005332,7.402464105450097,1460.7195459744858,1640.0206389261048
-0.5819342280813893,0.21090485986431473,0.26255559957696467,0.3429236721492552,6.969070627696661,6.880896925433147,1063.2341508489003,973.4991244548326
-0.6396797970466552,0.16342008131289482,0.249870039339896,0.42971118521602447,6.862121880110374,6.820336847062708,955.3921458365053,916.2936089136673
-0.3510769510058074,0.18281853236574902,0.22910345145035418,0.48825028612834404,7.127386542834527,7.082292797916706,1245.6173417559567,1190.6954151703446
-0.6486331481192562,0.2027144419380925,0.22211609327623746,0.3062917681446633,6.919175752500019,6.772156638274124,1011.4859360927525,873.1930263019137
-0.6026143421636585,0.21108632073688782,0.27313960026444345,0.3796553760432578,6.9569344492295135,6.882977193883982,1050.408535838152,975.5263718486705
-0.5098726686328736,0.19016949725838922,0.23622304889376294,0.38729410509262213,6.9796246736683765,6.8930175981897035,1074.5149975306188,985.3703872828369
-0.24449932843617705,0.14971076336226172,0.20125887313557134,0.23275716705771946,7.218965828616601,7.252866414363369,1365.0766073112625,1412.146850425796
-0.31262710554657863,0.14245352400617073,0.17988558144594308,0.2619029976529557,7.062316126479092,7.005119301837019,1167.145293766617,1102.2615489939697
-0.3353630475212562,0.18452985100543845,0.2431171508067216,0.43014407303742125,7.156889255079954,7.154656684459628,1282.913901354772,1280.0529003519484
-0.5442717786881508,0.21136035899734118,0.2628966178347306,0.558863356319411,6.994986247837824,6.912744003889782,1091.1486719761265,1005.0011893142924
-0.4487305859080725,0.2502841517390877,0.24829507861041678,0.22109597021477684,7.1644105876484545,6.983047212782147,1292.5995021159877,1078.1988676367628
-0.6780009875145723,0.27041840203056916,0.3371797764296505,0.2540548527740351,7.005496805908717,6.927034058163408,1102.677735767949,1019.4658148509508
-0.5008553711882507,0.216869517896667,0.18811389939931947,0.37575793724574613,7.039648473472557,6.80530474720183,1140.986449120027,902.6227997914973
-0.8482631872452495,0.2096141638250751,0.2407527291937031,0.2298728771619096,6.85376000656635,6.713537911767887,947.4365855774558,823.4788875013235
-0.7639369212218303,0.24968779717496806,0.2559235130517359,0.2309937260083779,6.9334936601012975,6.764725557654213,1026.0724734237451,866.7283081964007
-0.575264440804069,0.23868696654050425,0.2731050059117835,0.26330800023827416,7.0215671350137585,6.904466371015964,1120.5412819668422,996.7164945671973
-0.4141788073007342,0.15257259705107867,0.2354296884918203,0.24243735979383962,6.975023928074139,6.99814471936462,1069.5827820241243,1094.600482340853
-0.2572188993471939,0.16181098553372675,0.17501090378339387,0.20457502604440758,7.235729098923498,7.110116230484471,1388.1526298964407,1224.2898376232306
-0.18691280933568222,0.12527921281167584,0.1431875298633962,0.3206349113740975,7.276905013873954,7.195785379955156,1446.504179606694,1333.7974521202536
-0.12174057894172113,0.12840995457520704,0.2272071950164583,0.36287709157605796,7.661433691348775,8.296042087899778,2124.8015554958097,4007.9777361632264
-0.2806031552245939,0.17564098860971375,0.1548409106982006,0.2690788034221423,7.232591075811987,6.9815340525198355,1383.803402418664,1076.568613684195
-0.6746362550378192,0.20115644186471798,0.19426770569764149,0.5919450820623214,6.904820408095705,6.717678662335794,997.0694316369816,826.8957775349652
-0.39118355036270513,0.1777188235077301,0.22795402411584814,0.3267281261063043,7.060960760717387,7.012448541938909,1165.5644565448356,1110.3699665139159
-0.6640576702449621,0.21859631344416047,0.2833818617835404,0.16018920244957024,6.935832911191849,6.856462326561623,1028.4755241498917,950.0003248687399
-0.5568671131910156,0.2414671607268764,0.27918080770103915,0.27532969101549054,7.040267390387554,6.9310613621041695,1141.6928435103396,1023.5797921025278
-0.11577091787897008,0.12890140518644022,0.17279736097637802,0.2790205949595566,7.72006802504784,7.922299515773872,2253.1128434647735,2758.1060676056145
-0.4772692613912899,0.16749395002717815,0.21308168741312764,0.48936877545843926,6.957592439505952,6.876179589029676,1051.0999218787222,968.9176163499002
-0.27191183963769533,0.13862596011440803,0.20813596420158714,0.20299168923413713,7.116469693502928,7.195173326900278,1232.0930803884987,1332.9813470903598
-0.5855185655578119,0.25576327840068686,0.30615707625826705,0.32521466899471174,7.043465162606395,6.952601405731041,1145.3495607260738,1045.8669165839299
-0.5754087522426615,0.1951581751986864,0.2042032344552454,0.43530229133589665,6.945814605296909,6.784603260497018,1038.7928588025843,884.1292483553736
-1.3103985651276977,0.4000727054476033,0.5467272118210804,0.22606524072197098,6.911956309155253,6.846941555634897,1004.2098668704515,940.9985095037766
-0.5228514691497894,0.2157439717027922,0.3024526827699039,0.3145888705112245,7.019279746278852,7.008187170329881,1117.9810976461326,1105.6483349216244
-0.6145011225207886,0.24023935561628856,0.3169460950636982,0.20584594824506813,6.997600416900457,6.9454973724122695,1094.0048507176257,1038.463371812261
-0.4691124958436148,0.1856302308502809,0.32004695782649917,0.2300233536808092,7.002355336870994,7.1119587290975685,1099.2191431775702,1226.5476693382416
-0.6274815522903833,0.27103836875784315,0.3119720627502366,0.1996332690887557,7.038596540267941,6.92690072840658,1139.7868386538419,1019.3298987827917
-0.2633084880440347,0.13626934256040774,0.13063479809658965,0.3876631258624197,7.124177530541245,6.925847799108464,1241.6265470728222,1018.2571813148493
-0.7112081092706382,0.19194372585382816,0.2003540371916202,0.26007794862023503,6.8765342375072915,6.7114289166408545,969.2613024477467,821.7440046131909
-0.4082812406488314,0.15722541051697606,0.25036555003108496,0.4182857259431829,6.991741135434866,7.042937831234131,1087.6135109869374,1144.745741190978
-0.39607425877768043,0.186775760999826,0.2686335922137024,0.1782782839162505,7.078217718953897,7.107959950022167,1185.8531104210278,1221.6527695171471
-0.7260541657780877,0.2570158318850199,0.29742051359433813,0.21440005087866168,6.960640072902583,6.839359044359376,1054.3081754109353,933.8903605615428
-0.5070144691026119,0.189217032643834,0.23229199618025007,0.237713984186578,6.979848672976586,6.887876020576068,1074.755715106005,980.3170312021563
-0.05713874124903131,0.15277860566514362,0.16237577338422576,0.26801875404605113,9.280468375494321,9.271500200448358,10726.454748614939,10630.68809273401
-0.7522865166722383,0.2555147992829644,0.32937529352746386,0.11707799643650706,6.946301095287004,6.867551721775826,1039.2983440769676,960.5938834422989
-0.38904138519933307,0.18776572471563696,0.3227161596837608,0.25302258719386,7.089287077436486,7.259235750500513,1199.0526641249166,1421.1699936025675
-0.6675086076400273,0.2530867673473479,0.2722994991440102,0.5084383874957704,6.985801502676567,6.837653542150646,1081.1726333084966,932.2989659381617
-0.28903902163164596,0.18995726591962633,0.18520162675334106,0.22784241597937516,7.2638530263106125,7.07046904087624,1427.747099908088,1176.6998251498733
-0.5297161870420188,0.19067178171503185,0.2712217655095239,0.35016604279592156,6.966601017188975,6.9417328394280915,1060.6116162702076,1034.5613913713926
-0.3820394798496889,0.1359665196250347,0.20066872184362572,0.31648644658820807,6.962546701601623,6.954975982740112,1056.3202671822285,1048.353359074843
-0.6650311516766414,0.19404788056672612,0.25584755587090247,0.39315457540264614,6.898437841674959,6.814434622925017,990.7258355102662,910.9013674206531
-0.5925626153918588,0.21480721960338217,0.2430029033620189,0.3144083561095087,6.969155707173971,6.839807622397219,1063.3246141029408,934.3093772408575
-0.6044516454250035,0.22992871784718244,0.30277143660599626,0.348292579627996,6.987042430288335,6.9306221373297925,1082.5151230762924,1023.13030921852
-0.4194543642398865,0.1743379197625779,0.2378449588705298,0.2305398284567755,7.022280430214162,6.996753651831893,1121.3408438130364,1093.0788777213209
-0.5462604450081632,0.19856472234205894,0.25899665455465165,0.23606411883758155,6.9701484481657126,6.903846164167366,1064.380744179961,996.098515828288
-0.06187578630225579,0.12024340427322393,0.14958600709005737,0.42986429027351586,8.549953236697636,8.847240386126636,5166.512818325731,6955.168881754404
-1.0282330201905892,0.2481237071292674,0.29825615813119377,0.43401059882681764,6.847960961340679,6.719786177196407,941.9582578568568,828.640310342995
-0.2135333765104397,0.15671446398049022,0.21313270458690756,0.36919820808226733,7.34056104613738,7.42784308789311,1541.576766778858,1682.1753531997795
-1.1579534209730187,0.43959743030366294,0.480294326230032,0.1149715765145341,6.986283271900637,6.844498101713348,1081.693634500224,938.7020298192906
-0.5027616631576585,0.23423124945548676,0.2971669678129145,0.31565549246177127,7.072539426806514,7.020788745227331,1179.1385716140621,1119.669403452376
-0.8086379859909999,0.247665185358456,0.3120501706627118,0.24846125816544254,6.912924674472394,6.815615485979315,1005.1827798682332,911.9776525391482
-1.0617812613582007,0.2897985241421468,0.4665594963008557,0.19139207756102378,6.8795863687142305,6.869131542727533,972.2241342923702,962.112649158509
-0.5355488047824655,0.22064215199846304,0.37546753889677237,0.3355642865783669,7.018642800182454,7.130808782214288,1117.2692306846486,1249.887444965185
-0.2007847298660207,0.16328757265072902,0.16568497089625647,0.2621795289492733,7.419897153533268,7.254906587670504,1668.8618623723344,1415.0308156298743
-0.5426005254004411,0.21566472105366402,0.26278047107089786,0.2839116605168945,7.00411519214251,6.91401770255148,1101.155312970844,1006.2820735412246
-0.5889336974119409,0.29346752904933787,0.33605173527498805,0.3452610574047961,7.104953357402335,7.000329950409392,1217.9852734124054,1096.9950526883313
-0.4687191073366924,0.18579389940411326,0.24065357505817841,0.34222590647866513,7.003036628517181,6.9431476086429775,1099.9682871609382,1036.0260928417804
-0.5720668704975314,0.24365526090240727,0.2927745848441712,0.4537837269898926,7.032571129130111,6.941503326996416,1132.9398031588848,1034.3239739169119
-1.1124390847213759,0.3307801460497608,0.40493619152257027,0.42934811804944273,6.903996935870004,6.793726997267925,996.2487106197926,892.2327216547316
-0.09489518630414251,0.1263869630595326,0.15608555190455048,0.4793570400882792,7.938508713294182,8.074540021457333,2803.1770490400277,3211.6497389058304
-0.27421644599092176,0.13187213449516544,0.27810284644956496,0.26622404573392167,7.087555458012332,7.44389222557293,1196.9781578871507,1709.390623694942
-0.3223941583985266,0.1895247282508467,0.20655527949327446,0.2204749739835313,7.194516694674359,7.070411234116001,1332.1063558864614,1176.6318059112125
-1.2264319575181553,0.2562738136901521,0.4105410734637823,0.7072112895042122,6.815609038027839,6.7644637505991625,911.9717721704557,866.5014223119616
-0.6095945694117336,0.20496034055681117,0.20983010606229838,0.35899833026881456,6.9428742125287,6.7739320360099,1035.7428860492898,874.7446682068987
-0.37834611411331803,0.2016731995640161,0.20515556907724058,0.37512819112489115,7.139689094333038,6.971962576155891,1261.0362648236535,1066.3134196104368
-0.3889888877203892,0.15750067578854127,0.2388129736649642,0.35068387863061884,7.0115478086252985,7.043652115201324,1109.3702695923942,1145.5637068155118
-0.2891068356959487,0.21428113651503133,0.2544914418360529,0.11196925762488522,7.34783341003727,7.309987290536313,1552.828537903976,1495.1581864120176
-0.6881160920164846,0.24980437534542874,0.27745985234693005,0.18565936854459578,6.9696766845517,6.832936109020474,1063.8787264995503,927.9112653880419
-0.6405564419657208,0.24062102014487213,0.3465591976605788,0.3698672049439088,6.982293930263081,6.970747832382227,1077.3869851045463,1065.0189084320693
-1.1683357191806178,0.33452086124390623,0.3978523670026166,0.29566136658012737,6.892972735232763,6.770248626015235,985.3261816451869,871.5285517272611
-0.6166049283433429,0.2602445821658651,0.3087127550080979,0.2023469710479812,7.028710682641334,6.930384881148271,1128.5745809484201,1022.8875940221347
-0.14002603100004196,0.11975517419459752,0.08806770258306743,0.46930285845467035,7.461885268841968,7.058657554438954,1740.4261375155347,1162.8830103178636
-0.8368373028809102,0.2678310494232542,0.3111910830064595,0.3527547008722005,6.926701704577253,6.801585170372818,1019.1270480297246,899.271661212413
-0.6363472385437126,0.23827251302178482,0.2744981054290867,0.1910867965094688,6.981088069463135,6.861084759135161,1076.0885893724283,954.4018022443298
-0.5657520272271422,0.19935608078100522,0.2038257585790651,0.4422145443642701,6.95902379015698,6.7899935005257275,1052.6054916783091,888.9077843785865
-0.19501684899150565,0.12595740294452387,0.13791342566425124,0.5485605940767283,7.2525297786328675,7.136906710206233,1411.671551345042,1257.532454270958
-0.5574185075218532,0.2528048333747147,0.2998930752186258,0.37687618165611014,7.060178065095927,6.967722919209179,1164.6525312746812,1061.8021863117428
-1.188796097335417,0.23494252993295026,0.5976276887964227,0.6754740323214372,6.804280823159048,6.932436209811687,901.6990556078732,1024.9880262650954
-0.45178539867185685,0.13921691622445703,0.23863489487876083,0.1908746375245583,6.91479851643138,6.957923566928002,1007.0680993813477,1051.4480275166522
-1.1037988054684358,0.28414964895831096,0.30274464791831157,0.22482789500431014,6.864079028801213,6.7039946869073255,957.2638213001153,815.6576227130967
-0.989560348678008,0.2759710138330639,0.38857821930040104,0.3185323920495748,6.885532635562465,6.8223971149508404,978.0224605439479,918.1833652459022
-1.2143284320526906,0.32583943229774787,0.32768077980297183,0.51494190236847,6.8749791025746125,6.699564744899161,967.7551417824959,812.052298330948
-0.5725465026582433,0.16474212394567914,0.24822811244268725,0.384873866148216,6.8943859826458525,6.863270484446832,986.7196757664956,956.4901438601617
-0.7236429644409823,0.3158501062946921,0.393658526755129,0.11059163475019912,7.043122482365273,6.9737149925387945,1144.9571393038093,1068.1836829777283
-1.1899796031681065,0.27573924334266264,0.41588806129621414,0.33194802938314294,6.838367807751187,6.779211234191081,932.965112893558,879.37482968480106
-0.42215837694633007,0.15119827661398239,0.21179723102821463,0.3557505057911105,6.964805525214985,6.931420362338162,1058.7090051982634,1023.9473234553765
-0.6160005241385053,0.27619237814780984,0.294384368197914,0.322673068497202,7.05501405493692,6.907615773029502,1158.653755970544,999.8605037778674
-0.5816569980245525,0.2002215030636732,0.25476298172386386,0.1561299921735783,6.950876257136369,6.867714692725973,1044.0641961699607,960.7504450973427
-1.0207900065190947,0.22549441328112257,0.4104949221515866,0.6182347771503306,6.827552048325629,6.831854020432806,922.9287599078333,926.9077262544412
-0.405624014611099,0.19657484537941067,0.22683228468572825,0.47190490472586055,7.091273478455409,6.988937563051212,1201.4368307302116,1084.5685781227246
-1.1419979916147187,0.25374135024740435,0.39281260619461833,0.2218212573814774,6.82884090116491,6.773689090139071,924.1190461476255,874.5321784145323
-0.46267885885322646,0.18282001194283493,0.26423371289717534,0.2898693912550766,7.0017838916715185,7.000814759012408,1098.5911791156427,1097.5270142666957
-0.526595560902884,0.22949036943413706,0.32911426628817364,0.32386313254099536,7.042450231760051,7.054704363448891,1144.187699831011,1158.2949863215676
-0.09411777590202866,0.10842304441293474,0.19411755955602417,0.3300666673538435,7.758643456054029,8.492215724848982,2341.725795714634,4876.659446781262
-0.02654254329149814,0.10315366477191298,0.15000305526317848,0.4417898911911696,10.49300213216845,12.081139299259739,36062.258703662425,176511.14525097384
-1.0335970459274482,0.2637453310725798,0.31226190093887124,0.27519672579976195,6.861822481931627,6.731831313758132,955.1061459841067,838.6817498917895
-0.5856752190641996,0.18610298860834412,0.18860391740491428,0.49144834961650186,6.924408190208871,6.751747645299259,1016.7923438640562,855.552659328404
-0.6172705733497346,0.23543059583339776,0.26398407385400696,0.41560576922674486,6.9880560169602255,6.857382945651805,1083.6129022303373,950.875316008468
-0.19234269963232775,0.14245785113700013,0.18524840416553,0.3678186992267077,7.34729618632879,7.392835855835857,1551.9945456384755,1624.3058850290577
-0.6598035957263839,0.2878021284649427,0.36210896490927674,0.2778516644210529,7.042843820681366,6.978532741947813,1144.6381280695373,1073.3423408676122
-0.3072925087513422,0.17715614171447927,0.21644297263644446,0.35577609276217714,7.183156728561837,7.134074340173404,1317.0593016551106,1253.9756964371095
-0.43877660571035126,0.18951922386505035,0.3062074741839908,0.3093786473807898,7.038576641252105,7.1275859326288495,1139.7641582431495,1245.8657299037418
-0.40384821336418997,0.20757079131443668,0.2357744367352467,0.3063065393623041,7.120632381601045,7.01353891547373,1237.2325892547603,1111.5813448466815
-0.5285795634901284,0.26241257040421395,0.3094172289667113,0.16667701304981627,7.1030987599409166,7.015094415586245,1215.7284943714844,1113.3117552315284
-0.40210468650803755,0.24338351998225496,0.3331835857002986,0.34798270394718894,7.211924205996017,7.258318588867056,1355.4980169826167,1419.8671485608859
-0.4550548001822163,0.1985221009053203,0.2322977206370319,0.374438406772876,7.042909952771003,6.940202436452088,1144.7138278838909,1032.9793064616945
-0.1590772599637054,0.13382939958081047,0.13989483676591163,0.45401160544387653,7.447935732676352,7.309133900929183,1716.3165499037436,1493.8827782421608
-0.43220680898542835,0.18694058372492728,0.21720543466408082,0.37670586976310927,7.039175958209433,6.932269253166359,1140.447442962147,1024.8169119874588
-0.5957738495518967,0.26732109321563696,0.3251352955407244,0.1927244511804854,7.055345766604604,6.975455575360748,1159.0381586921144,1070.0445641861277
-0.2869410511809528,0.17727956154574182,0.24973763208292477,0.27912045670441343,7.224475906206275,7.300064209317875,1372.6190459615257,1480.3949796847282
-0.3736492721280318,0.20165644310938902,0.2563969579070687,0.3099643984408452,7.146344648764413,7.115916339729299,1269.4571520762972,1231.4114856319109
-0.5382102802973855,0.22808703854094603,0.24658889444268778,0.24808856494778847,7.030438149547629,6.887884071822883,1130.5258410717017,980.324924008305
-0.5190565925432462,0.22177920930085,0.3078512678684663,0.14530791040915286,7.033923844768252,7.022817171606755,1134.473385564291,1121.942875412302
-0.5554876399993608,0.22240690128909596,0.3370177638847839,0.22115555105116336,7.007031554340541,7.0364256216450904,1104.3713680110018,1137.3151380808679
-0.6462614271190656,0.20325981643757926,0.25538452247816845,0.2754447948997182,6.921166584528965,6.824891635561571,1013.5016404898364,920.4766517109252
-0.7668548514484639,0.24654601700340614,0.39266202213638085,0.20795960728925017,6.928153031929348,6.941761647942225,1020.6072088289052,1034.5911959771688
-0.5701121725816505,0.26377431702971466,0.33311282065800407,0.23145816765871877,7.069321095039295,7.014012949882692,1175.3498125032088,1112.1083975631907
-0.12350873455831768,0.11262012129205594,0.10896956941915925,0.16961413789126353,7.518489512338178,7.31200177012842,1841.7832011125793,1498.1731878753708
-0.40149975045850134,0.17611643976089314,0.25373795995459114,0.10000000047817015,7.045296635068415,7.0616948644866495,1147.449158997249,1166.4204159487751
-0.6748117319762401,0.23675150370045212,0.28803083671622043,0.45674863123512954,6.957491009618855,6.856550878662092,1050.9933143390058,950.0844531177651
-0.3002137726087891,0.20465940231928711,0.31401062544469066,0.211114387169149,7.288362422585119,7.4756762398359395,1463.1726757391175,1764.594573947929
-0.2411986199684461,0.15729110317427136,0.2059831088107827,0.2533227197199046,7.258772918885692,7.28371735264443,1420.5123833926311,1456.3918971127073
-0.7598487788186166,0.2463023079979833,0.3238030700718273,0.43299895157435825,6.930796667529572,6.855860940785533,1023.3088919393741,949.4291799425141
-0.6029942974705841,0.2544692980292528,0.310197395442372,0.5304413267229463,7.028659646481157,6.944147884316901,1128.5169843051033,1037.0629230115478
-1.1466821578813602,0.428148493740734,0.4943795469099074,0.448029470337044,6.980030456221595,6.860858607144745,1074.9511054462957,954.1859867815634
-0.7179016288482247,0.30982820312400544,0.3156403108510102,0.24193437395647754,7.0382249182699095,6.869390176874871,1139.3633474857224,962.3615165245802
-1.0377853038426172,0.3701281877418109,0.4220099998726953,0.31531558529744363,6.963302170352677,6.836364280495016,1057.1185856495492,931.0977631285424
-1.2822921990860356,0.4594683737586482,0.5902895069974097,0.5610313311947976,6.964968184300472,6.890058788703387,1058.8812278432542,982.4591730214603
-0.3260958473301153,0.14768674447300478,0.15338150676287624,0.31645620874310215,7.059543854370253,6.900076607756292,1163.9141303233152,992.3507344563932
-0.04460084232608967,0.11656148938240324,0.09774784633192876,0.5165787287357435,9.220087137235787,8.621333834047618,10097.944196757504,5548.782615090003
-0.40951158382834785,0.1941006843351511,0.24711606890848709,0.19089178050615294,7.080631123490848,7.033160451792078,1188.718509991239,1133.6076670338603
-1.0659953571640506,0.4090248157125509,0.3739760042481024,0.21566154215407957,6.9903524349591395,6.780542773595527,1086.1041898268888,880.5465318324756
-0.543112053931269,0.25250534481018194,0.2562056164180106,0.23592491857340886,7.071573295494804,6.901455677896034,1177.9999190516967,993.7201997997729
-0.5810726581280892,0.23199892664823235,0.26462561837177967,0.2404328474315027,7.005909940383881,6.885128306298696,1103.1333840711213,977.6270973763613
-0.5623167037110415,0.1994538066495259,0.2615677902031187,0.3528574987647136,6.961350313961127,6.894880460234557,1055.0572543472897,987.2077071828508
-0.3231039293173179,0.15421078977674252,0.2045626889934565,0.24650657686575292,7.083929401287219,7.062836783129405,1192.6457067916708,1167.7531339499835
-0.407385575661892,0.20128745271787074,0.20698408991737766,0.5944796266208289,7.100745865434852,6.937798561548867,1212.8713760433307,1030.4991356358755
-0.5507556339304526,0.1869249929823245,0.24200353389608412,0.24200666013899358,6.946047518638266,6.869122216725681,1039.034835697035,962.103676536001
-0.5238598534923418,0.20834963712261934,0.21837068668933546,0.3578588103052104,7.004370369819167,6.846568918273114,1101.4363390795158,940.647923626508
-0.47947283433003607,0.1942624117861118,0.26558762261066227,0.20964290518334772,7.011808514005365,6.983635369815918,1109.6595260938873,1078.8332044110994
-0.6905211213744564,0.23138201959151306,0.2618261474704484,0.4095056520033556,6.941733375443688,6.808891293883515,1034.5619459125824,905.8659109071781
-1.1227476222189205,0.2786032167006296,0.30447357241999107,0.7416350046055127,6.854794302638219,6.7009055989398,948.4170224598683,813.1418722529287
-0.6741111332555603,0.3083568475142119,0.35744098566389093,0.15224430594151486,7.064077503894379,6.959959920646369,1169.2028886960695,1053.591329136625
-0.7110609936306276,0.25649255318026104,0.24764907527573993,0.3389971385483076,6.967368261690766,6.778000536195993,1061.425676953184,878.3108165708111
-0.6043369044296169,0.23335702291743332,0.2846897721900293,0.28005906464472313,6.992787490087806,6.900797398489361,1088.7521360436856,993.0662695142845
-0.33350837989468474,0.1799611500481516,0.2589453127592062,0.19072151950762373,7.146250270924661,7.206147683054484,1269.337349106088,1347.6905233834257
-1.135027006302583,0.3252410758529405,0.5330008220448206,0.27317472957118233,6.893199381985576,6.899312552992572,985.5495279341177,991.5928137337916
-0.3344456743953651,0.16318633321865833,0.222499994097559,0.2806245454406144,7.094580949583564,7.094999405787674,1205.4171270893069,1205.9216469170417
-0.2123744910845094,0.15277467517576332,0.1350355988782332,0.3141566532965667,7.3260147124913955,7.0655566644576275,1519.3147844435503,1170.9336071891803
-0.7047809686753113,0.2540171216541981,0.2973595977902817,0.4224410655463838,6.967070136429905,6.851637224128666,1061.1092863107224,945.4275169949634
-0.35428832788820347,0.12545713918292384,0.14063984239206212,0.2365831379257114,6.960760466744945,6.826683846666154,1054.4351152644417,922.1278193661689
-0.5110705416340761,0.20141878615405184,0.2658819276217981,0.11714283766892486,7.000761702604627,6.94996454395837,1097.4687849706086,1043.1127428757948
-0.7145536812087103,0.32235936019354317,0.28769136827855246,0.3827781621026971,7.057784045936021,6.832336350422897,1161.8676656410998,927.3549094851322
-0.6883651205728036,0.2560801369495622,0.2850597355085944,0.3050744294148675,6.978662261325543,6.843830720734569,1073.4813685028853,938.0757669410596
-0.23219005102202456,0.14989524268610727,0.19534081578840154,0.4764946773512915,7.252221527546897,7.271016574657081,1411.2364691170364,1438.0115563552522
-0.1241684415692277,0.1154109565015525,0.1916125830543149,0.17026900187205224,7.536121113295318,7.972886007575429,1874.5447581945696,2901.2182314480856
-0.17051896527387359,0.09743344417877117,0.14850444509747335,0.2069368784801922,7.178043778824593,7.30061641820622,1310.3424297917345,1481.2126927041909
-0.5109604609565817,0.21637430162714916,0.2975413405643329,0.1761430196833024,7.030116027805743,7.012037217473023,1130.1617327652784,1109.9133380981614
-0.6298205043140792,0.1682486164531105,0.2765263766283794,0.4106144550801387,6.873787593285883,6.868775327657017,966.6027392273587,961.7699911669391
-0.3879917089300017,0.20336396144616103,0.26303043287639016,0.23209317093087434,7.1307953077705175,7.107647451298597,1249.870603540553,1221.271064230341
-0.5073381008693427,0.1770206436512724,0.1859404087827447,0.32484288872418793,6.955570646435562,6.796221438889562,1048.9769621561677,894.4611222439338
-1.207821311923685,0.35127504128250087,0.3407348154518693,0.2272217999716401,6.897483803567517,6.711826452049378,989.7810960395473,822.0707418922823
-0.5278443655933227,0.19722013803351496,0.21904562931169697,0.4545336058769671,6.980283307794256,6.844700945285603,1075.2229428896558,938.8924588052975
-0.2286397695619763,0.1204881175763198,0.1590694304823446,0.30177527045540936,7.1336281384903675,7.125440221578579,1253.416295183044,1243.1953280199102
-0.6253827229763902,0.26204717181198256,0.2947987108839424,0.1826491881940192,7.025669072049137,6.9011087570408085,1125.1471117047067,993.3755173304291
-0.19363722867588,0.1549318982405767,0.18522779316900229,0.22912559349767508,7.406764396156826,7.3862906623905005,1647.0883902394726,1613.7092052862374
-0.2297392701980252,0.16034058291400882,0.27976650755417554,0.22598233468137943,7.304574327664332,7.647476056237672,1487.0868153847796,2095.3503633253445
-0.488594426027521,0.18482569040722407,0.22540482345397034,0.4085730364158826,6.984930576971264,6.891052664515715,1080.2314221922484,983.4361008221651
-0.3915589147479172,0.18343272545860712,0.19733629103682995,0.3390443677387056,7.075117940473967,6.93369546633677,1182.1829197967343,1026.2795621421235
-0.5513216568022604,0.26606717633183075,0.30291764355326867,0.1560686930623279,7.089248997707011,6.979158521138282,1199.0070053931815,1074.0142263728344
-0.11171585690712912,0.11078369898617879,0.16789765817825247,0.26820935997784817,7.598306178939467,7.932618554558132,1994.8141736379614,2786.714422593549
-0.6183605374880716,0.23100230430282254,0.25371982439199425,0.28181124139752506,6.98022238283484,6.840029983011957,1075.15743697099,934.5171539481584
-0.16864830337815567,0.13931756530297562,0.1281494030894898,0.2576190012397441,7.432733594761108,7.1895812763647555,1690.4221924932108,1325.5480510885236
-0.334862940534855,0.17281672534866,0.2151690538953112,0.5122183506703211,7.122732154159886,7.072278053053846,1239.8332257115885,1178.830416014331
-0.7962624595970862,0.1403207293462404,0.26162242243439016,0.46588841711374385,6.782874404299925,6.758282528175612,882.6020365704978,861.1619036673159
-0.17208679329963006,0.1167955310680886,0.15011336197183883,0.5751474007947535,7.285351490514632,7.302031403280652,1458.7737879045555,1483.3100700853274
-0.46770543036013257,0.17058758123166068,0.2677023868588921,0.4179934183919092,6.971383135953168,7.002093390081941,1065.6957337197123,1098.9312439613336
-0.2986652689461782,0.16235030180097573,0.188930891476207,0.41269089412975335,7.150236329889507,7.062303548302271,1274.4071000764295,1167.1306132990633
-0.7756870766025722,0.20136385867843537,0.2651278586875591,0.19438267203626464,6.866244376629218,6.7715169201839664,959.3388762334599,872.6346075611181
-0.5066192329798886,0.21541476479121185,0.28068016737411805,0.14113346831037643,7.031850713079442,6.983745360008092,1132.1239090671347,1078.951872008592
-1.0600743035044546,0.25096576582305163,0.3949947058765306,0.706923280769725,6.843393747468774,6.802329873905479,937.6659424573083,899.9416014177968
-0.2496439959606659,0.12731174274441448,0.1832096960716445,0.49423601628573044,7.116623367225464,7.163603324781084,1232.2824352677342,1291.5564555985527
-0.6556000225905724,0.23293905422023303,0.34503113105725525,0.1734491471216081,6.961956846042102,6.956002454195668,1055.697374526405,1049.4300163577202
-0.27622977111401276,0.18623794792798531,0.29418106448621834,0.23222491604485762,7.28086407406737,7.49470629426756,1452.242328066309,1798.4964589941753
-0.16233770692146032,0.13732397106250158,0.18313428772723833,0.19806815223410706,7.45256561562423,7.557826380619938,1724.2813183765675,1915.6770319461814
-0.0478376490430026,0.09475063534363481,0.2522833763453062,0.14698846020576234,8.58732100174061,11.703460587651811,5363.22633816548,120989.68677136513
-0.06417815819681379,0.09855437873255746,0.20998652702502546,0.20983847804452704,8.142287566602976,9.701650816128714,3436.770724529145,16344.566813721634
-0.5706615521045748,0.21917697527298888,0.2797798403501911,0.3458149239662364,6.990725430911432,6.919992283905199,1086.509377855512,1012.312183408004
-0.47655001746724357,0.16273430860966848,0.19946380782948175,0.44510387496463355,6.948134401170161,6.848277447860621,1041.2054434596294,942.2564221278144
-0.43621894609457923,0.15361440001144208,0.23594834326319744,0.22083574949766577,6.958799952701333,6.970613782093597,1052.3699055107395,1064.8761519084878
-0.11523195875091852,0.10259042912157869,0.1530172475747678,0.31664914295964663,7.49694512029141,7.757625809177053,1802.5274903756103,2339.343957912345
-0.5032492923792061,0.16865169194204072,0.2402288425112747,0.29327111967162023,6.941775728341967,6.907075027563207,1034.6057635373363,999.3199798996116
-0.25903444931539765,0.1763518713574185,0.21594482990050695,0.31681025293393966,7.2874548892927224,7.2633724167553115,1461.8454001878317,1427.0610758773764
-1.7164611558773353,0.48727055178866374,0.6141988534489533,0.3159849620665829,6.890531094379679,6.787548055368648,982.9233036627443,886.7366649009708
-0.4975162556253084,0.21389034036816384,0.2690345400348442,0.2193106832520618,7.036566471243683,6.970474753857624,1137.4753397434447,1064.7281143464968
-0.6325697932628045,0.22140995851456602,0.26123674402005553,0.3611457862355314,6.9566668339621405,6.842696428254532,1050.1274680876706,937.0123178980607
-0.11649069752024632,0.1408797294766374,0.13568083300835326,0.2851324106262956,7.81601481767149,7.594454825123583,2480.0024267120925,1987.1462139494317
-0.6843586601671948,0.18796710748122597,0.19531045577523332,0.38991365455741234,6.88131187811763,6.715111432789176,973.9031643527901,824.7756688301697
-0.6361101046735541,0.23027178851255636,0.3744402719044355,0.22306453478196223,6.968650077130194,7.018360138128314,1062.7871011345678,1116.9534656983672
-0.6180998376239975,0.24370728829452054,0.2921399263122211,0.3216226215040069,7.000934852622562,6.902361450305656,1097.6588281629256,994.6206918985192
-0.2777749327800616,0.20068011472624153,0.24530340027749173,0.21713552270544192,7.329105998599175,7.312820763754216,1524.0186879399162,1499.4006847540263
-0.8063202121128202,0.3095099568593479,0.28593639485081923,0.32171756525919815,6.990505076860488,6.784338388188461,1086.2699874890002,883.8950980116387
-0.41219536216940456,0.2149002790970354,0.22228252745157223,0.2867273692246629,7.128005589048953,6.968984467052328,1246.3886751768782,1063.1425458558156
-0.3620488077773715,0.1922959194873687,0.2753602253672951,0.3264581442321833,7.137782772072145,7.19028053901249,1258.6346132085087,1326.4752814794342
-0.28370275371255327,0.16719809777306227,0.21022124645414111,0.3208590424543679,7.195992713139166,7.170710686982906,1334.0740212628157,1300.7687137809658
-0.5294057696457924,0.2029915930130766,0.3148532818579351,0.22519595109200072,6.990083092773622,7.0244490784902105,1085.8116955429941,1123.7752764608144
-0.597415816164403,0.2585146346098457,0.22547593118559184,0.27258976920323125,7.039371630149249,6.807138229074585,1140.6706183594395,904.2792604140755
