"Data Provider,""The Paleobiology Database""";
"Data Source,""The Paleobiology Database""";
"Data License,""Creative Commons CC-BY""";
"License URL,""http://creativecommons.org/licenses/by/4.0/""";
"Documentation URL,""http://paleobiodb.org/data1.2/specs/list_doc.html""";
"Data URL,""http://paleobiodb.org/data1.2/specs/list.csv?datainfo&rowcount&base_name=Sauropoda&limit=1000""";
"Access Time,""Thu 2024-10-03 14:08:02 GMT""";
"Title,""PBDB Data Service""";
Parameters:;
",""base_name"",""Sauropoda""";
",""timerule"",""major""";
",""taxon_status"",""all""";
",""limit"",""1000""";
"Elapsed Time,""0.042""";
"Records Found,""500""";
"Records Returned,""500""";
Records:;
"specimen_no,""record_type"",""flags"",""occurrence_no"",""reid_no"",""collection_no"",""specimen_id"",""is_type"",""specelt_no"",""specimen_side"",""specimen_part"",""specimen_sex"",""n_measured"",""measurement_source"",""magnification"",""comments"",""identified_name"",""identified_rank"",""identified_no"",""difference"",""accepted_name"",""accepted_rank"",""accepted_no"",""max_ma"",""min_ma"",""reference_no""";
"13134,""spm"","""",""489976"",""19690"",""49415"",""MUCPv 323"",""holotype"","""",""right"",""pubis"","""",""1"",""text"","""","""",""Futalognkosaurus dukei"",""species"",""109005"","""",""Futalognkosaurus dukei"",""species"",""109005"",""93.9"",""86.3"",""25429""";
"18675,""spm"","""",""475161"",""30612"",""47147"",""HMN SII"",""holotype"","""","""",""femur"","""",""1"",""table"","""",""specimen number not given, inferred from data of Paul 1988\r\n2090 mm according to Paul 1988\r\ncircumference based on Paul 1988"",""Brachiosaurus brancai"",""species"",""64501"",""recombined as"",""Giraffatitan brancai"",""species"",""64501"",""152.2"",""145"",""34472""";
"18676,""spm"","""",""475161"",""30612"",""47147"",""HMN SII"",""holotype"","""","""",""tibia"","""",""1"",""table"","""",""specimen number not given, inferred from data of Paul 1988\r\n1150 mm according to Paul 1988"",""Brachiosaurus brancai"",""species"",""64501"",""recombined as"",""Giraffatitan brancai"",""species"",""64501"",""152.2"",""145"",""34472""";
"18677,""spm"","""",""475161"",""30612"",""47147"",""HMN SII"",""holotype"","""","""",""humerus"","""",""1"",""table"","""",""specimen number not given, inferred from data of Paul 1988\r\n2130 mm according to Paul 1988"",""Brachiosaurus brancai"",""species"",""64501"",""recombined as"",""Giraffatitan brancai"",""species"",""64501"",""152.2"",""145"",""34472""";
"18678,""spm"","""",""475161"",""30612"",""47147"",""HMN SII"",""holotype"","""","""",""radius"","""",""1"",""table"","""",""specimen number not given, inferred from data of Paul 1988\r\n1240 mm according to Paul 1988"",""Brachiosaurus brancai"",""species"",""64501"",""recombined as"",""Giraffatitan brancai"",""species"",""64501"",""152.2"",""145"",""34472""";
"18679,""spm"","""",""475161"",""30612"",""47147"",""HMN SII"",""holotype"","""","""",""ulna"","""",""1"",""table"","""",""specimen number not given, inferred from data of Paul 1988\r\nnot measured by Paul 1988"",""Brachiosaurus brancai"",""species"",""64501"",""recombined as"",""Giraffatitan brancai"",""species"",""64501"",""152.2"",""145"",""34472""";
"18680,""spm"","""",""475161"",""30612"",""47147"",""HMN SII"",""holotype"","""","""",""pubis"","""",""1"",""table"","""",""specimen number not given, inferred from data of Paul 1988\r\n1150 mm according to Paul 1988"",""Brachiosaurus brancai"",""species"",""64501"",""recombined as"",""Giraffatitan brancai"",""species"",""64501"",""152.2"",""145"",""34472""";
"18681,""spm"","""",""475161"",""30612"",""47147"",""HMN SII"",""holotype"","""","""",""scapula"","""",""1"",""table"","""",""specimen number not given, inferred from data of Paul 1988\r\n1929 mm according to Paul 1988"",""Brachiosaurus brancai"",""species"",""64501"",""recombined as"",""Giraffatitan brancai"",""species"",""64501"",""152.2"",""145"",""34472""";
"18682,""spm"","""",""508088"",""0"",""51572"","""",""holotype"","""","""",""femur"","""",""1"",""table"","""",""additional """"measurements"""" are given for tibia, humerus, radius, ulna, pubis, and scapula, but these are """"increased from"""" other specimens that may include A. wichmannianus and definitely include A. septentrionalis\r\nfigure of 2310 mm repeated by Paul 1988, who also gives circumference and lists the specimen as MP A2300"",""Antarctosaurus giganteus"",""species"",""66265"",""nomen dubium"",""Antarctosaurus"",""genus"",""38685"",""89.8"",""83.6"",""34472""";
"18683,""spm"",""N"","""",""0"","""","""","""","""","""",""femur"","""",""1"",""table"","""","""",""Apatosaurus alenquerensis"",""species"",""65347"",""recombined as"",""Lourinhasaurus alenquerensis"",""species"",""65347"","""","""",""34472""";
"18684,""spm"",""N"","""",""0"","""","""","""","""","""",""tibia"","""",""1"",""table"","""","""",""Apatosaurus alenquerensis"",""species"",""65347"",""recombined as"",""Lourinhasaurus alenquerensis"",""species"",""65347"","""","""",""34472""";
"18685,""spm"",""N"","""",""0"","""","""","""","""","""",""humerus"","""",""1"",""table"","""","""",""Apatosaurus alenquerensis"",""species"",""65347"",""recombined as"",""Lourinhasaurus alenquerensis"",""species"",""65347"","""","""",""34472""";
"18686,""spm"",""N"","""",""0"","""","""","""","""","""",""radius"","""",""1"",""table"","""","""",""Apatosaurus alenquerensis"",""species"",""65347"",""recombined as"",""Lourinhasaurus alenquerensis"",""species"",""65347"","""","""",""34472""";
"18687,""spm"",""N"","""",""0"","""","""","""","""","""",""ulna"","""",""1"",""table"","""","""",""Apatosaurus alenquerensis"",""species"",""65347"",""recombined as"",""Lourinhasaurus alenquerensis"",""species"",""65347"","""","""",""34472""";
"18688,""spm"",""N"","""",""0"","""","""","""","""","""",""pubis"","""",""1"",""table"","""","""",""Apatosaurus alenquerensis"",""species"",""65347"",""recombined as"",""Lourinhasaurus alenquerensis"",""species"",""65347"","""","""",""34472""";
"18689,""spm"",""N"","""",""0"","""","""","""","""","""",""scapula"","""",""1"",""table"","""","""",""Apatosaurus alenquerensis"",""species"",""65347"",""recombined as"",""Lourinhasaurus alenquerensis"",""species"",""65347"","""","""",""34472""";
"18690,""spm"","""",""474524"",""0"",""21852"","""","""","""","""",""femur"","""",""1"",""table"","""",""based on specimens described by Gilmore (1936)"",""Apatosaurus louisae"",""species"",""57752"","""",""Apatosaurus louisae"",""species"",""57752"",""149.2"",""146.3"",""34472""";
"18691,""spm"","""",""474524"",""0"",""21852"","""","""","""","""",""tibia"","""",""1"",""table"","""",""based on specimens described by Gilmore (1936)"",""Apatosaurus louisae"",""species"",""57752"","""",""Apatosaurus louisae"",""species"",""57752"",""149.2"",""146.3"",""34472""";
"18692,""spm"","""",""474524"",""0"",""21852"","""","""","""","""",""humerus"","""",""1"",""table"","""",""based on specimens described by Gilmore (1936)"",""Apatosaurus louisae"",""species"",""57752"","""",""Apatosaurus louisae"",""species"",""57752"",""149.2"",""146.3"",""34472""";
"18693,""spm"","""",""474524"",""0"",""21852"","""","""","""","""",""radius"","""",""1"",""table"","""",""based on specimens described by Gilmore (1936)"",""Apatosaurus louisae"",""species"",""57752"","""",""Apatosaurus louisae"",""species"",""57752"",""149.2"",""146.3"",""34472""";
"18694,""spm"","""",""474524"",""0"",""21852"","""","""","""","""",""ulna"","""",""1"",""table"","""",""based on specimens described by Gilmore (1936)"",""Apatosaurus louisae"",""species"",""57752"","""",""Apatosaurus louisae"",""species"",""57752"",""149.2"",""146.3"",""34472""";
"18695,""spm"","""",""474524"",""0"",""21852"","""","""","""","""",""pubis"","""",""1"",""table"","""",""based on specimens described by Gilmore (1936)"",""Apatosaurus louisae"",""species"",""57752"","""",""Apatosaurus louisae"",""species"",""57752"",""149.2"",""146.3"",""34472""";
"18696,""spm"","""",""474524"",""0"",""21852"","""","""","""","""",""scapula"","""",""1"",""table"","""",""based on specimens described by Gilmore (1936)"",""Apatosaurus louisae"",""species"",""57752"","""",""Apatosaurus louisae"",""species"",""57752"",""149.2"",""146.3"",""34472""";
"18795,""spm"","""",""225582"",""30574"",""21852"",""USNM 10865"","""","""","""",""scapula"","""",""1"",""table"","""",""width is least breadth"",""Diplodocus longus"",""species"",""52920"","""",""Diplodocus longus"",""species"",""52920"",""149.2"",""146.3"",""14579""";
"18796,""spm"","""",""225582"",""30574"",""21852"",""USNM 10865"","""","""","""",""coracoid"","""",""1"",""table"","""","""",""Diplodocus longus"",""species"",""52920"","""",""Diplodocus longus"",""species"",""52920"",""149.2"",""146.3"",""14579""";
"18797,""spm"","""",""225582"",""30574"",""21852"",""USNM 10865"","""","""","""",""humerus"","""",""1"",""table"","""",""least circumference"",""Diplodocus longus"",""species"",""52920"","""",""Diplodocus longus"",""species"",""52920"",""149.2"",""146.3"",""14579""";
"18798,""spm"","""",""225582"",""30574"",""21852"",""USNM 10865"","""","""","""",""ulna"","""",""1"",""table"","""",""least circumference"",""Diplodocus longus"",""species"",""52920"","""",""Diplodocus longus"",""species"",""52920"",""149.2"",""146.3"",""14579""";
"18799,""spm"","""",""225582"",""30574"",""21852"",""USNM 10865"","""","""","""",""radius"","""",""1"",""table"","""",""least circumference"",""Diplodocus longus"",""species"",""52920"","""",""Diplodocus longus"",""species"",""52920"",""149.2"",""146.3"",""14579""";
"18800,""spm"","""",""225582"",""30574"",""21852"",""USNM 10865"","""","""","""",""femur"","""",""1"",""table"","""","""",""Diplodocus longus"",""species"",""52920"","""",""Diplodocus longus"",""species"",""52920"",""149.2"",""146.3"",""14579""";
"18801,""spm"","""",""225582"",""30574"",""21852"",""USNM 10865"","""","""","""",""tibia"","""",""1"",""table"","""","""",""Diplodocus longus"",""species"",""52920"","""",""Diplodocus longus"",""species"",""52920"",""149.2"",""146.3"",""14579""";
"18802,""spm"","""",""225582"",""30574"",""21852"",""USNM 10865"","""","""","""",""fibula"","""",""1"",""table"","""","""",""Diplodocus longus"",""species"",""52920"","""",""Diplodocus longus"",""species"",""52920"",""149.2"",""146.3"",""14579""";
"18803,""spm"","""",""557969"",""0"",""57897"",""C.M. No. 84"","""","""","""",""scapula"","""",""1"",""table"","""",""width is least breadth"",""Diplodocus carnegii"",""species"",""65917"","""",""Diplodocus carnegii"",""species"",""65917"",""154.8"",""145"",""14579""";
"18804,""spm"","""",""557969"",""0"",""57897"",""C.M. No. 84"","""","""","""",""coracoid"","""",""1"",""table"","""","""",""Diplodocus carnegii"",""species"",""65917"","""",""Diplodocus carnegii"",""species"",""65917"",""154.8"",""145"",""14579""";
"18805,""spm"","""",""557969"",""0"",""57897"",""C.M. No. 84"","""","""","""",""femur"","""",""1"",""table"","""","""",""Diplodocus carnegii"",""species"",""65917"","""",""Diplodocus carnegii"",""species"",""65917"",""154.8"",""145"",""14579""";
"18806,""spm"","""",""557969"",""0"",""57897"",""CM 94"","""","""","""",""femur"","""",""1"",""table"","""","""",""Diplodocus carnegii"",""species"",""65917"","""",""Diplodocus carnegii"",""species"",""65917"",""154.8"",""145"",""14579""";
"18807,""spm"","""",""150350"",""0"",""13352"",""CM 94"","""","""","""",""tibia"","""",""1"",""table"","""","""",""Diplodocus carnegii"",""species"",""65917"","""",""Diplodocus carnegii"",""species"",""65917"",""154.8"",""145"",""14579""";
"18808,""spm"","""",""150350"",""0"",""13352"",""CM 94"","""","""","""",""fibula"","""",""1"",""table"","""","""",""Diplodocus carnegii"",""species"",""65917"","""",""Diplodocus carnegii"",""species"",""65917"",""154.8"",""145"",""14579""";
"18819,""spm"","""",""219971"",""0"",""22648"",""Amer. Mus. Coll. No. 594"","""","""",""right"",""scapula"","""",""1"",""table"","""","""",""Diplodocus longus"",""species"",""52920"","""",""Diplodocus longus"",""species"",""52920"",""154.8"",""145"",""13070""";
"18820,""spm"","""",""219971"",""0"",""22648"",""Amer. Mus. Coll. No. 594"","""","""",""right"",""coracoid"","""",""1"",""table"","""","""",""Diplodocus longus"",""species"",""52920"","""",""Diplodocus longus"",""species"",""52920"",""154.8"",""145"",""13070""";
"18821,""spm"","""",""219971"",""0"",""22648"",""Amer. Mus. Coll. No. 594"","""","""",""right"",""humerus"","""",""1"",""table"","""",""least circumference"",""Diplodocus longus"",""species"",""52920"","""",""Diplodocus longus"",""species"",""52920"",""154.8"",""145"",""13070""";
"18822,""spm"","""",""219971"",""0"",""22648"",""Amer. Mus. Coll. No. 594"","""","""",""right"",""ulna"","""",""1"",""table"","""",""least circumference"",""Diplodocus longus"",""species"",""52920"","""",""Diplodocus longus"",""species"",""52920"",""154.8"",""145"",""13070""";
"18823,""spm"","""",""219971"",""0"",""22648"",""Amer. Mus. Coll. No. 594"","""","""",""right"",""radius"","""",""1"",""table"","""",""least circumference"",""Diplodocus longus"",""species"",""52920"","""",""Diplodocus longus"",""species"",""52920"",""154.8"",""145"",""13070""";
"18824,""spm"","""",""219971"",""0"",""22648"",""Amer. Mus. Coll. No. 588"","""","""",""right"",""radius"","""",""1"",""table"","""",""least circumference"",""Diplodocus longus"",""species"",""52920"","""",""Diplodocus longus"",""species"",""52920"",""154.8"",""145"",""13070""";
"18825,""spm"","""",""219971"",""0"",""22648"",""Amer. Mus. Coll. No. 588"","""","""",""right"",""ulna"","""",""1"",""table"","""",""least circumference"",""Diplodocus longus"",""species"",""52920"","""",""Diplodocus longus"",""species"",""52920"",""154.8"",""145"",""13070""";
"18826,""spm"","""",""219972"",""12456"",""22648"",""Amer. Mus. Coll. No. 332"","""","""","""",""humerus"","""",""1"",""table"","""","""",""Morosaurus"",""genus"",""52968"",""subjective synonym of"",""Camarasaurus"",""genus"",""38697"",""154.8"",""145"",""13070""";
"18827,""spm"","""",""219972"",""12456"",""22648"",""Amer. Mus. Coll. No. 332"","""","""","""",""ulna"","""",""1"",""table"","""","""",""Morosaurus"",""genus"",""52968"",""subjective synonym of"",""Camarasaurus"",""genus"",""38697"",""154.8"",""145"",""13070""";
"18828,""spm"","""",""219972"",""12456"",""22648"",""Amer. Mus. Coll. No. 332"","""","""","""",""radius"","""",""1"",""table"","""","""",""Morosaurus"",""genus"",""52968"",""subjective synonym of"",""Camarasaurus"",""genus"",""38697"",""154.8"",""145"",""13070""";
"18829,""spm"","""",""219971"",""0"",""22648"",""Amer. Mus. Coll. No. 251"","""","""","""",""femur"","""",""1"",""table"","""",""least circumference"",""Diplodocus longus"",""species"",""52920"","""",""Diplodocus longus"",""species"",""52920"",""154.8"",""145"",""13099""";
"18830,""spm"","""",""219971"",""0"",""22648"",""Amer. Mus. Coll. No. 251"","""","""","""",""tibia"","""",""1"",""table"","""",""least circumference"",""Diplodocus longus"",""species"",""52920"","""",""Diplodocus longus"",""species"",""52920"",""154.8"",""145"",""13099""";
"18831,""spm"","""",""219971"",""0"",""22648"",""Amer. Mus. Coll. No. 251"","""","""","""",""fibula"","""",""1"",""table"","""","""",""Diplodocus longus"",""species"",""52920"","""",""Diplodocus longus"",""species"",""52920"",""154.8"",""145"",""13099""";
"18832,""spm"","""",""219974"",""12665"",""22648"",""Amer. Mus. Coll. No. 309"","""","""","""",""tibia"","""",""1"",""table"","""","""",""Apatosaurus excelsus"",""species"",""56547"",""recombined as"",""Brontosaurus excelsus"",""species"",""52982"",""154.8"",""145"",""13099""";
"18833,""spm"","""",""219974"",""12665"",""22648"",""Amer. Mus. Coll. No. 309"","""","""","""",""fibula"","""",""1"",""table"","""","""",""Apatosaurus excelsus"",""species"",""56547"",""recombined as"",""Brontosaurus excelsus"",""species"",""52982"",""154.8"",""145"",""13099""";
"18834,""spm"","""",""219974"",""12665"",""22648"",""Amer. Mus. Coll. No. 353"","""","""","""",""femur"","""",""1"",""table"","""",""least circumference"",""Apatosaurus excelsus"",""species"",""56547"",""recombined as"",""Brontosaurus excelsus"",""species"",""52982"",""154.8"",""145"",""13099""";
"18835,""spm"","""",""219974"",""12665"",""22648"",""Amer. Mus. Coll. No. 353"","""","""","""",""tibia"","""",""1"",""table"","""",""least circumference"",""Apatosaurus excelsus"",""species"",""56547"",""recombined as"",""Brontosaurus excelsus"",""species"",""52982"",""154.8"",""145"",""13099""";
"18872,""spm"","""",""148500"",""13664"",""13105"",""ASDM 500"",""holotype"","""",""left"",""tibia"","""",""1"",""text"","""",""midshaft width, least breadth circumference"",""Sonorasaurus thompsoni"",""species"",""68170"","""",""Sonorasaurus thompsoni"",""species"",""68170"",""106.2"",""93.9"",""19635""";
"18873,""spm"","""",""148500"",""13664"",""13105"",""ASDM 500"",""holotype"","""",""both"",""radius"","""",""1"",""text"","""",""least breadth circumference"",""Sonorasaurus thompsoni"",""species"",""68170"","""",""Sonorasaurus thompsoni"",""species"",""68170"",""106.2"",""93.9"",""19635""";
"18874,""spm"","""",""148500"",""13664"",""13105"",""ASDM 500"",""holotype"","""",""left"",""ulna"","""",""1"",""text"","""",""least breadth circumference"",""Sonorasaurus thompsoni"",""species"",""68170"","""",""Sonorasaurus thompsoni"",""species"",""68170"",""106.2"",""93.9"",""19635""";
"18875,""spm"","""",""148500"",""13664"",""13105"",""ASDM 500"",""holotype"","""","""",""fibula"","""",""1"",""text"","""",""least breadth circumference"",""Sonorasaurus thompsoni"",""species"",""68170"","""",""Sonorasaurus thompsoni"",""species"",""68170"",""106.2"",""93.9"",""19635""";
"18890,""spm"","""",""408400"",""0"",""13212"",""Yale Mus. No. 1905"",""holotype"","""","""",""scapula"","""",""1"",""table"","""","""",""Apatosaurus grandis"",""species"",""52961"",""recombined as"",""Camarasaurus grandis"",""species"",""52961"",""154.8"",""145"",""18056""";
"18891,""spm"","""",""408400"",""0"",""13212"",""Yale Mus. No. 1905"",""holotype"","""","""",""humerus"","""",""1"",""table"","""","""",""Apatosaurus grandis"",""species"",""52961"",""recombined as"",""Camarasaurus grandis"",""species"",""52961"",""154.8"",""145"",""18056""";
"18892,""spm"","""",""408400"",""0"",""13212"",""Yale Mus. No. 1905"",""holotype"","""","""",""ulna"","""",""1"",""table"","""","""",""Apatosaurus grandis"",""species"",""52961"",""recombined as"",""Camarasaurus grandis"",""species"",""52961"",""154.8"",""145"",""18056""";
"18893,""spm"","""",""408400"",""0"",""13212"",""Yale Mus. No. 1905"",""holotype"","""","""",""ischium"","""",""1"",""table"","""","""",""Apatosaurus grandis"",""species"",""52961"",""recombined as"",""Camarasaurus grandis"",""species"",""52961"",""154.8"",""145"",""18056""";
"18894,""spm"","""",""408400"",""0"",""13212"",""Yale Mus. No. 1905"",""holotype"","""","""",""femur"","""",""1"",""table"","""",""an identical value is reported by Marsh 1878"",""Apatosaurus grandis"",""species"",""52961"",""recombined as"",""Camarasaurus grandis"",""species"",""52961"",""154.8"",""145"",""18056""";
"18895,""spm"","""",""481755"",""0"",""48127"",""Am. Mus. Nat. Hist. No. 5760"",""holotype"","""","""",""scapula"","""",""1"",""table"","""","""",""Camarasaurus supremus"",""species"",""54168"","""",""Camarasaurus supremus"",""species"",""54168"",""154.8"",""145"",""18056""";
"18896,""spm"","""",""481755"",""0"",""48127"",""Am. Mus. Nat. Hist. No. 5760"",""holotype"","""","""",""coracoid"","""",""1"",""table"","""","""",""Camarasaurus supremus"",""species"",""54168"","""",""Camarasaurus supremus"",""species"",""54168"",""154.8"",""145"",""18056""";
"18897,""spm"","""",""481755"",""0"",""48127"",""Am. Mus. Nat. Hist. No. 5760"",""holotype"","""","""",""humerus"","""",""1"",""table"","""","""",""Camarasaurus supremus"",""species"",""54168"","""",""Camarasaurus supremus"",""species"",""54168"",""154.8"",""145"",""18056""";
"18898,""spm"","""",""481755"",""0"",""48127"",""Am. Mus. Nat. Hist. No. 5760"",""holotype"","""","""",""ilium"","""",""1"",""table"","""","""",""Camarasaurus supremus"",""species"",""54168"","""",""Camarasaurus supremus"",""species"",""54168"",""154.8"",""145"",""18056""";
"18899,""spm"","""",""481755"",""0"",""48127"",""Am. Mus. Nat. Hist. No. 5760"",""holotype"","""","""",""pubis"","""",""1"",""table"","""","""",""Camarasaurus supremus"",""species"",""54168"","""",""Camarasaurus supremus"",""species"",""54168"",""154.8"",""145"",""18056""";
"18900,""spm"","""",""481755"",""0"",""48127"",""Am. Mus. Nat. Hist. No. 5760"",""holotype"","""","""",""ischium"","""",""1"",""table"","""","""",""Camarasaurus supremus"",""species"",""54168"","""",""Camarasaurus supremus"",""species"",""54168"",""154.8"",""145"",""18056""";
"18901,""spm"","""",""481755"",""0"",""48127"",""Am. Mus. Nat. Hist. No. 5760"",""holotype"","""","""",""femur"","""",""1"",""table"","""","""",""Camarasaurus supremus"",""species"",""54168"","""",""Camarasaurus supremus"",""species"",""54168"",""154.8"",""145"",""18056""";
"18902,""spm"","""",""481755"",""0"",""48127"",""Am. Mus. Nat. Hist. No. 5760"",""holotype"","""","""",""tibia"","""",""1"",""table"","""","""",""Camarasaurus supremus"",""species"",""54168"","""",""Camarasaurus supremus"",""species"",""54168"",""154.8"",""145"",""18056""";
"18905,""spm"","""",""408914"",""0"",""13341"",""YPM 1840"",""holotype"","""","""",""femur"","""",""1"",""text"","""","""",""Atlantosaurus immanis"",""species"",""52966"",""nomen dubium"",""Apatosaurinae"",""subfamily"",""66543"",""154.8"",""145"",""7813""";
"18914,""spm"","""",""296465"",""0"",""28366"",""YPM 1920"",""holotype"","""","""",""femur"","""",""1"",""text"","""","""",""Diplodocus longus"",""species"",""52920"","""",""Diplodocus longus"",""species"",""52920"",""152.2"",""146.3"",""7803""";
"18915,""spm"","""",""296465"",""0"",""28366"",""YPM 1920"",""holotype"","""","""",""tibia"","""",""1"",""text"","""","""",""Diplodocus longus"",""species"",""52920"","""",""Diplodocus longus"",""species"",""52920"",""152.2"",""146.3"",""7803""";
"18938,""spm"","""",""520505"",""31051"",""52816"",""Carn. Mus. No. 563"","""","""","""",""humerus"","""",""1"",""table"","""","""",""Brontosaurus parvus"",""species"",""319100"","""",""Brontosaurus parvus"",""species"",""66540"",""154.8"",""145"",""14349""";
"18939,""spm"","""",""520505"",""31051"",""52816"",""Carn. Mus. No. 563"","""","""","""",""radius"","""",""1"",""table"","""",""width is at middle of shaft"",""Brontosaurus parvus"",""species"",""319100"","""",""Brontosaurus parvus"",""species"",""66540"",""154.8"",""145"",""14349""";
"18940,""spm"","""",""520505"",""31051"",""52816"",""Carn. Mus. No. 563"","""","""","""",""ulna"","""",""1"",""table"","""","""",""Brontosaurus parvus"",""species"",""319100"","""",""Brontosaurus parvus"",""species"",""66540"",""154.8"",""145"",""14349""";
"18980,""spm"","""",""472698"",""13527"",""46992"",""U.S.N.M. Cat. No. 10,486"",""holotype"","""",""left"",""scapula"","""",""1"",""table"","""",""estimated length and """"greatest breadth inferior (oblique)"""""",""Alamosaurus sanjuanensis"",""species"",""63399"","""",""Alamosaurus sanjuanensis"",""species"",""63399"",""72.1"",""66"",""14569""";
"19039,""spm"","""",""475161"",""30612"",""47147"",""HMN SII"",""holotype"","""","""",""ilium"","""",""1"",""table"","""","""",""Brachiosaurus brancai"",""species"",""64501"",""recombined as"",""Giraffatitan brancai"",""species"",""64501"",""152.2"",""145"",""14554""";
"19040,""spm"","""",""475161"",""30612"",""47147"",""HMN SII"",""holotype"","""","""",""pubis"","""",""1"",""table"","""","""",""Brachiosaurus brancai"",""species"",""64501"",""recombined as"",""Giraffatitan brancai"",""species"",""64501"",""152.2"",""145"",""14554""";
"19041,""spm"","""",""483495"",""0"",""48377"",""HMN XV2"","""","""","""",""scapula"","""",""1"",""table"","""","""",""Brachiosaurus brancai"",""species"",""64501"",""recombined as"",""Giraffatitan brancai"",""species"",""64501"",""149.2"",""145"",""14554""";
"19042,""spm"","""",""483495"",""0"",""48377"",""HMN XV2"","""","""","""",""humerus"","""",""1"",""table"","""","""",""Brachiosaurus brancai"",""species"",""64501"",""recombined as"",""Giraffatitan brancai"",""species"",""64501"",""149.2"",""145"",""14554""";
"19043,""spm"","""",""483495"",""0"",""48377"",""HMN XV2"","""","""","""",""femur"","""",""1"",""table"","""","""",""Brachiosaurus brancai"",""species"",""64501"",""recombined as"",""Giraffatitan brancai"",""species"",""64501"",""149.2"",""145"",""14554""";
"19044,""spm"","""",""483495"",""0"",""48377"",""HMN XV2"","""","""","""",""fibula"","""",""1"",""table"","""","""",""Brachiosaurus brancai"",""species"",""64501"",""recombined as"",""Giraffatitan brancai"",""species"",""64501"",""149.2"",""145"",""14554""";
"19045,""spm"","""",""475162"",""0"",""47148"",""HMN Y"","""","""","""",""scapula"","""",""1"",""table"","""","""",""Brachiosaurus fraasi"",""species"",""64502"",""subjective synonym of"",""Giraffatitan brancai"",""species"",""64501"",""152.2"",""149.2"",""14554""";
"19046,""spm"","""",""475162"",""0"",""47148"",""HMN Y"","""","""","""",""humerus"","""",""1"",""table"","""","""",""Brachiosaurus fraasi"",""species"",""64502"",""subjective synonym of"",""Giraffatitan brancai"",""species"",""64501"",""152.2"",""149.2"",""14554""";
"19047,""spm"","""",""483495"",""0"",""48377"",""HMN XV1"","""","""","""",""femur"","""",""1"",""table"","""","""",""Brachiosaurus brancai"",""species"",""64501"",""recombined as"",""Giraffatitan brancai"",""species"",""64501"",""149.2"",""145"",""14554""";
"19048,""spm"","""",""483438"",""0"",""48358"",""HMN KI24"","""","""","""",""scapula"","""",""1"",""table"","""","""",""Brachiosaurus brancai"",""species"",""64501"",""recombined as"",""Giraffatitan brancai"",""species"",""64501"",""149.2"",""145"",""14554""";
"19049,""spm"","""",""483438"",""0"",""48358"",""HMN KI24"","""","""","""",""femur"","""",""1"",""table"","""","""",""Brachiosaurus brancai"",""species"",""64501"",""recombined as"",""Giraffatitan brancai"",""species"",""64501"",""149.2"",""145"",""14554""";
"19050,""spm"","""",""483438"",""0"",""48358"",""HMN KI24"","""","""","""",""tibia"","""",""1"",""table"","""",""tibia-astragalus"",""Brachiosaurus brancai"",""species"",""64501"",""recombined as"",""Giraffatitan brancai"",""species"",""64501"",""149.2"",""145"",""14554""";
"19051,""spm"","""",""483438"",""0"",""48358"",""HMN KI24"","""","""","""",""fibula"","""",""1"",""table"","""","""",""Brachiosaurus brancai"",""species"",""64501"",""recombined as"",""Giraffatitan brancai"",""species"",""64501"",""149.2"",""145"",""14554""";
"19052,""spm"","""",""475067"",""0"",""47123"",""HMN D"","""","""","""",""humerus"","""",""1"",""table"","""","""",""Brachiosaurus brancai"",""species"",""64501"",""recombined as"",""Giraffatitan brancai"",""species"",""64501"",""149.2"",""145"",""14554""";
"19053,""spm"","""",""483505"",""0"",""48385"",""HMN Sa9"","""","""","""",""scapula"","""",""1"",""table"","""","""",""Brachiosaurus brancai"",""species"",""64501"",""recombined as"",""Giraffatitan brancai"",""species"",""64501"",""149.2"",""145"",""14554""";
"19054,""spm"","""",""483505"",""0"",""48385"",""HMN Sa9"","""","""","""",""ilium"","""",""1"",""table"","""","""",""Brachiosaurus brancai"",""species"",""64501"",""recombined as"",""Giraffatitan brancai"",""species"",""64501"",""149.2"",""145"",""14554""";
"19055,""spm"","""",""483505"",""0"",""48385"",""HMN Sa9"","""","""","""",""pubis"","""",""1"",""table"","""","""",""Brachiosaurus brancai"",""species"",""64501"",""recombined as"",""Giraffatitan brancai"",""species"",""64501"",""149.2"",""145"",""14554""";
"19056,""spm"","""",""483505"",""0"",""48385"",""HMN Sa9"","""","""","""",""ischium"","""",""1"",""table"","""","""",""Brachiosaurus brancai"",""species"",""64501"",""recombined as"",""Giraffatitan brancai"",""species"",""64501"",""149.2"",""145"",""14554""";
"19057,""spm"","""",""483505"",""0"",""48385"",""HMN Sa9"","""","""","""",""femur"","""",""1"",""table"","""","""",""Brachiosaurus brancai"",""species"",""64501"",""recombined as"",""Giraffatitan brancai"",""species"",""64501"",""149.2"",""145"",""14554""";
"19058,""spm"","""",""483505"",""0"",""48385"",""HMN Sa9"","""","""","""",""tibia"","""",""1"",""table"","""",""tibia-astragalus"",""Brachiosaurus brancai"",""species"",""64501"",""recombined as"",""Giraffatitan brancai"",""species"",""64501"",""149.2"",""145"",""14554""";
"19059,""spm"","""",""483505"",""0"",""48385"",""HMN Sa9"","""","""","""",""fibula"","""",""1"",""table"","""","""",""Brachiosaurus brancai"",""species"",""64501"",""recombined as"",""Giraffatitan brancai"",""species"",""64501"",""149.2"",""145"",""14554""";
"19060,""spm"","""",""475246"",""30610"",""47158"",""HMN Aa"","""","""","""",""ilium"","""",""1"",""table"","""","""",""Brachiosaurus brancai"",""species"",""64501"",""recombined as"",""Giraffatitan brancai"",""species"",""64501"",""149.2"",""145"",""14554""";
"19061,""spm"","""",""541715"",""0"",""56683"",""FMNH P25107"",""holotype"","""","""",""humerus"","""",""1"",""table"","""","""",""Brachiosaurus altithorax"",""species"",""54864"","""",""Brachiosaurus altithorax"",""species"",""54864"",""154.8"",""145"",""14554""";
"19062,""spm"","""",""541715"",""0"",""56683"",""FMNH P25107"",""holotype"","""","""",""ilium"","""",""1"",""table"","""","""",""Brachiosaurus altithorax"",""species"",""54864"","""",""Brachiosaurus altithorax"",""species"",""54864"",""154.8"",""145"",""14554""";
"19063,""spm"","""",""541715"",""0"",""56683"",""FMNH P25107"",""holotype"","""","""",""femur"","""",""1"",""table"","""","""",""Brachiosaurus altithorax"",""species"",""54864"","""",""Brachiosaurus altithorax"",""species"",""54864"",""154.8"",""145"",""14554""";
"19064,""spm"","""",""491428"",""21984"",""49623"",""BYU ESM-163R"","""","""","""",""scapula"","""",""1"",""table"","""","""",""Brachiosaurus altithorax"",""species"",""54864"","""",""Brachiosaurus altithorax"",""species"",""54864"",""154.8"",""145"",""14554""";
"19065,""spm"","""",""491428"",""21984"",""49623"",""BYU ESM-163R"","""","""","""",""humerus"","""",""1"",""table"","""","""",""Brachiosaurus altithorax"",""species"",""54864"","""",""Brachiosaurus altithorax"",""species"",""54864"",""154.8"",""145"",""14554""";
"19066,""spm"","""",""491428"",""21984"",""49623"",""BYU ESM-163R"","""","""","""",""femur"","""",""1"",""table"","""","""",""Brachiosaurus altithorax"",""species"",""54864"","""",""Brachiosaurus altithorax"",""species"",""54864"",""154.8"",""145"",""14554""";
"19067,""spm"","""",""489244"",""28285"",""47430"","""",""holotype"","""","""",""humerus"","""",""1"",""table"","""",""specimen number not given, but presumably the type"",""Brachiosaurus atalaiensis"",""species"",""65348"",""recombined as"",""Lusotitan atalaiensis"",""species"",""65348"",""152.2"",""146.3"",""14554""";
"19068,""spm"","""",""489244"",""28285"",""47430"","""",""holotype"","""","""",""radius"","""",""1"",""table"","""",""specimen number not given, but presumably the type"",""Brachiosaurus atalaiensis"",""species"",""65348"",""recombined as"",""Lusotitan atalaiensis"",""species"",""65348"",""152.2"",""146.3"",""14554""";
"19069,""spm"","""",""489244"",""28285"",""47430"","""",""holotype"","""","""",""femur"","""",""1"",""table"","""",""estimated circumference";" specimen number not given, but presumably the type"",""Brachiosaurus atalaiensis"",""species"",""65348"",""recombined as"",""Lusotitan atalaiensis"",""species"",""65348"",""152.2"",""146.3"",""14554"""
"19070,""spm"","""",""489244"",""28285"",""47430"","""",""holotype"","""","""",""tibia"","""",""1"",""table"","""",""tibia-astragalus";" specimen number not given, but presumably the type"",""Brachiosaurus atalaiensis"",""species"",""65348"",""recombined as"",""Lusotitan atalaiensis"",""species"",""65348"",""152.2"",""146.3"",""14554"""
"19071,""spm"","""",""569289"",""21465"",""59771"",""MNHN"","""","""","""",""scapula"","""",""1"",""table"","""",""""""MNDN"""" (meaning MNHN), presumably the type specimen"",""Rebbachisaurus garasbae"",""species"",""65368"","""",""Rebbachisaurus garasbae"",""species"",""65368"",""100.5"",""93.9"",""14554""";
"19079,""spm"","""",""296444"",""0"",""28360"","" USNM 2364"",""holotype"","""","""",""humerus"","""",""1"",""table"","""",""width is transverse diameter of shaft"",""Dystrophaeus viaemalae"",""species"",""52875"","""",""Dystrophaeus viaemalae"",""species"",""52875"",""157.9"",""154.8"",""32090""";
"55947,""spm"","""",""1033188"",""0"",""126540"",""DQ-BS"",""paratype"","""","""",""skull"","""",""1"",""text"","""",""orbital width"",""Amphicoelias brontodiplodocus"",""species"",""231023"","""",""Amphicoelias brontodiplodocus"",""species"",""231023"",""157.9"",""152.2"",""41030""";
"55948,""spm"","""",""1033188"",""0"",""126540"",""DQ-BS"",""paratype"","""","""",""humerus"","""",""1"",""text"","""","""",""Amphicoelias brontodiplodocus"",""species"",""231023"","""",""Amphicoelias brontodiplodocus"",""species"",""231023"",""157.9"",""152.2"",""41030""";
"55949,""spm"","""",""1033188"",""0"",""126540"",""DQ-BS"",""paratype"","""","""",""ulna"","""",""1"",""text"","""","""",""Amphicoelias brontodiplodocus"",""species"",""231023"","""",""Amphicoelias brontodiplodocus"",""species"",""231023"",""157.9"",""152.2"",""41030""";
"55950,""spm"","""",""1033188"",""0"",""126540"",""DQ-BS"",""paratype"","""","""",""radius"","""",""1"",""text"","""","""",""Amphicoelias brontodiplodocus"",""species"",""231023"","""",""Amphicoelias brontodiplodocus"",""species"",""231023"",""157.9"",""152.2"",""41030""";
"55951,""spm"","""",""1033188"",""0"",""126540"",""DQ-BS"",""paratype"","""","""",""scapula"","""",""1"",""text"","""","""",""Amphicoelias brontodiplodocus"",""species"",""231023"","""",""Amphicoelias brontodiplodocus"",""species"",""231023"",""157.9"",""152.2"",""41030""";
"55952,""spm"","""",""1033188"",""0"",""126540"",""DQ-BS"",""paratype"","""","""",""coracoid"","""",""1"",""text"","""","""",""Amphicoelias brontodiplodocus"",""species"",""231023"","""",""Amphicoelias brontodiplodocus"",""species"",""231023"",""157.9"",""152.2"",""41030""";
"55953,""spm"","""",""1033188"",""0"",""126540"",""DQ-BS"",""paratype"","""","""",""femur"","""",""1"",""text"","""","""",""Amphicoelias brontodiplodocus"",""species"",""231023"","""",""Amphicoelias brontodiplodocus"",""species"",""231023"",""157.9"",""152.2"",""41030""";
"55954,""spm"","""",""1033188"",""0"",""126540"",""DQ-BS"",""paratype"","""","""",""tibia"","""",""1"",""text"","""","""",""Amphicoelias brontodiplodocus"",""species"",""231023"","""",""Amphicoelias brontodiplodocus"",""species"",""231023"",""157.9"",""152.2"",""41030""";
"55955,""spm"","""",""1033188"",""0"",""126540"",""DQ-BS"",""paratype"","""","""",""fibula"","""",""1"",""text"","""","""",""Amphicoelias brontodiplodocus"",""species"",""231023"","""",""Amphicoelias brontodiplodocus"",""species"",""231023"",""157.9"",""152.2"",""41030""";
"55981,""spm"","""",""571708"",""24455"",""59975"",""SGO-PV-961"",""holotype"","""",""right"",""femur"","""",""1"",""text"","""",""lateromedial midshaft width"",""Atacamatitan chilensis"",""species"",""180312"","""",""Atacamatitan chilensis"",""species"",""180312"",""100.5"",""66"",""35569""";
"56046,""spm"","""",""512989"",""35972"",""51859"",""DFMMh/FV 291.9"","""","""","""",""femur"","""",""1"",""table"","""","""",""Europasaurus holgeri"",""species"",""81697"","""",""Europasaurus holgeri"",""species"",""81697"",""152.2"",""149.2"",""17682""";
"56047,""spm"","""",""512989"",""35972"",""51859"",""DFMMh/FV 48"","""","""","""",""femur"","""",""1"",""table"","""","""",""Europasaurus holgeri"",""species"",""81697"","""",""Europasaurus holgeri"",""species"",""81697"",""152.2"",""149.2"",""17682""";
"56048,""spm"","""",""512989"",""35972"",""51859"",""DFMMh/FV 177"","""","""","""",""femur"","""",""1"",""table"","""","""",""Europasaurus holgeri"",""species"",""81697"","""",""Europasaurus holgeri"",""species"",""81697"",""152.2"",""149.2"",""17682""";
"56049,""spm"","""",""512989"",""35972"",""51859"",""DFMMh/FV 495.9"","""","""","""",""femur"","""",""1"",""table"","""","""",""Europasaurus holgeri"",""species"",""81697"","""",""Europasaurus holgeri"",""species"",""81697"",""152.2"",""149.2"",""17682""";
"56050,""spm"","""",""512989"",""35972"",""51859"",""DFMMh/FV 153"","""","""","""",""femur"","""",""1"",""table"","""","""",""Europasaurus holgeri"",""species"",""81697"","""",""Europasaurus holgeri"",""species"",""81697"",""152.2"",""149.2"",""17682""";
"56051,""spm"","""",""512989"",""35972"",""51859"",""DFMMh/FV 415"","""","""","""",""femur"","""",""1"",""table"","""","""",""Europasaurus holgeri"",""species"",""81697"","""",""Europasaurus holgeri"",""species"",""81697"",""152.2"",""149.2"",""17682""";
"56052,""spm"","""",""512989"",""35972"",""51859"",""DFMMh/FV 11"","""","""","""",""humerus"","""",""1"",""table"","""","""",""Europasaurus holgeri"",""species"",""81697"","""",""Europasaurus holgeri"",""species"",""81697"",""152.2"",""149.2"",""17682""";
"56053,""spm"","""",""512989"",""35972"",""51859"",""DFMMh/FV 372"","""","""","""",""humerus"","""",""1"",""table"","""","""",""Europasaurus holgeri"",""species"",""81697"","""",""Europasaurus holgeri"",""species"",""81697"",""152.2"",""149.2"",""17682""";
"56054,""spm"","""",""512989"",""35972"",""51859"",""DFMMh/FV 009"","""","""","""",""tibia"","""",""1"",""table"","""","""",""Europasaurus holgeri"",""species"",""81697"","""",""Europasaurus holgeri"",""species"",""81697"",""152.2"",""149.2"",""17682""";
"56055,""spm"","""",""512989"",""35972"",""51859"",""DFMMh/FV 154"","""","""","""",""tibia"","""",""1"",""table"","""","""",""Europasaurus holgeri"",""species"",""81697"","""",""Europasaurus holgeri"",""species"",""81697"",""152.2"",""149.2"",""17682""";
"56056,""spm"","""",""512989"",""35972"",""51859"",""DFMMh/FV 001"","""","""","""",""tibia"","""",""1"",""table"","""","""",""Europasaurus holgeri"",""species"",""81697"","""",""Europasaurus holgeri"",""species"",""81697"",""152.2"",""149.2"",""17682""";
"56057,""spm"","""",""512989"",""35972"",""51859"",""DFMMh/FV 475"","""","""","""",""tibia"","""",""1"",""table"","""","""",""Europasaurus holgeri"",""species"",""81697"","""",""Europasaurus holgeri"",""species"",""81697"",""152.2"",""149.2"",""17682""";
"56058,""spm"","""",""512989"",""35972"",""51859"",""DFMMh/FV 495.5"","""","""","""",""tibia"","""",""1"",""table"","""","""",""Europasaurus holgeri"",""species"",""81697"","""",""Europasaurus holgeri"",""species"",""81697"",""152.2"",""149.2"",""17682""";
"56059,""spm"","""",""512989"",""35972"",""51859"",""DFMMh/FV 468"","""","""","""",""tibia"","""",""1"",""table"","""","""",""Europasaurus holgeri"",""species"",""81697"","""",""Europasaurus holgeri"",""species"",""81697"",""152.2"",""149.2"",""17682""";
"56060,""spm"","""",""512989"",""35972"",""51859"",""DFMMh/FV"","""","""","""",""fibula"","""",""1"",""table"","""","""",""Europasaurus holgeri"",""species"",""81697"","""",""Europasaurus holgeri"",""species"",""81697"",""152.2"",""149.2"",""17682""";
"56066,""spm"","""",""410610"",""19675"",""39659"",""BP/1/4952"",""holotype"","""","""",""humerus"","""",""1"",""table"","""","""",""Antetonitrus ingenipes"",""species"",""57754"","""",""Antetonitrus ingenipes"",""species"",""57754"",""201.4"",""192.9"",""17682""";
"56067,""spm"","""",""410610"",""19675"",""39659"",""BP/1/4952"",""holotype"","""","""",""radius"","""",""1"",""table"","""","""",""Antetonitrus ingenipes"",""species"",""57754"","""",""Antetonitrus ingenipes"",""species"",""57754"",""201.4"",""192.9"",""17682""";
"56068,""spm"","""",""410610"",""19675"",""39659"",""BP/1/4952"",""holotype"","""","""",""ulna"","""",""1"",""table"","""","""",""Antetonitrus ingenipes"",""species"",""57754"","""",""Antetonitrus ingenipes"",""species"",""57754"",""201.4"",""192.9"",""17682""";
"56069,""spm"","""",""410610"",""19675"",""39659"",""BP/1/4952"",""holotype"","""","""",""femur"","""",""1"",""table"","""","""",""Antetonitrus ingenipes"",""species"",""57754"","""",""Antetonitrus ingenipes"",""species"",""57754"",""201.4"",""192.9"",""17682""";
"56070,""spm"","""",""410610"",""19675"",""39659"",""BP/1/4952"",""holotype"","""","""",""tibia"","""",""1"",""table"","""","""",""Antetonitrus ingenipes"",""species"",""57754"","""",""Antetonitrus ingenipes"",""species"",""57754"",""201.4"",""192.9"",""17682""";
"56073,""spm"","""",""367589"",""17832"",""34768"",""NMZ QG24"",""holotype"","""","""",""humerus"","""",""1"",""table"","""",""estimated measurement"",""Vulcanodon karibaensis"",""species"",""54979"","""",""Vulcanodon karibaensis"",""species"",""54979"",""199.5"",""184.2"",""17682""";
"56074,""spm"","""",""367589"",""17832"",""34768"",""NMZ QG24"",""holotype"","""","""",""radius"","""",""1"",""table"","""","""",""Vulcanodon karibaensis"",""species"",""54979"","""",""Vulcanodon karibaensis"",""species"",""54979"",""199.5"",""184.2"",""17682""";
"56075,""spm"","""",""367589"",""17832"",""34768"",""NMZ QG24"",""holotype"","""","""",""ulna"","""",""1"",""table"","""","""",""Vulcanodon karibaensis"",""species"",""54979"","""",""Vulcanodon karibaensis"",""species"",""54979"",""199.5"",""184.2"",""17682""";
"56076,""spm"","""",""367589"",""17832"",""34768"",""NMZ QG24"",""holotype"","""","""",""femur"","""",""1"",""table"","""",""estimated measurement"",""Vulcanodon karibaensis"",""species"",""54979"","""",""Vulcanodon karibaensis"",""species"",""54979"",""199.5"",""184.2"",""17682""";
"56077,""spm"","""",""367589"",""17832"",""34768"",""NMZ QG24"",""holotype"","""","""",""tibia"","""",""1"",""table"","""","""",""Vulcanodon karibaensis"",""species"",""54979"","""",""Vulcanodon karibaensis"",""species"",""54979"",""199.5"",""184.2"",""17682""";
"56078,""spm"",""N"","""",""0"","""",""ZDM T5401"","""","""","""",""humerus"","""",""1"",""table"","""","""",""Shunosaurus lii"",""species"",""56457"","""",""Shunosaurus lii"",""species"",""56457"","""","""",""17682""";
"56079,""spm"",""N"","""",""0"","""",""ZDM T5401"","""","""","""",""radius"","""",""1"",""table"","""","""",""Shunosaurus lii"",""species"",""56457"","""",""Shunosaurus lii"",""species"",""56457"","""","""",""17682""";
"56080,""spm"",""N"","""",""0"","""",""ZDM T5401"","""","""","""",""ulna"","""",""1"",""table"","""","""",""Shunosaurus lii"",""species"",""56457"","""",""Shunosaurus lii"",""species"",""56457"","""","""",""17682""";
"56081,""spm"",""N"","""",""0"","""",""ZDM T5401"","""","""","""",""femur"","""",""1"",""table"","""","""",""Shunosaurus lii"",""species"",""56457"","""",""Shunosaurus lii"",""species"",""56457"","""","""",""17682""";
"56082,""spm"",""N"","""",""0"","""",""ZDM T5401"","""","""","""",""tibia"","""",""1"",""table"","""","""",""Shunosaurus lii"",""species"",""56457"","""",""Shunosaurus lii"",""species"",""56457"","""","""",""17682""";
"56083,""spm"","""",""739555"",""0"",""24883"",""ZDM T7501"",""holotype"","""","""",""humerus"","""",""1"",""table"","""","""",""Omeisaurus tianfuensis"",""species"",""56462"","""",""Omeisaurus tianfuensis"",""species"",""56462"",""170.9"",""154.8"",""17682""";
"56084,""spm"","""",""739555"",""0"",""24883"",""ZDM T7501"",""holotype"","""","""",""radius"","""",""1"",""table"","""","""",""Omeisaurus tianfuensis"",""species"",""56462"","""",""Omeisaurus tianfuensis"",""species"",""56462"",""170.9"",""154.8"",""17682""";
"56085,""spm"","""",""739555"",""0"",""24883"",""ZDM T7501"",""holotype"","""","""",""femur"","""",""1"",""table"","""","""",""Omeisaurus tianfuensis"",""species"",""56462"","""",""Omeisaurus tianfuensis"",""species"",""56462"",""170.9"",""154.8"",""17682""";
"56086,""spm"","""",""739555"",""0"",""24883"",""ZDM T7501"",""holotype"","""","""",""tibia"","""",""1"",""table"","""","""",""Omeisaurus tianfuensis"",""species"",""56462"","""",""Omeisaurus tianfuensis"",""species"",""56462"",""170.9"",""154.8"",""17682""";
"56184,""spm"","""",""572945"",""24454"",""60168"",""MGUANPA-003"",""holotype"","""",""right"",""scapula"","""",""1"",""text"","""","""",""Angolatitan adamastor"",""species"",""180384"","""",""Angolatitan adamastor"",""species"",""180384"",""89.8"",""86.3"",""35572""";
"56185,""spm"","""",""572945"",""24454"",""60168"",""MGUANPA-003"",""holotype"","""",""right"",""humerus"","""",""1"",""text"","""","""",""Angolatitan adamastor"",""species"",""180384"","""",""Angolatitan adamastor"",""species"",""180384"",""89.8"",""86.3"",""35572""";
"56186,""spm"","""",""572945"",""24454"",""60168"",""MGUANPA-003"",""holotype"","""",""right"",""ulna"","""",""1"",""text"","""","""",""Angolatitan adamastor"",""species"",""180384"","""",""Angolatitan adamastor"",""species"",""180384"",""89.8"",""86.3"",""35572""";
"56187,""spm"","""",""572945"",""24454"",""60168"",""MGUANPA-003"",""holotype"","""",""right"",""radius"","""",""1"",""text"","""","""",""Angolatitan adamastor"",""species"",""180384"","""",""Angolatitan adamastor"",""species"",""180384"",""89.8"",""86.3"",""35572""";
"56344,""spm"","""",""520778"",""13460"",""53149"",""PIN N 3042/1"",""holotype"","""","""",""humerus"","""",""1"",""text"","""","""",""Ferganasaurus verzilini"",""species"",""67550"","""",""Ferganasaurus verzilini"",""species"",""67550"",""165.3"",""161.5"",""14284""";
"56345,""spm"","""",""520778"",""13460"",""53149"",""PIN N 3042/1"",""holotype"","""","""",""ulna"","""",""1"",""text"","""","""",""Ferganasaurus verzilini"",""species"",""67550"","""",""Ferganasaurus verzilini"",""species"",""67550"",""165.3"",""161.5"",""14284""";
"56346,""spm"","""",""520778"",""13460"",""53149"",""PIN N 3042/1"",""holotype"","""","""",""radius"","""",""1"",""text"","""","""",""Ferganasaurus verzilini"",""species"",""67550"","""",""Ferganasaurus verzilini"",""species"",""67550"",""165.3"",""161.5"",""14284""";
"56347,""spm"","""",""520778"",""13460"",""53149"",""PIN N 3042/1"",""holotype"","""","""",""femur"","""",""1"",""text"","""","""",""Ferganasaurus verzilini"",""species"",""67550"","""",""Ferganasaurus verzilini"",""species"",""67550"",""165.3"",""161.5"",""14284""";
"56348,""spm"","""",""520778"",""13460"",""53149"",""PIN N 3042/1"",""holotype"","""","""",""tibia"","""",""1"",""text"","""","""",""Ferganasaurus verzilini"",""species"",""67550"","""",""Ferganasaurus verzilini"",""species"",""67550"",""165.3"",""161.5"",""14284""";
"56349,""spm"","""",""520778"",""13460"",""53149"",""PIN N 3042/1"",""holotype"","""","""",""fibula"","""",""1"",""text"","""","""",""Ferganasaurus verzilini"",""species"",""67550"","""",""Ferganasaurus verzilini"",""species"",""67550"",""165.3"",""161.5"",""14284""";
"56368,""spm"","""",""973069"",""0"",""49099"",""UNPSJB-PV 920"","""","""",""both"",""humerus"","""",""1"",""table"","""",""transverse width of shaft"",""Epachthosaurus sciuttoi"",""species"",""57467"","""",""Epachthosaurus sciuttoi"",""species"",""57467"",""100.5"",""89.8"",""19282""";
"56369,""spm"","""",""973069"",""0"",""49099"",""UNPSJB-PV 920"","""","""",""both"",""ulna"","""",""1"",""table"","""",""transverse width of shaft"",""Epachthosaurus sciuttoi"",""species"",""57467"","""",""Epachthosaurus sciuttoi"",""species"",""57467"",""100.5"",""89.8"",""19282""";
"56370,""spm"","""",""973069"",""0"",""49099"",""UNPSJB-PV 920"","""","""",""both"",""radius"","""",""1"",""table"","""",""transverse width of shaft"",""Epachthosaurus sciuttoi"",""species"",""57467"","""",""Epachthosaurus sciuttoi"",""species"",""57467"",""100.5"",""89.8"",""19282""";
"56371,""spm"","""",""973069"",""0"",""49099"",""UNPSJB-PV 920"","""","""",""right"",""femur"","""",""1"",""table"","""",""transverse width of shaft"",""Epachthosaurus sciuttoi"",""species"",""57467"","""",""Epachthosaurus sciuttoi"",""species"",""57467"",""100.5"",""89.8"",""19282""";
"56372,""spm"","""",""973069"",""0"",""49099"",""UNPSJB-PV 920"","""","""",""both"",""tibia"","""",""1"",""table"","""",""transverse width of shaft (applies to right side only)"",""Epachthosaurus sciuttoi"",""species"",""57467"","""",""Epachthosaurus sciuttoi"",""species"",""57467"",""100.5"",""89.8"",""19282""";
"56373,""spm"","""",""973069"",""0"",""49099"",""UNPSJB-PV 920"","""","""",""both"",""fibula"","""",""1"",""table"","""",""transverse width of shaft"",""Epachthosaurus sciuttoi"",""species"",""57467"","""",""Epachthosaurus sciuttoi"",""species"",""57467"",""100.5"",""89.8"",""19282""";
"56379,""spm"","""",""513185"",""13232"",""22665"",""100/S1Y/76"","""","""","""",""scapula"","""",""1"",""table"","""","""",""Kotasaurus yamanpalliensis"",""species"",""66498"","""",""Kotasaurus yamanpalliensis"",""species"",""66498"",""199.5"",""184.2"",""13819""";
"56380,""spm"","""",""513185"",""13232"",""22665"",""101/S1Y/76"","""","""","""",""coracoid"","""",""1"",""table"","""","""",""Kotasaurus yamanpalliensis"",""species"",""66498"","""",""Kotasaurus yamanpalliensis"",""species"",""66498"",""199.5"",""184.2"",""13819""";
"56381,""spm"","""",""513185"",""13232"",""22665"",""102/S1Y/76"","""","""","""",""humerus"","""",""1"",""table"","""","""",""Kotasaurus yamanpalliensis"",""species"",""66498"","""",""Kotasaurus yamanpalliensis"",""species"",""66498"",""199.5"",""184.2"",""13819""";
"56382,""spm"","""",""513185"",""13232"",""22665"",""106/S1Y/76"","""","""","""",""radius"","""",""1"",""table"","""","""",""Kotasaurus yamanpalliensis"",""species"",""66498"","""",""Kotasaurus yamanpalliensis"",""species"",""66498"",""199.5"",""184.2"",""13819""";
"56383,""spm"","""",""513185"",""13232"",""22665"",""107/S1Y/76"","""","""","""",""ulna"","""",""1"",""table"","""",""midshaft width"",""Kotasaurus yamanpalliensis"",""species"",""66498"","""",""Kotasaurus yamanpalliensis"",""species"",""66498"",""199.5"",""184.2"",""13819""";
"56384,""spm"","""",""513185"",""13232"",""22665"",""111/S1Y/76"","""","""","""",""femur"","""",""1"",""table"","""",""shaft width"",""Kotasaurus yamanpalliensis"",""species"",""66498"","""",""Kotasaurus yamanpalliensis"",""species"",""66498"",""199.5"",""184.2"",""13819""";
"56385,""spm"","""",""513185"",""13232"",""22665"",""115/S1Y/76"","""","""","""",""tibia"","""",""1"",""table"","""","""",""Kotasaurus yamanpalliensis"",""species"",""66498"","""",""Kotasaurus yamanpalliensis"",""species"",""66498"",""199.5"",""184.2"",""13819""";
"56393,""spm"","""",""139260"",""23238"",""11604"",""ISIR335/57"",""holotype"","""",""left"",""scapula"","""",""1"",""table"","""","""",""Titanosaurus colberti"",""species"",""64311"",""recombined as"",""Isisaurus colberti"",""species"",""64311"",""72.1"",""66"",""4177""";
"56394,""spm"","""",""139260"",""23238"",""11604"",""ISIR335/58"",""holotype"","""",""left"",""coracoid"","""",""1"",""text"","""","""",""Titanosaurus colberti"",""species"",""64311"",""recombined as"",""Isisaurus colberti"",""species"",""64311"",""72.1"",""66"",""4177""";
"56395,""spm"","""",""139260"",""23238"",""11604"",""ISIR335/59"",""holotype"","""",""left"",""humerus"","""",""1"",""text"","""",""minimum transverse width"",""Titanosaurus colberti"",""species"",""64311"",""recombined as"",""Isisaurus colberti"",""species"",""64311"",""72.1"",""66"",""4177""";
"56396,""spm"","""",""139260"",""23238"",""11604"",""ISIR335/60"",""holotype"","""",""left"",""ulna"","""",""1"",""text"","""",""minimum shaft width"",""Titanosaurus colberti"",""species"",""64311"",""recombined as"",""Isisaurus colberti"",""species"",""64311"",""72.1"",""66"",""4177""";
"71222,""spm"","""",""150240"",""15707"",""13333"",""MACN-N 15"",""holotype"","""","""",""scapulacoracoid"","""",""1"","""","""","""",""Amargasaurus cazaui"",""species"",""53962"","""",""Amargasaurus cazaui"",""species"",""53962"",""125.77"",""121.4"",""5970""";
"71223,""spm"","""",""150240"",""15707"",""13333"",""MACN-N 15"",""holotype"","""","""",""humerus"","""",""1"","""","""",""width = minimum anteroposterior width in midshaft"",""Amargasaurus cazaui"",""species"",""53962"","""",""Amargasaurus cazaui"",""species"",""53962"",""125.77"",""121.4"",""5970""";
"71224,""spm"","""",""150240"",""15707"",""13333"",""MACN-N 15"",""holotype"","""","""",""radius"","""",""1"","""","""","""",""Amargasaurus cazaui"",""species"",""53962"","""",""Amargasaurus cazaui"",""species"",""53962"",""125.77"",""121.4"",""5970""";
"71225,""spm"","""",""150240"",""15707"",""13333"",""MACN-N 15"",""holotype"","""","""",""ulna"","""",""1"","""","""","""",""Amargasaurus cazaui"",""species"",""53962"","""",""Amargasaurus cazaui"",""species"",""53962"",""125.77"",""121.4"",""5970""";
"71226,""spm"","""",""150240"",""15707"",""13333"",""MACN-N 15"",""holotype"","""","""",""femur"","""",""1"","""","""",""width = minimum anteroposterior width in midshaft"",""Amargasaurus cazaui"",""species"",""53962"","""",""Amargasaurus cazaui"",""species"",""53962"",""125.77"",""121.4"",""5970""";
"71227,""spm"","""",""150240"",""15707"",""13333"",""MACN-N 15"",""holotype"","""","""",""tibia"","""",""1"","""","""","""",""Amargasaurus cazaui"",""species"",""53962"","""",""Amargasaurus cazaui"",""species"",""53962"",""125.77"",""121.4"",""5970""";
"71228,""spm"","""",""150240"",""15707"",""13333"",""MACN-N 15"",""holotype"","""","""",""fibula "","""",""1"","""","""","""",""Amargasaurus cazaui"",""species"",""53962"","""",""Amargasaurus cazaui"",""species"",""53962"",""125.77"",""121.4"",""5970""";
"71232,""spm"","""",""624643"",""23342"",""67296"",""MPCA-232"",""holotype"","""","""",""scapula"","""",""1"","""","""",""width = minimum of the post-acronomial region"",""Cathartesaura anaerobica"",""species"",""89495"","""",""Cathartesaura anaerobica"",""species"",""89495"",""100.5"",""89.8"",""19213""";
"71233,""spm"","""",""624643"",""23342"",""67296"",""MPCA-232"",""holotype"","""","""",""femur"","""",""1"","""","""","""",""Cathartesaura anaerobica"",""species"",""89495"","""",""Cathartesaura anaerobica"",""species"",""89495"",""100.5"",""89.8"",""19213""";
"71237,""spm"","""",""624237"",""0"",""67218"","""","""","""","""",""femur"","""",""1"","""","""",""width = maximum anteroposterior width in midshaft"",""Zapalasaurus bonapartei"",""species"",""89457"","""",""Zapalasaurus bonapartei"",""species"",""89457"",""125.77"",""119.5"",""19193""";
"71238,""spm"","""",""624237"",""0"",""67218"","""","""","""","""",""tibia"","""",""1"","""","""","""",""Zapalasaurus bonapartei"",""species"",""89457"","""",""Zapalasaurus bonapartei"",""species"",""89457"",""125.77"",""119.5"",""19193""";
"71252,""spm"","""",""540448"",""0"",""21852"",""AMNH 6341"","""","""","""",""scapula"","""",""1"","""","""",""width = maximum anteroposterior width in midshaft"",""Barosaurus lentus"",""species"",""54166"","""",""Barosaurus lentus"",""species"",""54166"",""149.2"",""146.3"",""19507""";
"71253,""spm"","""",""540448"",""0"",""21852"",""AMNH 6341"","""","""","""",""coracoid"","""",""1"","""","""","""",""Barosaurus lentus"",""species"",""54166"","""",""Barosaurus lentus"",""species"",""54166"",""149.2"",""146.3"",""19507""";
"71257,""spm"","""",""540448"",""0"",""21852"",""AMNH 6341"","""","""","""",""humerus"","""",""1"","""","""",""width = maximum anteroposterior width in midshaft"",""Barosaurus lentus"",""species"",""54166"","""",""Barosaurus lentus"",""species"",""54166"",""149.2"",""146.3"",""19507""";
"71258,""spm"","""",""540448"",""0"",""21852"",""CM 21774"","""","""","""",""ulna"","""",""1"","""","""","""",""Barosaurus lentus"",""species"",""54166"","""",""Barosaurus lentus"",""species"",""54166"",""149.2"",""146.3"",""19507""";
"71259,""spm"","""",""540448"",""0"",""21852"",""CM 21774"","""","""","""",""radius"","""",""1"","""","""",""width = maximum anteroposterior width in midshaft"",""Barosaurus lentus"",""species"",""54166"","""",""Barosaurus lentus"",""species"",""54166"",""149.2"",""146.3"",""19507""";
"71262,""spm"","""",""225582"",""30574"",""21852"",""USNM 10865"","""","""",""left"",""humerus"","""",""1"","""","""",""circumf. = minimal shaft"",""Diplodocus longus"",""species"",""52920"","""",""Diplodocus longus"",""species"",""52920"",""149.2"",""146.3"",""19507""";
"71263,""spm"","""",""225582"",""30574"",""21852"",""USNM 10865"","""","""",""left"",""ulna"","""",""1"","""","""",""circumf. = minimal shaft"",""Diplodocus longus"",""species"",""52920"","""",""Diplodocus longus"",""species"",""52920"",""149.2"",""146.3"",""19507""";
"71264,""spm"","""",""225582"",""30574"",""21852"",""USNM 10865"","""","""",""right"",""humerus"","""",""1"","""","""",""circumf. = minimal shaft"",""Diplodocus longus"",""species"",""52920"","""",""Diplodocus longus"",""species"",""52920"",""149.2"",""146.3"",""19507""";
"71265,""spm"","""",""225582"",""30574"",""21852"",""USNM 10865"","""","""",""right"",""ulna"","""",""1"","""","""","""",""Diplodocus longus"",""species"",""52920"","""",""Diplodocus longus"",""species"",""52920"",""149.2"",""146.3"",""19507""";
"71266,""spm"","""",""225582"",""30574"",""21852"",""USNM 10865"","""","""",""right"",""radius"","""",""1"","""","""",""circumf. = minimal shaft"",""Diplodocus longus"",""species"",""52920"","""",""Diplodocus longus"",""species"",""52920"",""149.2"",""146.3"",""19507""";
"71267,""spm"","""",""540448"",""0"",""21852"",""AMNH 6341"","""","""","""",""femur"","""",""1"","""","""",""circumf. = minimal shaft"",""Barosaurus lentus"",""species"",""54166"","""",""Barosaurus lentus"",""species"",""54166"",""149.2"",""146.3"",""19507""";
"71268,""spm"","""",""540448"",""0"",""21852"",""AMNH 6341"","""","""","""",""tibia"","""",""1"","""","""",""circumf. = minimal shaft"",""Barosaurus lentus"",""species"",""54166"","""",""Barosaurus lentus"",""species"",""54166"",""149.2"",""146.3"",""19507""";
"71269,""spm"","""",""540448"",""0"",""21852"",""AMNH 6341"","""","""","""",""fibula"","""",""1"","""","""",""circumf. = minimal shaft"",""Barosaurus lentus"",""species"",""54166"","""",""Barosaurus lentus"",""species"",""54166"",""149.2"",""146.3"",""19507""";
"71270,""spm"","""",""485071"",""15651"",""48565"",""HMNS 175"","""","""",""left"",""humerus"","""",""1"","""","""",""circumf. = minimal shaft"",""Diplodocus hayi"",""species"",""65918"",""recombined as"",""Galeamopus hayi"",""species"",""65918"",""154.8"",""145"",""19507""";
"71271,""spm"","""",""485071"",""15651"",""48565"",""HMNS 175"","""","""",""left"",""ulna"","""",""1"","""","""",""circumf. = minimal shaft"",""Diplodocus hayi"",""species"",""65918"",""recombined as"",""Galeamopus hayi"",""species"",""65918"",""154.8"",""145"",""19507""";
"71272,""spm"","""",""485071"",""15651"",""48565"",""HMNS 175"","""","""",""left"",""radius"","""",""1"","""","""",""circumf. = minimal shaft"",""Diplodocus hayi"",""species"",""65918"",""recombined as"",""Galeamopus hayi"",""species"",""65918"",""154.8"",""145"",""19507""";
"71273,""spm"","""",""485071"",""15651"",""48565"",""HMNS 175"","""","""","""",""femur"","""",""1"","""","""",""circumf. = minimal shaft"",""Diplodocus hayi"",""species"",""65918"",""recombined as"",""Galeamopus hayi"",""species"",""65918"",""154.8"",""145"",""19507""";
"71274,""spm"","""",""485071"",""15651"",""48565"",""HMNS 175"","""","""","""",""tibia"","""",""1"","""","""",""circumf. = minimal shaft"",""Diplodocus hayi"",""species"",""65918"",""recombined as"",""Galeamopus hayi"",""species"",""65918"",""154.8"",""145"",""19507""";
"71275,""spm"","""",""485071"",""15651"",""48565"",""HMNS 175"","""","""","""",""fibula"","""",""1"","""","""",""circumf. = minimal shaft"",""Diplodocus hayi"",""species"",""65918"",""recombined as"",""Galeamopus hayi"",""species"",""65918"",""154.8"",""145"",""19507""";
"71276,""spm"","""",""485071"",""15651"",""48565"",""HMNS 175"","""","""",""right"",""humerus"","""",""1"","""","""",""circumf. = minimal shaft"",""Diplodocus hayi"",""species"",""65918"",""recombined as"",""Galeamopus hayi"",""species"",""65918"",""154.8"",""145"",""19507""";
"71277,""spm"","""",""485071"",""15651"",""48565"",""HMNS 175"","""","""",""right"",""radius"","""",""1"","""","""",""circumf. = minimal shaft"",""Diplodocus hayi"",""species"",""65918"",""recombined as"",""Galeamopus hayi"",""species"",""65918"",""154.8"",""145"",""19507""";
"71281,""spm"","""",""541715"",""0"",""56683"",""FMNH P25107"","""","""","""",""coracoid"","""",""1"","""","""","""",""Brachiosaurus altithorax"",""species"",""54864"","""",""Brachiosaurus altithorax"",""species"",""54864"",""154.8"",""145"",""17263""";
"71282,""spm"","""",""519703"",""19611"",""52865"",""FWMSH 93B-10-7"","""","""","""",""humerus"","""",""1"","""","""","""",""Paluxysaurus jonesi"",""species"",""105990"",""subjective synonym of"",""Sauroposeidon proteles"",""species"",""66617"",""119.5"",""113"",""25140""";
"71284,""spm"","""",""519703"",""19611"",""52865"",""TMM 42488 JP 1.21"","""","""","""",""humerus"","""",""1"","""","""","""",""Paluxysaurus jonesi"",""species"",""105990"",""subjective synonym of"",""Sauroposeidon proteles"",""species"",""66617"",""119.5"",""113"",""25140""";
"71286,""spm"","""",""148500"",""13664"",""13105"",""ASDM 500"","""","""","""",""femur"","""",""1"","""","""","""",""Sonorasaurus thompsoni"",""species"",""68170"","""",""Sonorasaurus thompsoni"",""species"",""68170"",""106.2"",""93.9"",""14864""";
"71287,""spm"","""",""850676"",""0"",""94550"","""","""","""","""",""skull"","""",""1"",""text"","""","""",""Abydosaurus mcintoshi"",""species"",""163942"","""",""Abydosaurus mcintoshi"",""species"",""163942"",""100.5"",""93.9"",""32168""";
"72348,""spm"","""",""387341"",""10492"",""37005"",""ZPAL MgD-I/48"",""holotype"","""",""left"",""scapula"","""",""1"",""table"","""",""width = incomplete"",""Opisthocoelicaudia skarzynskii"",""species"",""57335"","""",""Opisthocoelicaudia skarzynskii"",""species"",""57335"",""72.1"",""66"",""9904""";
"72349,""spm"","""",""387341"",""10492"",""37005"",""ZPAL MgD-I/48"",""holotype"","""",""left"",""coracoid"","""",""1"",""table"","""","""",""Opisthocoelicaudia skarzynskii"",""species"",""57335"","""",""Opisthocoelicaudia skarzynskii"",""species"",""57335"",""72.1"",""66"",""9904""";
"72350,""spm"","""",""387341"",""10492"",""37005"",""ZPAL MgD-I/48"",""holotype"","""",""right"",""scapula"","""",""1"",""table"","""","""",""Opisthocoelicaudia skarzynskii"",""species"",""57335"","""",""Opisthocoelicaudia skarzynskii"",""species"",""57335"",""72.1"",""66"",""9904""";
"72351,""spm"","""",""387341"",""10492"",""37005"",""ZPAL MgD-I/48"",""holotype"","""",""right"",""coracoid"","""",""1"",""table"","""","""",""Opisthocoelicaudia skarzynskii"",""species"",""57335"","""",""Opisthocoelicaudia skarzynskii"",""species"",""57335"",""72.1"",""66"",""9904""";
"72352,""spm"","""",""387341"",""10492"",""37005"",""ZPAL MgD-I/25c"",""paratype"","""",""right"",""scapula"","""",""1"",""table"","""","""",""Opisthocoelicaudia skarzynskii"",""species"",""57335"","""",""Opisthocoelicaudia skarzynskii"",""species"",""57335"",""72.1"",""66"",""9904""";
"72353,""spm"","""",""387341"",""10492"",""37005"",""ZPAL MgD-I/25c"",""paratype"","""",""left"",""coracoid"","""",""1"",""table"","""","""",""Opisthocoelicaudia skarzynskii"",""species"",""57335"","""",""Opisthocoelicaudia skarzynskii"",""species"",""57335"",""72.1"",""66"",""9904""";
"72397,""spm"","""",""387341"",""10492"",""37005"",""ZPAL MgD-I/48"",""holotype"","""",""left"",""humerus"","""",""1"",""table"","""",""width = maximum anteroposterior width in midshaft"",""Opisthocoelicaudia skarzynskii"",""species"",""57335"","""",""Opisthocoelicaudia skarzynskii"",""species"",""57335"",""72.1"",""66"",""9904""";
"72398,""spm"","""",""387341"",""10492"",""37005"",""ZPAL MgD-I/48"",""holotype"","""",""right"",""humerus"","""",""1"",""table"","""",""width = maximum anteroposterior width in midshaft"",""Opisthocoelicaudia skarzynskii"",""species"",""57335"","""",""Opisthocoelicaudia skarzynskii"",""species"",""57335"",""72.1"",""66"",""9904""";
"72399,""spm"","""",""387341"",""10492"",""37005"",""ZPAL MgD-I/48"",""holotype"","""",""left"",""radius"","""",""1"",""table"","""",""width = maximum anteroposterior width in midshaft"",""Opisthocoelicaudia skarzynskii"",""species"",""57335"","""",""Opisthocoelicaudia skarzynskii"",""species"",""57335"",""72.1"",""66"",""9904""";
"72400,""spm"","""",""387341"",""10492"",""37005"",""ZPAL MgD-I/48"",""holotype"","""",""left"",""ulna"","""",""1"",""table"","""","""",""Opisthocoelicaudia skarzynskii"",""species"",""57335"","""",""Opisthocoelicaudia skarzynskii"",""species"",""57335"",""72.1"",""66"",""9904""";
"72401,""spm"","""",""387341"",""10492"",""37005"",""ZPAL MgD-I/48"",""holotype"","""",""right"",""radius"","""",""1"",""table"","""",""width = maximum anteroposterior width in midshaft"",""Opisthocoelicaudia skarzynskii"",""species"",""57335"","""",""Opisthocoelicaudia skarzynskii"",""species"",""57335"",""72.1"",""66"",""9904""";
"72402,""spm"","""",""387341"",""10492"",""37005"",""ZPAL MgD-I/48"",""holotype"","""",""right"",""ulna"","""",""1"",""table"","""","""",""Opisthocoelicaudia skarzynskii"",""species"",""57335"","""",""Opisthocoelicaudia skarzynskii"",""species"",""57335"",""72.1"",""66"",""9904""";
"72403,""spm"","""",""387341"",""10492"",""37005"",""ZPAL MgD-I/48"",""holotype"","""",""left"",""femur"","""",""1"",""table"","""",""width = maximum anteroposterior width in midshaft"",""Opisthocoelicaudia skarzynskii"",""species"",""57335"","""",""Opisthocoelicaudia skarzynskii"",""species"",""57335"",""72.1"",""66"",""9904""";
"72404,""spm"","""",""387341"",""10492"",""37005"",""ZPAL MgD-I/48"",""holotype"","""",""right"",""femur"","""",""1"",""table"","""",""width = maximum anteroposterior width in midshaft"",""Opisthocoelicaudia skarzynskii"",""species"",""57335"","""",""Opisthocoelicaudia skarzynskii"",""species"",""57335"",""72.1"",""66"",""9904""";
"72405,""spm"","""",""387341"",""10492"",""37005"",""ZPAL MgD-I/48"",""holotype"","""",""left"",""tibia"","""",""1"",""table"","""",""width = maximum anteroposterior width in midshaft"",""Opisthocoelicaudia skarzynskii"",""species"",""57335"","""",""Opisthocoelicaudia skarzynskii"",""species"",""57335"",""72.1"",""66"",""9904""";
"72406,""spm"","""",""387341"",""10492"",""37005"",""ZPAL MgD-I/48"",""holotype"","""",""left"",""fibula"","""",""1"",""table"","""",""width = maximum anteroposterior width in midshaft"",""Opisthocoelicaudia skarzynskii"",""species"",""57335"","""",""Opisthocoelicaudia skarzynskii"",""species"",""57335"",""72.1"",""66"",""9904""";
"72407,""spm"","""",""387341"",""10492"",""37005"",""ZPAL MgD-I/48"",""holotype"","""",""right"",""tibia"","""",""1"",""table"","""",""width = maximum anteroposterior width in midshaft"",""Opisthocoelicaudia skarzynskii"",""species"",""57335"","""",""Opisthocoelicaudia skarzynskii"",""species"",""57335"",""72.1"",""66"",""9904""";
"72408,""spm"","""",""387341"",""10492"",""37005"",""ZPAL MgD-I/48"",""holotype"","""",""right"",""fibula"","""",""1"",""table"","""",""width = maximum anteroposterior width in midshaft"",""Opisthocoelicaudia skarzynskii"",""species"",""57335"","""",""Opisthocoelicaudia skarzynskii"",""species"",""57335"",""72.1"",""66"",""9904""";
"72413,""spm"","""",""583841"",""0"",""51939"",""MCF-PVPH-233"",""holotype"","""","""",""scapula"","""",""1"",""table"","""",""minimum width"",""Ligabuesaurus leanzai"",""species"",""81715"","""",""Ligabuesaurus leanzai"",""species"",""81715"",""113"",""109.9"",""17704""";
"72414,""spm"","""",""583841"",""0"",""51939"",""MCF-PVPH-233"",""holotype"","""",""left"",""humerus"","""",""1"",""table"","""",""minimum width"",""Ligabuesaurus leanzai"",""species"",""81715"","""",""Ligabuesaurus leanzai"",""species"",""81715"",""113"",""109.9"",""17704""";
"72415,""spm"","""",""583841"",""0"",""51939"",""MCF-PVPH-233"",""holotype"","""",""right"",""femur"","""",""1"",""table"","""",""minimum width"",""Ligabuesaurus leanzai"",""species"",""81715"","""",""Ligabuesaurus leanzai"",""species"",""81715"",""113"",""109.9"",""17704""";
"72416,""spm"","""",""583841"",""0"",""51939"",""MCF-PVPH-233"",""holotype"","""",""right"",""tibia"","""",""1"",""table"","""",""minimum width"",""Ligabuesaurus leanzai"",""species"",""81715"","""",""Ligabuesaurus leanzai"",""species"",""81715"",""113"",""109.9"",""17704""";
"72417,""spm"","""",""583841"",""0"",""51939"",""MCF-PVPH-233"",""holotype"","""",""right"",""fibula"","""",""1"",""table"","""",""minimum width"",""Ligabuesaurus leanzai"",""species"",""81715"","""",""Ligabuesaurus leanzai"",""species"",""81715"",""113"",""109.9"",""17704""";
"72422,""spm"","""",""297562"",""0"",""28536"",""PVL 4170"",""holotype"","""","""",""scapula"","""",""1"","""","""",""minimal width of the scapular blade"",""Patagosaurus fariasi"",""species"",""66448"","""",""Patagosaurus fariasi"",""species"",""66448"",""182.9"",""180.4"",""7879""";
"72424,""spm"","""",""297562"",""0"",""28536"","""","""","""","""",""coracoid"","""",""1"","""","""",""maximal dorsoventral length"",""Patagosaurus fariasi"",""species"",""66448"","""",""Patagosaurus fariasi"",""species"",""66448"",""182.9"",""180.4"",""7879""";
"72425,""spm"","""",""297562"",""0"",""28536"",""PVL 4076"","""","""","""",""femur"","""",""1"",""text"","""","""",""Patagosaurus fariasi"",""species"",""66448"","""",""Patagosaurus fariasi"",""species"",""66448"",""182.9"",""180.4"",""7879""";
"72427,""spm"","""",""405116"",""19032"",""38866"",""ANS 21122"",""holotype"","""",""right"",""humerus"","""",""1"",""table"","""",""mid-shaft circumf."",""Suuwassea emilieae"",""species"",""57364"","""",""Suuwassea emilieae"",""species"",""57364"",""152.2"",""149.2"",""10483""";
"72428,""spm"","""",""405116"",""19032"",""38866"",""ANS 21122"",""holotype"","""",""right"",""tibia"","""",""1"",""table"","""",""mid-shaft circumf."",""Suuwassea emilieae"",""species"",""57364"","""",""Suuwassea emilieae"",""species"",""57364"",""152.2"",""149.2"",""10483""";
"72429,""spm"","""",""405116"",""19032"",""38866"",""ANS 21122"",""holotype"","""",""right"",""fibula"","""",""1"",""table"","""",""mid-shaft circumf."",""Suuwassea emilieae"",""species"",""57364"","""",""Suuwassea emilieae"",""species"",""57364"",""152.2"",""149.2"",""10483""";
"78468,""spm"","""",""402864"",""0"",""24883"",""V9065"",""holotype"","""",""left"",""ulna"","""",""1"",""text"","""","""",""Shunosaurus lii"",""species"",""56457"","""",""Shunosaurus lii"",""species"",""56457"",""170.9"",""154.8"",""17258""";
"78469,""spm"","""",""402864"",""0"",""24883"",""V9065"",""holotype"","""",""left"",""radius"","""",""1"",""text"","""","""",""Shunosaurus lii"",""species"",""56457"","""",""Shunosaurus lii"",""species"",""56457"",""170.9"",""154.8"",""17258""";
"78470,""spm"","""",""402864"",""0"",""24883"",""V9065"",""holotype"","""",""left"",""femur"","""",""1"",""text"","""","""",""Shunosaurus lii"",""species"",""56457"","""",""Shunosaurus lii"",""species"",""56457"",""170.9"",""154.8"",""17258""";
"78471,""spm"","""",""402864"",""0"",""24883"",""V9065"",""holotype"","""",""left"",""tibia"","""",""1"",""text"","""","""",""Shunosaurus lii"",""species"",""56457"","""",""Shunosaurus lii"",""species"",""56457"",""170.9"",""154.8"",""17258""";
"78472,""spm"","""",""402864"",""0"",""24883"",""V9065"",""holotype"","""",""left"",""fibula"","""",""1"",""text"","""","""",""Shunosaurus lii"",""species"",""56457"","""",""Shunosaurus lii"",""species"",""56457"",""170.9"",""154.8"",""17258""";
"78473,""spm"","""",""474577"",""15648"",""47071"",""CV001"",""holotype"","""","""",""skull"","""",""1"",""text"","""","""",""Omeisaurus junghsiensis"",""species"",""56461"","""",""Omeisaurus junghsiensis"",""species"",""56461"",""168.2"",""161.5"",""17258""";
"80859,""spm"","""",""475138"",""40142"",""47136"",""CGM 81119"",""holotype"","""",""right"",""humerus"","""",""1"",""text"","""","""",""Paralititan stromeri"",""species"",""64374"","""",""Paralititan stromeri"",""species"",""64374"",""100.5"",""93.9"",""12577""";
"80860,""spm"","""",""795820"",""0"",""86439"",""MAU-Pv-AG-446/27"",""holotype"","""","""",""ulna"","""",""1"",""text"","""","""",""Pitekunsaurus macayai"",""species"",""140726"","""",""Pitekunsaurus macayai"",""species"",""140726"",""83.6"",""72.1"",""29117""";
"80861,""spm"","""",""795820"",""0"",""86439"",""MAU-Pv-AG-446/28"",""holotype"","""",""right"",""scapula"","""",""1"",""text"","""","""",""Pitekunsaurus macayai"",""species"",""140726"","""",""Pitekunsaurus macayai"",""species"",""140726"",""83.6"",""72.1"",""29117""";
"80862,""spm"","""",""795820"",""0"",""86439"",""MAU-Pv-AG-446/1"",""holotype"","""",""left"",""femur"","""",""1"",""text"","""","""",""Pitekunsaurus macayai"",""species"",""140726"","""",""Pitekunsaurus macayai"",""species"",""140726"",""83.6"",""72.1"",""29117""";
"81876,""spm"",""N"","""",""0"","""",""MLP-CS 1049"","""","""",""right"",""humerus"","""",""1"",""table"","""",""Midshaft mediolateral diameter"",""Neuquensaurus"",""genus"",""64317"","""",""Neuquensaurus"",""genus"",""64317"","""","""",""42572""";
"81877,""spm"",""N"","""",""0"","""",""MLP-CS 1050"","""","""",""left"",""humerus"","""",""1"",""table"","""",""Midshaft mediolateral diameter"",""Neuquensaurus"",""genus"",""64317"","""",""Neuquensaurus"",""genus"",""64317"","""","""",""42572""";
"81878,""spm"",""N"","""",""0"","""",""MLP-CS 1051"","""","""",""right"",""humerus"","""",""1"",""table"","""",""Midshaft mediolateral diameter"",""Neuquensaurus"",""genus"",""64317"","""",""Neuquensaurus"",""genus"",""64317"","""","""",""42572""";
"81879,""spm"",""N"","""",""0"","""",""MLP-CS 1099"","""","""",""right"",""humerus"","""",""1"",""table"","""",""Midshaft mediolateral diameter"",""Neuquensaurus"",""genus"",""64317"","""",""Neuquensaurus"",""genus"",""64317"","""","""",""42572""";
"81880,""spm"",""N"","""",""0"","""",""MLP-CS 1100"","""","""",""left"",""humerus"","""",""1"",""table"","""",""Midshaft mediolateral diameter"",""Neuquensaurus"",""genus"",""64317"","""",""Neuquensaurus"",""genus"",""64317"","""","""",""42572""";
"81881,""spm"",""N"","""",""0"","""",""MLP-CS 1479"","""","""",""left"",""humerus"","""",""1"",""table"","""",""Midshaft mediolateral diameter"",""Neuquensaurus"",""genus"",""64317"","""",""Neuquensaurus"",""genus"",""64317"","""","""",""42572""";
"81882,""spm"",""N"","""",""0"","""",""MLP-CS 1019"","""","""",""right"",""humerus"","""",""1"",""table"","""",""Midshaft mediolateral diameter"",""Neuquensaurus"",""genus"",""64317"","""",""Neuquensaurus"",""genus"",""64317"","""","""",""42572""";
"81883,""spm"",""N"","""",""0"","""",""MLPCS 1058"","""","""",""left"",""ulna"","""",""1"",""table"","""",""Midshaft mediolateral diameter"",""Neuquensaurus"",""genus"",""64317"","""",""Neuquensaurus"",""genus"",""64317"","""","""",""42572""";
"81884,""spm"",""N"","""",""0"","""",""MLPCS 1305"","""","""",""right"",""ulna"","""",""1"",""table"","""",""Midshaft mediolateral diameter"",""Neuquensaurus"",""genus"",""64317"","""",""Neuquensaurus"",""genus"",""64317"","""","""",""42572""";
"81885,""spm"",""N"","""",""0"","""",""MLPCS 1306"","""","""",""left"",""ulna"","""",""1"",""table"","""",""Midshaft mediolateral diameter"",""Neuquensaurus"",""genus"",""64317"","""",""Neuquensaurus"",""genus"",""64317"","""","""",""42572""";
"81886,""spm"",""N"","""",""0"","""",""MLPCS 1052"","""","""",""left"",""ulna"","""",""1"",""table"","""",""Midshaft mediolateral diameter"",""Neuquensaurus"",""genus"",""64317"","""",""Neuquensaurus"",""genus"",""64317"","""","""",""42572""";
"81887,""spm"",""N"","""",""0"","""",""MLPCS 1094"","""","""",""left"",""ulna"","""",""1"",""table"","""",""Midshaft mediolateral diameter"",""Neuquensaurus"",""genus"",""64317"","""",""Neuquensaurus"",""genus"",""64317"","""","""",""42572""";
"81888,""spm"",""N"","""",""0"","""",""MLPCS 1095"","""","""",""right"",""ulna"","""",""1"",""table"","""",""Midshaft mediolateral diameter"",""Neuquensaurus"",""genus"",""64317"","""",""Neuquensaurus"",""genus"",""64317"","""","""",""42572""";
"81889,""spm"",""N"","""",""0"","""",""MLP-CS 1169"","""","""",""right"",""radius"","""",""1"",""table"","""",""Midshaft mediolateral diameter"",""Neuquensaurus"",""genus"",""64317"","""",""Neuquensaurus"",""genus"",""64317"","""","""",""42572""";
"81890,""spm"",""N"","""",""0"","""",""MLP-CS 1175"","""","""",""left"",""radius"","""",""1"",""table"","""",""Midshaft mediolateral diameter"",""Neuquensaurus"",""genus"",""64317"","""",""Neuquensaurus"",""genus"",""64317"","""","""",""42572""";
"81891,""spm"",""N"","""",""0"","""",""MLP-CS 1176"","""","""","""",""radius"","""",""1"",""table"","""",""Midshaft mediolateral diameter"",""Neuquensaurus"",""genus"",""64317"","""",""Neuquensaurus"",""genus"",""64317"","""","""",""42572""";
"81892,""spm"",""N"","""",""0"","""",""MLP-CS 1171"","""","""",""left"",""radius"","""",""1"",""table"","""",""Midshaft mediolateral diameter"",""Neuquensaurus"",""genus"",""64317"","""",""Neuquensaurus"",""genus"",""64317"","""","""",""42572""";
"81893,""spm"",""N"","""",""0"","""",""MLP-CS 1101"","""","""",""right"",""femur"","""",""1"",""table"","""",""Midshaft mediolateral diameter"",""Neuquensaurus"",""genus"",""64317"","""",""Neuquensaurus"",""genus"",""64317"","""","""",""42572""";
"81894,""spm"",""N"","""",""0"","""",""MLP-CS 1121"","""","""",""left"",""femur"","""",""1"",""table"","""",""Midshaft mediolateral diameter"",""Neuquensaurus"",""genus"",""64317"","""",""Neuquensaurus"",""genus"",""64317"","""","""",""42572""";
"81895,""spm"",""N"","""",""0"","""",""MLP-CS 1118"","""","""",""left"",""femur"","""",""1"",""table"","""",""Midshaft mediolateral diameter"",""Neuquensaurus"",""genus"",""64317"","""",""Neuquensaurus"",""genus"",""64317"","""","""",""42572""";
"81896,""spm"",""N"","""",""0"","""",""MCS-9"","""","""",""right"",""femur"","""",""1"",""table"","""",""Midshaft mediolateral diameter"",""Neuquensaurus"",""genus"",""64317"","""",""Neuquensaurus"",""genus"",""64317"","""","""",""42572""";
"81897,""spm"",""N"","""",""0"","""",""MLP-CS 1480"","""","""",""left"",""femur"","""",""1"",""table"","""",""Midshaft mediolateral diameter"",""Neuquensaurus"",""genus"",""64317"","""",""Neuquensaurus"",""genus"",""64317"","""","""",""42572""";
"81898,""spm"",""N"","""",""0"","""",""MLP-CS 1103"","""","""",""right"",""tibia"","""",""1"",""table"","""",""Midshaft mediolateral diameter"",""Neuquensaurus"",""genus"",""64317"","""",""Neuquensaurus"",""genus"",""64317"","""","""",""42572""";
"81899,""spm"",""N"","""",""0"","""",""MCS-5/25"","""","""",""right"",""tibia"","""",""1"",""table"","""",""Midshaft mediolateral diameter"",""Neuquensaurus"",""genus"",""64317"","""",""Neuquensaurus"",""genus"",""64317"","""","""",""42572""";
"81900,""spm"",""N"","""",""0"","""",""MCS-6"","""","""",""right"",""tibia"","""",""1"",""table"","""",""Midshaft mediolateral diameter"",""Neuquensaurus"",""genus"",""64317"","""",""Neuquensaurus"",""genus"",""64317"","""","""",""42572""";
"81901,""spm"",""N"","""",""0"","""",""MLP-CS 1264"","""","""",""left"",""tibia"","""",""1"",""table"","""",""Midshaft mediolateral diameter"",""Neuquensaurus"",""genus"",""64317"","""",""Neuquensaurus"",""genus"",""64317"","""","""",""42572""";
"81902,""spm"",""N"","""",""0"","""",""MLP-CS 1098"","""","""",""left"",""fibula"","""",""1"",""table"","""",""Midshaft mediolateral diameter"",""Neuquensaurus"",""genus"",""64317"","""",""Neuquensaurus"",""genus"",""64317"","""","""",""42572""";
"81903,""spm"",""N"","""",""0"","""",""MLP-Ly 127"","""","""",""left"",""fibula"","""",""1"",""table"","""",""Midshaft mediolateral diameter"",""Neuquensaurus"",""genus"",""64317"","""",""Neuquensaurus"",""genus"",""64317"","""","""",""42572""";
"81904,""spm"",""N"","""",""0"","""",""MCS-5/26"","""","""",""right"",""fibula"","""",""1"",""table"","""",""Midshaft mediolateral diameter"",""Neuquensaurus"",""genus"",""64317"","""",""Neuquensaurus"",""genus"",""64317"","""","""",""42572""";
"81905,""spm"",""N"","""",""0"","""",""MLP-CS 1265"","""","""","""",""fibula"","""",""1"",""table"","""",""Midshaft mediolateral diameter"",""Neuquensaurus"",""genus"",""64317"","""",""Neuquensaurus"",""genus"",""64317"","""","""",""42572""";
"81906,""spm"","""",""539207"",""0"",""56157"",""MRS-Pv 43"",""paratype"","""","""",""scapula"","""",""1"",""text"","""",""minimum width of the blade"",""Rinconsaurus caudamirus"",""species"",""68592"","""",""Rinconsaurus caudamirus"",""species"",""68592"",""86.3"",""83.6"",""15139""";
"81907,""spm"","""",""539207"",""0"",""56157"",""MRS-Pv 47"",""paratype"","""","""",""humerus"","""",""1"",""text"","""","""",""Rinconsaurus caudamirus"",""species"",""68592"","""",""Rinconsaurus caudamirus"",""species"",""68592"",""86.3"",""83.6"",""15139""";
"81908,""spm"","""",""539207"",""0"",""56157"",""MRS-Pv 49"",""paratype"","""","""",""femur"","""",""1"",""text"","""","""",""Rinconsaurus caudamirus"",""species"",""68592"","""",""Rinconsaurus caudamirus"",""species"",""68592"",""86.3"",""83.6"",""15139""";
"81909,""spm"","""",""539207"",""0"",""56157"",""MRS-Pv 92"",""paratype"","""","""",""femur"","""",""1"",""text"","""","""",""Rinconsaurus caudamirus"",""species"",""68592"","""",""Rinconsaurus caudamirus"",""species"",""68592"",""86.3"",""83.6"",""15139""";
"81910,""spm"","""",""980820"",""0"",""117447"",""MAU-Pv-N-425"",""holotype"","""",""left"",""ulna"","""",""1"",""table"","""",""Minimum diaphysis width"",""Narambuenatitan palomoi"",""species"",""201025"","""",""Narambuenatitan palomoi"",""species"",""201025"",""83.6"",""72.1"",""37763""";
"81911,""spm"","""",""980820"",""0"",""117447"",""MAU-Pv-N-425"",""holotype"","""",""left"",""humerus"","""",""1"",""table"","""",""Minimum diaphysis width"",""Narambuenatitan palomoi"",""species"",""201025"","""",""Narambuenatitan palomoi"",""species"",""201025"",""83.6"",""72.1"",""37763""";
"81912,""spm"","""",""980820"",""0"",""117447"",""MAU-Pv-N-425"",""holotype"","""",""left"",""femur"","""",""1"",""table"","""",""Minimum diaphysis width"",""Narambuenatitan palomoi"",""species"",""201025"","""",""Narambuenatitan palomoi"",""species"",""201025"",""83.6"",""72.1"",""37763""";
"81913,""spm"","""",""772534"",""0"",""82786"",""1109-UrHo"",""holotype"","""","""",""coracoid"","""",""1"",""text"","""","""",""Uberabatitan ribeiroi"",""species"",""130182"","""",""Uberabatitan ribeiroi"",""species"",""130182"",""72.1"",""66"",""27836""";
"81914,""spm"","""",""772534"",""0"",""82786"",""1032-UrHo"",""holotype"","""",""both"",""radius"","""",""1"",""text"","""","""",""Uberabatitan ribeiroi"",""species"",""130182"","""",""Uberabatitan ribeiroi"",""species"",""130182"",""72.1"",""66"",""27836""";
"81915,""spm"","""",""941813"",""0"",""109015"",""MPM-PV 2097/14"",""holotype"","""",""left"",""scapula"","""",""1"",""text"","""","""",""Drusilasaura deseadensis"",""species"",""184916"","""",""Drusilasaura deseadensis"",""species"",""184916"",""100.5"",""89.8"",""36033""";
"81916,""spm"","""",""781608"",""0"",""84192"",""MSM-86-K"",""holotype"","""","""",""femur"","""",""1"",""text"","""","""",""Brohisaurus kirthari"",""species"",""119653"",""nomen dubium"",""Titanosauriformes"",""unranked clade"",""57468"",""154.8"",""149.2"",""28188""";
"81917,""spm"","""",""781608"",""0"",""84192"",""MSM-88-K"",""holotype"","""","""",""fibula"","""",""1"",""text"","""","""",""Brohisaurus kirthari"",""species"",""119653"",""nomen dubium"",""Titanosauriformes"",""unranked clade"",""57468"",""154.8"",""149.2"",""28188""";
"81926,""spm"","""",""892779"",""0"",""98791"",""MUCPv-417"",""holotype"","""",""left"",""humerus"","""",""1"",""text"","""","""",""Panamericansaurus schroederi"",""species"",""172033"","""",""Panamericansaurus schroederi"",""species"",""172033"",""83.6"",""66"",""34054""";
"81949,""spm"","""",""980825"",""0"",""117450"",""MAU-Pv-PH-449/36"",""holotype"","""","""",""humerus"","""",""1"",""table"","""",""Shaft minimum width mediolateral"",""Petrobrasaurus puestohernandezi"",""species"",""201031"","""",""Petrobrasaurus puestohernandezi"",""species"",""201031"",""89.8"",""83.6"",""37765""";
"81950,""spm"","""",""980825"",""0"",""117450"",""MAU-PvPH-449/7"",""holotype"","""",""right"",""femur"","""",""1"",""table"","""",""Shaft minimum width mediolateral"",""Petrobrasaurus puestohernandezi"",""species"",""201031"","""",""Petrobrasaurus puestohernandezi"",""species"",""201031"",""89.8"",""83.6"",""37765""";
"81951,""spm"","""",""980825"",""0"",""117450"",""MAU-PvPH-449/8"",""holotype"","""",""left"",""femur"","""",""1"",""table"","""",""Shaft minimum width mediolateral"",""Petrobrasaurus puestohernandezi"",""species"",""201031"","""",""Petrobrasaurus puestohernandezi"",""species"",""201031"",""89.8"",""83.6"",""37765""";
"81956,""spm"","""",""405968"",""0"",""25074"",""FMNH PR 2209"",""paratype"","""","""",""scapula"","""",""1"",""table"","""","""",""Rapetosaurus krausei"",""species"",""57533"","""",""Rapetosaurus krausei"",""species"",""57533"",""72.1"",""66"",""42573""";
"81957,""spm"","""",""405968"",""0"",""25074"",""FMNH PR 2209"",""paratype"","""","""",""coracoid"","""",""1"",""table"","""","""",""Rapetosaurus krausei"",""species"",""57533"","""",""Rapetosaurus krausei"",""species"",""57533"",""72.1"",""66"",""42573""";
"81958,""spm"","""",""405968"",""0"",""25074"",""FMNH PR 2209"",""paratype"","""","""",""humerus"","""",""1"",""table"","""","""",""Rapetosaurus krausei"",""species"",""57533"","""",""Rapetosaurus krausei"",""species"",""57533"",""72.1"",""66"",""42573""";
"81959,""spm"","""",""405968"",""0"",""25074"",""FMNH PR 2209"",""paratype"","""","""",""ulna"","""",""1"",""table"","""","""",""Rapetosaurus krausei"",""species"",""57533"","""",""Rapetosaurus krausei"",""species"",""57533"",""72.1"",""66"",""42573""";
"81960,""spm"","""",""405968"",""0"",""25074"",""FMNH PR 2209"",""paratype"","""","""",""radius"","""",""1"",""table"","""","""",""Rapetosaurus krausei"",""species"",""57533"","""",""Rapetosaurus krausei"",""species"",""57533"",""72.1"",""66"",""42573""";
"81961,""spm"","""",""405968"",""0"",""25074"",""FMNH PR 2209"",""paratype"","""","""",""femur"","""",""1"",""table"","""","""",""Rapetosaurus krausei"",""species"",""57533"","""",""Rapetosaurus krausei"",""species"",""57533"",""72.1"",""66"",""42573""";
"81962,""spm"","""",""405968"",""0"",""25074"",""FMNH PR 2209"",""paratype"","""","""",""fibula"","""",""1"",""table"","""","""",""Rapetosaurus krausei"",""species"",""57533"","""",""Rapetosaurus krausei"",""species"",""57533"",""72.1"",""66"",""42573""";
"81963,""spm"","""",""405968"",""0"",""25074"",""FMNH PR 2209"",""paratype"","""","""",""tibia"","""",""1"",""table"","""","""",""Rapetosaurus krausei"",""species"",""57533"","""",""Rapetosaurus krausei"",""species"",""57533"",""72.1"",""66"",""42573""";
"81964,""spm"","""",""504248"",""0"",""51234"",""M1322"",""holotype"","""",""left"",""scapula"","""",""1"",""text"","""","""",""Jiangshanosaurus lixianensis"",""species"",""66075"","""",""Jiangshanosaurus lixianensis"",""species"",""66075"",""100.5"",""89.8"",""13643""";
"81965,""spm"","""",""504248"",""0"",""51234"",""M1322"",""holotype"","""",""left"",""coracoid"","""",""1"",""text"","""","""",""Jiangshanosaurus lixianensis"",""species"",""66075"","""",""Jiangshanosaurus lixianensis"",""species"",""66075"",""100.5"",""89.8"",""13643""";
"81966,""spm"",""N"","""",""0"","""",""FGGUB R.1220"","""","""",""right"",""femur"","""",""1"",""table"","""","""",""Magyarosaurus dacus"",""species"",""64332"","""",""Magyarosaurus dacus"",""species"",""64331"","""","""",""42574""";
"81967,""spm"",""N"","""",""0"","""",""FGGUB R.1511"","""","""",""left"",""femur"","""",""1"",""table"","""","""",""Magyarosaurus dacus"",""species"",""64332"","""",""Magyarosaurus dacus"",""species"",""64331"","""","""",""42574""";
"81968,""spm"",""N"","""",""0"","""",""FGGUB R.1046"","""","""",""left"",""femur"","""",""1"",""table"","""","""",""Magyarosaurus dacus"",""species"",""64332"","""",""Magyarosaurus dacus"",""species"",""64331"","""","""",""42574""";
"81969,""spm"",""N"","""",""0"","""",""FGGUB R.1992"","""","""",""right"",""femur"","""",""1"",""table"","""","""",""Magyarosaurus dacus"",""species"",""64332"","""",""Magyarosaurus dacus"",""species"",""64331"","""","""",""42574""";
"81970,""spm"",""N"","""",""0"","""",""MAFI Ob.3092"","""","""",""left"",""humerus"","""",""1"",""table"","""","""",""Magyarosaurus dacus"",""species"",""64332"","""",""Magyarosaurus dacus"",""species"",""64331"","""","""",""42574""";
"81971,""spm"",""N"","""",""0"","""",""FGGUB R.1246"","""","""",""right"",""humerus"","""",""1"",""table"","""","""",""Magyarosaurus dacus"",""species"",""64332"","""",""Magyarosaurus dacus"",""species"",""64331"","""","""",""42574""";
"81972,""spm"",""N"","""",""0"","""",""FGGUB R.1195"","""","""",""left"",""humerus"","""",""1"",""table"","""","""",""Magyarosaurus dacus"",""species"",""64332"","""",""Magyarosaurus dacus"",""species"",""64331"","""","""",""42574""";
"81973,""spm"",""N"","""",""0"","""",""MAFI Ob.3089"","""","""",""left"",""humerus"","""",""1"",""table"","""","""",""Magyarosaurus dacus"",""species"",""64332"","""",""Magyarosaurus dacus"",""species"",""64331"","""","""",""42574""";
"81974,""spm"",""N"","""",""0"","""",""MAFI v.13492"","""","""",""right"",""humerus"","""",""1"",""table"","""","""",""Magyarosaurus dacus"",""species"",""64332"","""",""Magyarosaurus dacus"",""species"",""64331"","""","""",""42574""";
"81975,""spm"",""N"","""",""0"","""",""FGGUB R.1047"","""","""",""right"",""humerus"","""",""1"",""table"","""","""",""Magyarosaurus dacus"",""species"",""64332"","""",""Magyarosaurus dacus"",""species"",""64331"","""","""",""42574""";
"81976,""spm"",""N"","""",""0"","""",""MAFI Ob.3128"","""","""",""left"",""humerus"","""",""1"",""table"","""","""",""Magyarosaurus dacus"",""species"",""64332"","""",""Magyarosaurus dacus"",""species"",""64331"","""","""",""42574""";
"81977,""spm"",""N"","""",""0"","""",""FGGUB R.1048"","""","""",""left"",""humerus"","""",""1"",""table"","""","""",""Magyarosaurus dacus"",""species"",""64332"","""",""Magyarosaurus dacus"",""species"",""64331"","""","""",""42574""";
"81978,""spm"",""N"","""",""0"","""",""MAFI Ob.3104"","""","""",""right"",""humerus"","""",""1"",""table"","""","""",""Magyarosaurus dacus"",""species"",""64332"","""",""Magyarosaurus dacus"",""species"",""64331"","""","""",""42574""";
"81979,""spm"",""N"","""",""0"","""",""FGGUB R.1598"","""","""",""left"",""ulna"","""",""1"",""table"","""","""",""Magyarosaurus dacus"",""species"",""64332"","""",""Magyarosaurus dacus"",""species"",""64331"","""","""",""42574""";
"81980,""spm"",""N"","""",""0"","""",""MAFI Ob.3099"","""","""",""right"",""ulna"","""",""1"",""table"","""","""",""Magyarosaurus dacus"",""species"",""64332"","""",""Magyarosaurus dacus"",""species"",""64331"","""","""",""42574""";
"81981,""spm"",""N"","""",""0"","""",""MAFI Ob.3086a"","""","""",""left"",""fibula"","""",""1"",""table"","""","""",""Magyarosaurus dacus"",""species"",""64332"","""",""Magyarosaurus dacus"",""species"",""64331"","""","""",""42574""";
"81982,""spm"",""N"","""",""0"","""",""MAFI Ob.3086b"","""","""",""left"",""fibula"","""",""1"",""table"","""","""",""Magyarosaurus dacus"",""species"",""64332"","""",""Magyarosaurus dacus"",""species"",""64331"","""","""",""42574""";
"81983,""spm"",""N"","""",""0"","""",""FGGUB R.1252"","""","""",""left"",""tibia"","""",""1"",""table"","""","""",""Magyarosaurus dacus"",""species"",""64332"","""",""Magyarosaurus dacus"",""species"",""64331"","""","""",""42574""";
"81984,""spm"",""N"","""",""0"","""",""MAFI Ob.4212"","""","""",""left"",""tibia"","""",""1"",""table"","""","""",""Magyarosaurus dacus"",""species"",""64332"","""",""Magyarosaurus dacus"",""species"",""64331"","""","""",""42574""";
"81985,""spm"",""N"","""",""0"","""",""FGGUB R.1380"","""","""",""left"",""tibia"","""",""1"",""table"","""","""",""Magyarosaurus dacus"",""species"",""64332"","""",""Magyarosaurus dacus"",""species"",""64331"","""","""",""42574""";
"81986,""spm"",""N"","""",""0"","""",""FGGUB R.1045"","""","""",""right"",""tibia"","""",""1"",""table"","""","""",""Magyarosaurus dacus"",""species"",""64332"","""",""Magyarosaurus dacus"",""species"",""64331"","""","""",""42574""";
"81987,""spm"",""N"","""",""0"","""",""MAFI Ob.3087"","""","""",""left"",""tibia"","""",""1"",""table"","""","""",""Magyarosaurus dacus"",""species"",""64332"","""",""Magyarosaurus dacus"",""species"",""64331"","""","""",""42574""";
"81990,""spm"",""N"","""",""0"","""",""ISIR335/57"","""","""",""left"",""scapula"","""",""1"",""table"","""","""",""Titanosaurus colberti"",""species"",""64311"",""recombined as"",""Isisaurus colberti"",""species"",""64311"","""","""",""4177""";
"81991,""spm"",""N"","""",""0"","""",""ISIR335/59"","""","""",""left"",""humerus"","""",""1"",""table"","""","""",""Titanosaurus colberti"",""species"",""64311"",""recombined as"",""Isisaurus colberti"",""species"",""64311"","""","""",""4177""";
"81992,""spm"",""N"","""",""0"","""",""ISIR335/58"","""","""","""",""coracoid"","""",""1"",""text"","""","""",""Titanosaurus colberti"",""species"",""64311"",""recombined as"",""Isisaurus colberti"",""species"",""64311"","""","""",""4177""";
"81993,""spm"",""N"","""",""0"","""",""ISIR335/60"","""","""","""",""ulna"","""",""1"",""text"","""","""",""Titanosaurus colberti"",""species"",""64311"",""recombined as"",""Isisaurus colberti"",""species"",""64311"","""","""",""4177""";
"82474,""spm"","""",""297286"",""21721"",""28454"",""VBN.02.90"",""holotype"","""",""left"",""tibia"","""",""1"",""text"","""","""",""Saltasauridae"",""unranked clade"",""64335"","""",""Saltasauridae"",""unranked clade"",""64335"",""83.6"",""72.1"",""33197""";
"82477,""spm"","""",""513500"",""0"",""51981"",""PVPH 1"",""holotype"","""","""",""tibia"","""",""1"",""text"","""","""",""Argentinosaurus huinculensis"",""species"",""66646"","""",""Argentinosaurus huinculensis"",""species"",""66646"",""100.5"",""89.8"",""13901""";
"82478,""spm"","""",""460637"",""0"",""45409"","""",""holotype"","""","""",""humerus"","""",""1"",""text"","""","""",""Andesaurus delgadoi"",""species"",""58918"","""",""Andesaurus delgadoi"",""species"",""58918"",""100.5"",""93.9"",""11825""";
"82479,""spm"","""",""460637"",""0"",""45409"","""",""holotype"","""","""",""femora"","""",""1"",""text"","""","""",""Andesaurus delgadoi"",""species"",""58918"","""",""Andesaurus delgadoi"",""species"",""58918"",""100.5"",""93.9"",""11825""";
"82494,""spm"",""N"","""",""0"","""",""MACN PV N53"",""holotype"","""",""right"",""femur"","""",""1"",""text"","""","""",""Amargatitanis macni"",""species"",""140518"","""",""Amargatitanis macni"",""species"",""140518"","""","""",""29093""";
"82495,""spm"","""",""939383"",""0"",""24883"",""ZDM5038"",""holotype"","""","""",""skull"","""",""1"",""table"","""","""",""Abrosaurus dongpoensis"",""species"",""184288"","""",""Abrosaurus dongpoensis"",""species"",""184288"",""170.9"",""154.8"",""35971""";
"82925,""spm"","""",""522076"",""0"",""53670"",""IVPP V8299"",""holotype"","""","""",""skull"","""",""1"",""text"","""","""",""Bellusaurus sui"",""species"",""54862"","""",""Bellusaurus sui"",""species"",""54862"",""161.5"",""154.8"",""9264""";
"82926,""spm"","""",""522076"",""0"",""53670"",""IVPP V8300"",""paratype"","""","""",""humerus"","""",""1"",""text"","""","""",""Bellusaurus sui"",""species"",""54862"","""",""Bellusaurus sui"",""species"",""54862"",""161.5"",""154.8"",""9264""";
"82927,""spm"","""",""522076"",""0"",""53670"",""IVPP V8300"",""paratype"","""","""",""ulna"","""",""1"",""text"","""","""",""Bellusaurus sui"",""species"",""54862"","""",""Bellusaurus sui"",""species"",""54862"",""161.5"",""154.8"",""9264""";
"82928,""spm"","""",""522076"",""0"",""53670"",""IVPP V8300"",""paratype"","""","""",""radius"","""",""1"",""text"","""","""",""Bellusaurus sui"",""species"",""54862"","""",""Bellusaurus sui"",""species"",""54862"",""161.5"",""154.8"",""9264""";
"82929,""spm"","""",""522076"",""0"",""53670"",""IVPP V8300"",""paratype"","""","""",""scapula"","""",""1"",""text"","""","""",""Bellusaurus sui"",""species"",""54862"","""",""Bellusaurus sui"",""species"",""54862"",""161.5"",""154.8"",""9264""";
"82930,""spm"","""",""522076"",""0"",""53670"",""IVPP V8300"",""paratype"","""","""",""femur"","""",""1"",""text"","""","""",""Bellusaurus sui"",""species"",""54862"","""",""Bellusaurus sui"",""species"",""54862"",""161.5"",""154.8"",""9264""";
"82931,""spm"","""",""522076"",""0"",""53670"",""IVPP V8300"",""paratype"","""","""",""tibia"","""",""1"",""text"","""","""",""Bellusaurus sui"",""species"",""54862"","""",""Bellusaurus sui"",""species"",""54862"",""161.5"",""154.8"",""9264""";
"82934,""spm"","""",""883353"",""24354"",""97951"",""OMNH 27761"",""paratype"","""","""",""tibia"","""",""1"",""table"","""","""",""Brontomerus mcintoshi"",""species"",""178323"","""",""Brontomerus mcintoshi"",""species"",""178323"",""121.4"",""100.5"",""35299""";
"82941,""spm"","""",""577770"",""21885"",""60799"",""QMF 7292"",""holotype"","""","""",""scapula"","""",""1"",""table"","""",""Mid-shaft Width"",""Wintonotitan wattsi"",""species"",""148971"","""",""Wintonotitan wattsi"",""species"",""148971"",""100.5"",""93.9"",""30242""";
"82942,""spm"","""",""577770"",""21885"",""60799"",""QMF 7292"",""holotype"","""",""left"",""humerus"","""",""1"",""table"","""",""Mid-shaft Width"",""Wintonotitan wattsi"",""species"",""148971"","""",""Wintonotitan wattsi"",""species"",""148971"",""100.5"",""93.9"",""30242""";
"82943,""spm"","""",""577770"",""21885"",""60799"",""QMF 7292"",""holotype"","""",""right"",""humerus"","""",""1"",""table"","""",""Mid-shaft Width"",""Wintonotitan wattsi"",""species"",""148971"","""",""Wintonotitan wattsi"",""species"",""148971"",""100.5"",""93.9"",""30242""";
"82944,""spm"","""",""577770"",""21885"",""60799"",""QMF 7292"",""holotype"","""",""left"",""ulna"","""",""1"",""table"","""",""Mid-shaft Width"",""Wintonotitan wattsi"",""species"",""148971"","""",""Wintonotitan wattsi"",""species"",""148971"",""100.5"",""93.9"",""30242""";
"82945,""spm"","""",""577770"",""21885"",""60799"",""QMF 7292"",""holotype"","""",""right"",""ulna"","""",""1"",""table"","""",""Mid-shaft Width"",""Wintonotitan wattsi"",""species"",""148971"","""",""Wintonotitan wattsi"",""species"",""148971"",""100.5"",""93.9"",""30242""";
"82946,""spm"","""",""577770"",""21885"",""60799"",""QMF 7292"",""holotype"","""",""left"",""radius"","""",""1"",""table"","""",""Mid-shaft Width"",""Wintonotitan wattsi"",""species"",""148971"","""",""Wintonotitan wattsi"",""species"",""148971"",""100.5"",""93.9"",""30242""";
"82947,""spm"","""",""577770"",""21885"",""60799"",""QMF 7292"",""holotype"","""",""right"",""radius"","""",""1"",""table"","""",""Mid-shaft Width"",""Wintonotitan wattsi"",""species"",""148971"","""",""Wintonotitan wattsi"",""species"",""148971"",""100.5"",""93.9"",""30242""";
"82959,""spm"","""",""566221"",""32220"",""59287"",""IGM 100/1803"",""holotype"","""",""right"",""tibia"","""",""1"",""table"","""","""",""Erketu ellisoni"",""species"",""72377"","""",""Erketu ellisoni"",""species"",""72377"",""100.5"",""83.6"",""16961""";
"82960,""spm"","""",""566221"",""32220"",""59287"",""IGM 100/1803"",""holotype"","""",""right"",""fibula"","""",""1"",""table"","""","""",""Erketu ellisoni"",""species"",""72377"","""",""Erketu ellisoni"",""species"",""72377"",""100.5"",""83.6"",""16961""";
"82961,""spm"","""",""785829"",""0"",""84711"",""GSLTZP02-001"",""holotype"","""","""",""scapula"","""",""1"",""text"","""","""",""Huanghetitan liujiaxiaensis"",""species"",""133728"","""",""Huanghetitan liujiaxiaensis"",""species"",""133728"",""125.77"",""113"",""28417""";
"83020,""spm"","""",""559778"",""21210"",""58204"",""MPZ 99/9"",""holotype"","""",""left"",""femur"","""",""1"",""text"","""","""",""Tastavinsaurus sanzi"",""species"",""138440"","""",""Tastavinsaurus sanzi"",""species"",""138440"",""121.4"",""119.5"",""28879""";
"83021,""spm"","""",""559778"",""21210"",""58204"",""MPZ 99/9"",""holotype"","""",""right"",""femur"","""",""1"",""text"","""","""",""Tastavinsaurus sanzi"",""species"",""138440"","""",""Tastavinsaurus sanzi"",""species"",""138440"",""121.4"",""119.5"",""28879""";
"83022,""spm"","""",""559778"",""21210"",""58204"",""MPZ 99/9 (Arsis1–50)"",""holotype"","""",""right"",""tibia"","""",""1"",""text"","""","""",""Tastavinsaurus sanzi"",""species"",""138440"","""",""Tastavinsaurus sanzi"",""species"",""138440"",""121.4"",""119.5"",""28879""";
"83023,""spm"","""",""559778"",""21210"",""58204"",""MPZ 99/9 (Arsis1–54)"",""holotype"","""",""right"",""fibula"","""",""1"",""text"","""","""",""Tastavinsaurus sanzi"",""species"",""138440"","""",""Tastavinsaurus sanzi"",""species"",""138440"",""121.4"",""119.5"",""28879""";
"83024,""spm"","""",""513264"",""0"",""51919"",""DMNH 40932"",""holotype"","""",""left"",""scapula"","""",""1"",""table"","""","""",""Venenosaurus dicrocei"",""species"",""66516"","""",""Venenosaurus dicrocei"",""species"",""66516"",""121.4"",""113"",""13848""";
"83025,""spm"","""",""513264"",""0"",""51919"",""DMNH 40932"",""holotype"","""","""",""radius"","""",""1"",""table"","""","""",""Venenosaurus dicrocei"",""species"",""66516"","""",""Venenosaurus dicrocei"",""species"",""66516"",""121.4"",""113"",""13848""";
"83026,""spm"","""",""513264"",""0"",""51919"",""DMNH 40932"",""holotype"","""","""",""ulna"","""",""1"",""table"","""","""",""Venenosaurus dicrocei"",""species"",""66516"","""",""Venenosaurus dicrocei"",""species"",""66516"",""121.4"",""113"",""13848""";
"83041,""spm"","""",""401692"",""0"",""38533"",""MACN 18222/30"",""holotype"","""",""left"",""scapula"","""",""1"",""table"","""",""width=mid-shaft breadth"",""Chubutisaurus insignis"",""species"",""53963"","""",""Chubutisaurus insignis"",""species"",""53963"",""119.5"",""109.9"",""42586""";
"83042,""spm"","""",""401692"",""0"",""38533"",""MACN 18222/30"",""holotype"","""",""left"",""humerus"","""",""1"",""table"","""",""width=mid-shaft breadth"",""Chubutisaurus insignis"",""species"",""53963"","""",""Chubutisaurus insignis"",""species"",""53963"",""119.5"",""109.9"",""42586""";
"83043,""spm"","""",""401692"",""0"",""38533"",""MACN 18222/32"",""holotype"","""",""left"",""radius"","""",""1"",""table"","""",""width=mid-shaft breadth"",""Chubutisaurus insignis"",""species"",""53963"","""",""Chubutisaurus insignis"",""species"",""53963"",""119.5"",""109.9"",""42586""";
"83044,""spm"","""",""401692"",""0"",""38533"",""MACN 18222/39"",""holotype"","""",""right"",""femur"","""",""1"",""table"","""",""width=mid-shaft breadth"",""Chubutisaurus insignis"",""species"",""53963"","""",""Chubutisaurus insignis"",""species"",""53963"",""119.5"",""109.9"",""42586""";
"83045,""spm"","""",""401692"",""0"",""38533"",""MACN 18222/39"",""holotype"","""",""left"",""tibia"","""",""1"",""table"","""",""width=mid-shaft breadth"",""Chubutisaurus insignis"",""species"",""53963"","""",""Chubutisaurus insignis"",""species"",""53963"",""119.5"",""109.9"",""42586""";
"83046,""spm"","""",""862206"",""0"",""95795"",""41 HII I-0002"",""holotype"","""",""right"",""femur"","""",""1"",""text"","""",""maximum anterioposterior width"",""Ruyangosaurus giganteus"",""species"",""166381"","""",""Ruyangosaurus giganteus"",""species"",""166381"",""121.4"",""100.5"",""32538""";
"83047,""spm"","""",""862206"",""0"",""95795"",""41 HII I-0002"",""holotype"","""",""right"",""tibia"","""",""1"",""text"","""","""",""Ruyangosaurus giganteus"",""species"",""166381"","""",""Ruyangosaurus giganteus"",""species"",""166381"",""121.4"",""100.5"",""32538""";
"83443,""spm"","""",""567910"",""0"",""59641"",""MNN TIG 3-5"",""holotype"","""","""",""skull"","""",""1"",""table"","""","""",""Jobaria tiguidensis"",""species"",""57436"","""",""Jobaria tiguidensis"",""species"",""57436"",""161.5"",""145"",""10484""";
"83444,""spm"","""",""567910"",""0"",""59641"",""MNN TIG 3-5"",""holotype"","""","""",""humerus"","""",""1"",""table"","""","""",""Jobaria tiguidensis"",""species"",""57436"","""",""Jobaria tiguidensis"",""species"",""57436"",""161.5"",""145"",""10484""";
"83445,""spm"","""",""567910"",""0"",""59641"",""MNN TIG 3-5"",""holotype"","""","""",""redius"","""",""1"",""table"","""","""",""Jobaria tiguidensis"",""species"",""57436"","""",""Jobaria tiguidensis"",""species"",""57436"",""161.5"",""145"",""10484""";
"83446,""spm"","""",""567910"",""0"",""59641"",""MNN TIG 3-5"",""holotype"","""","""",""femur"","""",""1"",""table"","""","""",""Jobaria tiguidensis"",""species"",""57436"","""",""Jobaria tiguidensis"",""species"",""57436"",""161.5"",""145"",""10484""";
"83447,""spm"","""",""567910"",""0"",""59641"",""MNN TIG 3-5"",""holotype"","""","""",""tibia"","""",""1"",""table"","""","""",""Jobaria tiguidensis"",""species"",""57436"","""",""Jobaria tiguidensis"",""species"",""57436"",""161.5"",""145"",""10484""";
"83451,""spm"","""",""474559"",""26483"",""47070"",""PMU 233"",""holotype"","""","""",""scapula"","""",""1"",""text"","""","""",""Helopus zdanskyi"",""species"",""64281"",""recombined as"",""Euhelopus zdanskyi"",""species"",""64281"",""145"",""132.6"",""38083""";
"83452,""spm"","""",""474559"",""26483"",""47070"",""PMU 233"",""holotype"","""","""",""humerus"","""",""1"",""text"","""",""width=midshaft"",""Helopus zdanskyi"",""species"",""64281"",""recombined as"",""Euhelopus zdanskyi"",""species"",""64281"",""145"",""132.6"",""38083""";
"83453,""spm"","""",""474559"",""26483"",""47070"",""PMU 233"",""holotype"","""","""",""femur"","""",""1"",""text"","""","""",""Helopus zdanskyi"",""species"",""64281"",""recombined as"",""Euhelopus zdanskyi"",""species"",""64281"",""145"",""132.6"",""38083""";
"83454,""spm"","""",""474559"",""26483"",""47070"",""PMU 233"",""holotype"","""","""",""tibia"","""",""1"",""text"","""","""",""Helopus zdanskyi"",""species"",""64281"",""recombined as"",""Euhelopus zdanskyi"",""species"",""64281"",""145"",""132.6"",""38083""";
"83455,""spm"","""",""474559"",""26483"",""47070"",""PMU 233"",""holotype"","""","""",""fibula"","""",""1"",""text"","""","""",""Helopus zdanskyi"",""species"",""64281"",""recombined as"",""Euhelopus zdanskyi"",""species"",""64281"",""145"",""132.6"",""38083""";
"83456,""spm"","""",""465134"",""34161"",""45975"",""BYU 5500"",""holotype"","""","""",""scapulocoracoid"","""",""1"",""text"",""1"","""",""Supersaurus vivianae"",""species"",""56455"","""",""Supersaurus vivianae"",""species"",""56455"",""152.2"",""146.3"",""12262""";
"83457,""spm"","""",""465134"",""34161"",""45975"",""BYU 5501"",""some paratypes"","""","""",""scapulocoracoid"","""",""1"",""text"","""","""",""Supersaurus vivianae"",""species"",""56455"","""",""Supersaurus vivianae"",""species"",""56455"",""152.2"",""146.3"",""12262""";
"83458,""spm"","""",""465133"",""12062"",""45975"",""BYU 5001"",""some paratypes"","""","""",""scapulocoracoid"","""",""1"",""text"","""","""",""Ultrasaurus macintoshi"",""species"",""56449"",""subjective synonym of"",""Supersaurus vivianae"",""species"",""56455"",""152.2"",""146.3"",""12262""";
"83459,""spm"",""N"","""",""0"","""",""BYU 9462"","""","""",""right"",""scapula"","""",""1"",""table"","""","""",""Ultrasauros macintoshi"",""species"",""56453"",""subjective synonym of"",""Supersaurus vivianae"",""species"",""56455"","""","""",""9730""";
"83460,""spm"",""N"","""",""0"","""",""BYU 9462"","""","""",""right"",""coracoid"","""",""1"",""table"","""","""",""Ultrasauros macintoshi"",""species"",""56453"",""subjective synonym of"",""Supersaurus vivianae"",""species"",""56455"","""","""",""9730""";
"83461,""spm"",""N"","""",""0"","""",""FMNH P25107"","""","""",""left"",""coracoid"","""",""1"",""table"","""","""",""Ultrasauros macintoshi"",""species"",""56453"",""subjective synonym of"",""Supersaurus vivianae"",""species"",""56455"","""","""",""9730""";
"83462,""spm"",""N"","""",""0"","""",""HM Ki 74"","""","""",""left"",""scapula"","""",""1"",""table"","""","""",""Ultrasauros macintoshi"",""species"",""56453"",""subjective synonym of"",""Supersaurus vivianae"",""species"",""56455"","""","""",""9730""";
"83463,""spm"",""N"","""",""0"","""",""HM Ki 74"","""","""",""left"",""coracoid"","""",""1"",""table"","""","""",""Ultrasauros macintoshi"",""species"",""56453"",""subjective synonym of"",""Supersaurus vivianae"",""species"",""56455"","""","""",""9730""";
"83464,""spm"",""N"","""",""0"","""",""HM Su 9"","""","""",""right"",""scapula"","""",""1"",""table"","""","""",""Ultrasauros macintoshi"",""species"",""56453"",""subjective synonym of"",""Supersaurus vivianae"",""species"",""56455"","""","""",""9730""";
"83465,""spm"",""N"","""",""0"","""",""HM S II"","""","""",""right"",""coracoid"","""",""1"",""table"","""","""",""Ultrasauros macintoshi"",""species"",""56453"",""subjective synonym of"",""Supersaurus vivianae"",""species"",""56455"","""","""",""9730""";
"83466,""spm"","""",""1010382"",""38957"",""123283"",""CT-19"","""","""","""",""ulna"","""",""1"",""table"","""",""craniocaudal width of shaft"",""Tastavinsaurus sanzi"",""species"",""138440"","""",""Tastavinsaurus sanzi"",""species"",""138440"",""121.4"",""119.5"",""39481""";
"83467,""spm"","""",""1010382"",""38957"",""123283"",""CT-19"","""","""",""left"",""femur"","""",""1"",""table"","""",""minimum craniocaudal width of the shaft"",""Tastavinsaurus sanzi"",""species"",""138440"","""",""Tastavinsaurus sanzi"",""species"",""138440"",""121.4"",""119.5"",""39481""";
"83468,""spm"","""",""1010382"",""38957"",""123283"",""MPZ99-9"","""","""",""right"",""femur"","""",""1"",""table"","""",""minimum craniocaudal width of the shaft"",""Tastavinsaurus sanzi"",""species"",""138440"","""",""Tastavinsaurus sanzi"",""species"",""138440"",""121.4"",""119.5"",""39481""";
"83469,""spm"","""",""1010382"",""38957"",""123283"",""MPZ99-9"","""","""",""left"",""femur"","""",""1"",""table"","""",""minimum craniocaudal width of the shaft"",""Tastavinsaurus sanzi"",""species"",""138440"","""",""Tastavinsaurus sanzi"",""species"",""138440"",""121.4"",""119.5"",""39481""";
"83470,""spm"","""",""1010382"",""38957"",""123283"",""CT-19"","""","""",""left"",""tibia"","""",""1"",""table"","""",""minimum craniocaudal width of the shaft"",""Tastavinsaurus sanzi"",""species"",""138440"","""",""Tastavinsaurus sanzi"",""species"",""138440"",""121.4"",""119.5"",""39481""";
"83471,""spm"","""",""1010382"",""38957"",""123283"",""MPZ99-9"","""","""",""right"",""tibia"","""",""1"",""table"","""",""minimum craniocaudal width of the shaft"",""Tastavinsaurus sanzi"",""species"",""138440"","""",""Tastavinsaurus sanzi"",""species"",""138440"",""121.4"",""119.5"",""39481""";
"83472,""spm"","""",""1010382"",""38957"",""123283"",""CT-19"","""","""",""left"",""fibula"","""",""1"",""table"","""",""shaft min. craniocaudal width"",""Tastavinsaurus sanzi"",""species"",""138440"","""",""Tastavinsaurus sanzi"",""species"",""138440"",""121.4"",""119.5"",""39481""";
"83473,""spm"","""",""1010382"",""38957"",""123283"",""MPZ99-9"","""","""",""right"",""fibula"","""",""1"",""table"","""",""shaft min. craniocaudal width"",""Tastavinsaurus sanzi"",""species"",""138440"","""",""Tastavinsaurus sanzi"",""species"",""138440"",""121.4"",""119.5"",""39481""";
"83474,""spm"","""",""382508"",""18089"",""36366"",""ZH-1"",""holotype"","""",""right"",""scapula"","""",""1"",""table"","""","""",""Aragosaurus ischiaticus"",""species"",""70637"","""",""Aragosaurus ischiaticus"",""species"",""70637"",""154.8"",""145"",""7241""";
"83475,""spm"","""",""382508"",""18089"",""36366"",""ZH-2"",""holotype"","""",""left"",""femur"","""",""1"",""table"","""","""",""Aragosaurus ischiaticus"",""species"",""70637"","""",""Aragosaurus ischiaticus"",""species"",""70637"",""154.8"",""145"",""7241""";
"83476,""spm"","""",""464981"",""12061"",""45941"","""",""holotype"","""","""",""skull"","""",""1"",""text"","""","""",""Atlasaurus imelakei"",""species"",""63744"","""",""Atlasaurus imelakei"",""species"",""63744"",""168.2"",""165.3"",""12237""";
"83477,""spm"","""",""464981"",""12061"",""45941"","""",""holotype"","""","""",""humerus"","""",""1"",""table"","""","""",""Atlasaurus imelakei"",""species"",""63744"","""",""Atlasaurus imelakei"",""species"",""63744"",""168.2"",""165.3"",""12237""";
"83478,""spm"","""",""464981"",""12061"",""45941"","""",""holotype"","""","""",""femur"","""",""1"",""table"","""","""",""Atlasaurus imelakei"",""species"",""63744"","""",""Atlasaurus imelakei"",""species"",""63744"",""168.2"",""165.3"",""12237""";
"83479,""spm"","""",""464981"",""12061"",""45941"","""",""holotype"","""","""",""ulna"","""",""1"",""table"","""","""",""Atlasaurus imelakei"",""species"",""63744"","""",""Atlasaurus imelakei"",""species"",""63744"",""168.2"",""165.3"",""12237""";
"83480,""spm"","""",""464981"",""12061"",""45941"","""",""holotype"","""","""",""radius"","""",""1"",""table"","""","""",""Atlasaurus imelakei"",""species"",""63744"","""",""Atlasaurus imelakei"",""species"",""63744"",""168.2"",""165.3"",""12237""";
"83481,""spm"","""",""464981"",""12061"",""45941"","""",""holotype"","""","""",""tibia"","""",""1"",""table"","""","""",""Atlasaurus imelakei"",""species"",""63744"","""",""Atlasaurus imelakei"",""species"",""63744"",""168.2"",""165.3"",""12237""";
"83482,""spm"","""",""464981"",""12061"",""45941"","""",""holotype"","""","""",""fibula"","""",""1"",""table"","""","""",""Atlasaurus imelakei"",""species"",""63744"","""",""Atlasaurus imelakei"",""species"",""63744"",""168.2"",""165.3"",""12237""";
"83488,""spm"","""",""292785"",""0"",""27876"",""OUMNH  J13605"",""holotype"","""",""left"",""scapula"","""",""1"",""table"","""",""Minimum  width  of  scapular blade"",""Cetiosaurus oxoniensis"",""species"",""66688"","""",""Cetiosaurus oxoniensis"",""species"",""66688"",""168.6"",""168.2"",""14456""";
"83489,""spm"","""",""292785"",""0"",""27876"",""OUMNH  J13606"",""holotype"","""",""right"",""scapula"","""",""1"",""table"","""",""Minimum  width  of  scapular blade"",""Cetiosaurus oxoniensis"",""species"",""66688"","""",""Cetiosaurus oxoniensis"",""species"",""66688"",""168.6"",""168.2"",""14456""";
"83490,""spm"","""",""292785"",""0"",""27876"",""OUMNH  J13609"",""holotype"","""",""left"",""coracoid"","""",""1"",""table"","""","""",""Cetiosaurus oxoniensis"",""species"",""66688"","""",""Cetiosaurus oxoniensis"",""species"",""66688"",""168.6"",""168.2"",""14456""";
"83491,""spm"","""",""292785"",""0"",""27876"",""OUMNH  J13610"",""holotype"","""",""right"",""coracoid"","""",""1"",""table"","""","""",""Cetiosaurus oxoniensis"",""species"",""66688"","""",""Cetiosaurus oxoniensis"",""species"",""66688"",""168.6"",""168.2"",""14456""";
"83492,""spm"","""",""292785"",""0"",""27876"",""OUMNH  J13612"",""holotype"","""",""left"",""humerus"","""",""1"",""table"","""",""Minimum  shaft circumference"",""Cetiosaurus oxoniensis"",""species"",""66688"","""",""Cetiosaurus oxoniensis"",""species"",""66688"",""168.6"",""168.2"",""14456""";
"83493,""spm"","""",""292785"",""0"",""27876"",""OUMNH  J13613"",""holotype"","""",""right"",""humerus"","""",""1"",""table"","""",""Minimum  shaft circumference"",""Cetiosaurus oxoniensis"",""species"",""66688"","""",""Cetiosaurus oxoniensis"",""species"",""66688"",""168.6"",""168.2"",""14456""";
"83494,""spm"","""",""292785"",""0"",""27876"",""OUMNH  J13611"",""holotype"","""",""right"",""ulna"","""",""1"",""table"","""",""Minimum  shaft circumference"",""Cetiosaurus oxoniensis"",""species"",""66688"","""",""Cetiosaurus oxoniensis"",""species"",""66688"",""168.6"",""168.2"",""14456""";
"83495,""spm"","""",""292785"",""0"",""27876"",""OUMNH  J13615"",""holotype"","""",""right"",""femur"","""",""1"",""table"","""",""Minimum  shaft circumference"",""Cetiosaurus oxoniensis"",""species"",""66688"","""",""Cetiosaurus oxoniensis"",""species"",""66688"",""168.6"",""168.2"",""14456""";
"83496,""spm"","""",""292785"",""0"",""27876"",""OUMNH  J13621"",""holotype"","""",""right"",""tibia"","""",""1"",""table"","""",""Minimum  shaft circumference"",""Cetiosaurus oxoniensis"",""species"",""66688"","""",""Cetiosaurus oxoniensis"",""species"",""66688"",""168.6"",""168.2"",""14456""";
"83497,""spm"","""",""292785"",""0"",""27876"",""OUMNH  J13619"",""holotype"","""",""right"",""fibula"","""",""1"",""table"","""",""Minimum  shaft circumference"",""Cetiosaurus oxoniensis"",""species"",""66688"","""",""Cetiosaurus oxoniensis"",""species"",""66688"",""168.6"",""168.2"",""14456""";
"83505,""spm"",""N"","""",""0"","""","""",""holotype"","""",""right"",""scapula"","""",""1"",""text"","""","""",""Klamelisaurus gobiensis"",""species"",""66627"","""",""Klamelisaurus gobiensis"",""species"",""66627"","""","""",""13896""";
"83506,""spm"",""N"","""",""0"","""","""",""holotype"","""",""right"",""coracoid"","""",""1"",""text"","""","""",""Klamelisaurus gobiensis"",""species"",""66627"","""",""Klamelisaurus gobiensis"",""species"",""66627"","""","""",""13896""";
"83507,""spm"",""N"","""",""0"","""","""",""holotype"","""",""right"",""humerus"","""",""1"",""text"","""","""",""Klamelisaurus gobiensis"",""species"",""66627"","""",""Klamelisaurus gobiensis"",""species"",""66627"","""","""",""13896""";
"83508,""spm"",""N"","""",""0"","""","""",""holotype"","""",""right"",""ulna"","""",""1"",""text"","""","""",""Klamelisaurus gobiensis"",""species"",""66627"","""",""Klamelisaurus gobiensis"",""species"",""66627"","""","""",""13896""";
"83509,""spm"",""N"","""",""0"","""","""",""holotype"","""",""right"",""radius"","""",""1"",""text"","""","""",""Klamelisaurus gobiensis"",""species"",""66627"","""",""Klamelisaurus gobiensis"",""species"",""66627"","""","""",""13896""";
"83510,""spm"",""N"","""",""0"","""","""",""holotype"","""",""right"",""femur"","""",""1"",""text"","""","""",""Klamelisaurus gobiensis"",""species"",""66627"","""",""Klamelisaurus gobiensis"",""species"",""66627"","""","""",""13896""";
"83511,""spm"",""N"","""",""0"","""","""",""holotype"","""",""right"",""tibia"","""",""1"",""text"","""","""",""Klamelisaurus gobiensis"",""species"",""66627"","""",""Klamelisaurus gobiensis"",""species"",""66627"","""","""",""13896""";
"83512,""spm"",""N"","""",""0"","""","""",""holotype"","""",""right"",""fibula"","""",""1"",""text"","""","""",""Klamelisaurus gobiensis"",""species"",""66627"","""",""Klamelisaurus gobiensis"",""species"",""66627"","""","""",""13896""";
"83516,""spm"","""",""409343"",""0"",""39423"",""Lo-7"",""holotype"","""","""",""humerus"","""",""1"",""table"","""","""",""Losillasaurus giganteus"",""species"",""57685"","""",""Losillasaurus giganteus"",""species"",""57685"",""154.8"",""145"",""10657""";
"83517,""spm"","""",""409343"",""0"",""39423"",""Lo-8"",""holotype"","""","""",""ulna"","""",""1"",""table"","""",""Minimum transverse diameter of shaft"",""Losillasaurus giganteus"",""species"",""57685"","""",""Losillasaurus giganteus"",""species"",""57685"",""154.8"",""145"",""10657""";
"83518,""spm"","""",""409343"",""0"",""39423"",""Lo-9"",""holotype"","""","""",""radius"","""",""1"",""table"","""",""Minimum transverse diameter of shaft"",""Losillasaurus giganteus"",""species"",""57685"","""",""Losillasaurus giganteus"",""species"",""57685"",""154.8"",""145"",""10657""";
"83545,""spm"","""",""502071"",""25783"",""51034"",""MDS-RVII,16"",""holotype"","""",""left"",""femur"","""",""1"","""","""","""",""Demandasaurus darwini"",""species"",""202270"","""",""Demandasaurus darwini"",""species"",""202270"",""125.77"",""119.5"",""37926""";
"83546,""spm"","""",""405116"",""19032"",""38866"",""ANS 21122"",""holotype"","""",""right"",""scapula"","""",""1"",""text"","""","""",""Suuwassea emilieae"",""species"",""57364"","""",""Suuwassea emilieae"",""species"",""57364"",""152.2"",""149.2"",""42597""";
"83547,""spm"","""",""405116"",""19032"",""38866"",""ANS 21122"",""holotype"","""",""right"",""coracoid"","""",""1"",""text"","""","""",""Suuwassea emilieae"",""species"",""57364"","""",""Suuwassea emilieae"",""species"",""57364"",""152.2"",""149.2"",""42597""";
"83548,""spm"","""",""561805"",""0"",""58572"",""MACN-N 41"",""holotype"","""",""right"",""femur"","""",""1"",""text"","""","""",""Rayososaurus agrioensis"",""species"",""71351"","""",""Rayososaurus agrioensis"",""species"",""71351"",""100.5"",""93.9"",""37022""";
"83549,""spm"","""",""561805"",""0"",""58572"",""MACN-N 41"",""holotype"","""",""right"",""fibula"","""",""1"",""text"","""","""",""Rayososaurus agrioensis"",""species"",""71351"","""",""Rayososaurus agrioensis"",""species"",""71351"",""100.5"",""93.9"",""37022""";
"83550,""spm"","""",""561805"",""0"",""58572"",""MACN-N 41"",""holotype"","""",""both"",""scapula"","""",""1"",""text"","""","""",""Rayososaurus agrioensis"",""species"",""71351"","""",""Rayososaurus agrioensis"",""species"",""71351"",""100.5"",""93.9"",""37022""";
"83650,""spm"",""N"","""",""0"","""","""","""","""","""",""humerus"","""",""1"",""table"","""","""",""Dicraeosaurus hansemanni"",""species"",""65941"","""",""Dicraeosaurus hansemanni"",""species"",""65941"","""","""",""12606""";
"83651,""spm"",""N"","""",""0"","""","""","""","""","""",""radius"","""",""1"",""table"","""","""",""Dicraeosaurus hansemanni"",""species"",""65941"","""",""Dicraeosaurus hansemanni"",""species"",""65941"","""","""",""12606""";
"83652,""spm"",""N"","""",""0"","""","""","""","""","""",""femur"","""",""1"",""table"","""","""",""Dicraeosaurus hansemanni"",""species"",""65941"","""",""Dicraeosaurus hansemanni"",""species"",""65941"","""","""",""12606""";
"83653,""spm"",""N"","""",""0"","""","""","""","""","""",""tibia"","""",""1"",""table"","""","""",""Dicraeosaurus hansemanni"",""species"",""65941"","""",""Dicraeosaurus hansemanni"",""species"",""65941"","""","""",""12606""";
"83654,""spm"","""",""493036"",""12692"",""49792"",""IVPP V946"","""","""","""",""femur"","""",""1"",""table"","""","""",""Mamenchisaurus hochuanensis"",""species"",""56463"","""",""Mamenchisaurus hochuanensis"",""species"",""56463"",""161.5"",""145"",""15609""";
"83655,""spm"","""",""493036"",""12692"",""49792"",""IVPP V946"","""","""","""",""tibia"","""",""1"",""table"","""","""",""Mamenchisaurus hochuanensis"",""species"",""56463"","""",""Mamenchisaurus hochuanensis"",""species"",""56463"",""161.5"",""145"",""15609""";
"83656,""spm"","""",""564597"",""0"",""58974"",""ZDM 0083"",""holotype"","""","""",""humerus"","""",""1"",""text"","""","""",""Mamenchisaurus youngi"",""species"",""71838"","""",""Mamenchisaurus youngi"",""species"",""71838"",""168.2"",""161.5"",""16721""";
"83657,""spm"","""",""564597"",""0"",""58974"",""ZDM 0083"",""holotype"","""","""",""radius"","""",""1"",""text"","""","""",""Mamenchisaurus youngi"",""species"",""71838"","""",""Mamenchisaurus youngi"",""species"",""71838"",""168.2"",""161.5"",""16721""";
"83658,""spm"","""",""564597"",""0"",""58974"",""ZDM 0083"",""holotype"","""","""",""femur"","""",""1"",""text"","""","""",""Mamenchisaurus youngi"",""species"",""71838"","""",""Mamenchisaurus youngi"",""species"",""71838"",""168.2"",""161.5"",""16721""";
"83659,""spm"","""",""564597"",""0"",""58974"",""ZDM 0083"",""holotype"","""","""",""tibia"","""",""1"",""text"","""","""",""Mamenchisaurus youngi"",""species"",""71838"","""",""Mamenchisaurus youngi"",""species"",""71838"",""168.2"",""161.5"",""16721""";
"83660,""spm"","""",""475141"",""0"",""47138"",""NISP"",""holotype"","""","""",""femur"","""",""1"",""text"","""","""",""Dicraeosaurus sattleri"",""species"",""65942"","""",""Dicraeosaurus sattleri"",""species"",""65942"",""149.2"",""145"",""12585""";
"83661,""spm"","""",""475141"",""0"",""47138"",""NISP"",""holotype"","""","""",""tibia"","""",""1"",""text"","""","""",""Dicraeosaurus sattleri"",""species"",""65942"","""",""Dicraeosaurus sattleri"",""species"",""65942"",""149.2"",""145"",""12585""";
"83662,""spm"","""",""408085"",""0"",""28366"",""CM 572"",""holotype"","""","""",""femur"","""",""1"",""table"","""","""",""Haplocanthus priscus"",""species"",""57370"",""recombined as"",""Haplocanthosaurus priscus"",""species"",""57370"",""152.2"",""146.3"",""13877""";
"83663,""spm"","""",""408085"",""0"",""28366"",""CM 572"",""holotype"","""","""",""tibia"","""",""1"",""table"","""","""",""Haplocanthus priscus"",""species"",""57370"",""recombined as"",""Haplocanthosaurus priscus"",""species"",""57370"",""152.2"",""146.3"",""13877""";
"83664,""spm"","""",""481951"",""34163"",""48155"","""",""holotype"","""","""",""femur"","""",""1"",""table"","""","""",""Haplocanthosaurus delfsi"",""species"",""66582"","""",""Haplocanthosaurus delfsi"",""species"",""66582"",""152.2"",""146.3"",""13877""";
"83665,""spm"","""",""481951"",""34163"",""48155"","""",""holotype"","""","""",""tibia"","""",""1"",""table"","""","""",""Haplocanthosaurus delfsi"",""species"",""66582"","""",""Haplocanthosaurus delfsi"",""species"",""66582"",""152.2"",""146.3"",""13877""";
"83666,""spm"","""",""408913"",""0"",""13341"",""YPM 1860"",""holotype"","""","""",""femur"","""",""1"",""table"","""","""",""Apatosaurus ajax"",""species"",""52958"","""",""Apatosaurus ajax"",""species"",""52958"",""154.8"",""145"",""7811""";
"83667,""spm"","""",""408913"",""0"",""13341"",""YPM 1860"",""holotype"","""","""",""tibia"","""",""1"",""table"","""","""",""Apatosaurus ajax"",""species"",""52958"","""",""Apatosaurus ajax"",""species"",""52958"",""154.8"",""145"",""7811""";
"83668,""spm"","""",""491455"",""0"",""49631"",""SDSM 25210"","""","""","""",""femur"","""",""1"","""","""","""",""Barosaurus lentus"",""species"",""54166"","""",""Barosaurus lentus"",""species"",""54166"",""154.8"",""145"",""12250""";
"83669,""spm"","""",""491455"",""0"",""49631"",""SDSM 25210"","""","""","""",""tibia"","""",""1"","""","""","""",""Barosaurus lentus"",""species"",""54166"","""",""Barosaurus lentus"",""species"",""54166"",""154.8"",""145"",""12250""";
"83670,""spm"","""",""516483"",""13279"",""28366"","""",""holotype"","""","""",""femur"","""",""1"","""","""","""",""Eobrontosaurus yahnahpin"",""species"",""66835"",""recombined as"",""Brontosaurus yahnahpin"",""species"",""66834"",""152.2"",""146.3"",""14073""";
"83671,""spm"","""",""516483"",""13279"",""28366"","""",""holotype"","""","""",""tibia"","""",""1"","""","""","""",""Eobrontosaurus yahnahpin"",""species"",""66835"",""recombined as"",""Brontosaurus yahnahpin"",""species"",""66834"",""152.2"",""146.3"",""14073""";
"83672,""spm"","""",""256216"",""0"",""24864"",""IVPP V790"",""holotype"","""","""",""femur"","""",""1"","""","""","""",""Mamenchisaurus constructus"",""species"",""56460"","""",""Mamenchisaurus constructus"",""species"",""56460"",""154.8"",""145"",""24276""";
"83673,""spm"","""",""256216"",""0"",""24864"",""IVPP V790"",""holotype"","""","""",""tibia"","""",""1"","""","""","""",""Mamenchisaurus constructus"",""species"",""56460"","""",""Mamenchisaurus constructus"",""species"",""56460"",""154.8"",""145"",""24276""";
"83674,""spm"",""N"","""",""0"","""",""CV 00734"",""holotype"","""","""",""femur"","""",""1"",""text"","""","""",""Mamenchisaurus jingyanensis"",""species"",""56464"","""",""Mamenchisaurus jingyanensis"",""species"",""56464"","""","""",""9731""";
"83675,""spm"",""N"","""",""0"","""",""CV 00734"",""holotype"","""","""",""tibia"","""",""1"",""text"","""","""",""Mamenchisaurus jingyanensis"",""species"",""56464"","""",""Mamenchisaurus jingyanensis"",""species"",""56464"","""","""",""9731""";
"83676,""spm"","""",""475143"",""0"",""47140"",""MB.R.2672"",""paratype"","""",""right"",""humerus"","""",""1"",""table"","""",""Shaft minimum width mediolateral"",""Barosaurus africanus"",""species"",""64728"",""recombined as"",""Tornieria africana"",""species"",""64726"",""149.2"",""145"",""18832""";
"83677,""spm"","""",""475143"",""0"",""47140"",""SMNS 12140"",""holotype"","""",""right"",""femur"","""",""1"",""table"","""",""Shaft minimum width mediolateral"",""Barosaurus africanus"",""species"",""64728"",""recombined as"",""Tornieria africana"",""species"",""64726"",""149.2"",""145"",""18832""";
"83678,""spm"","""",""475143"",""0"",""47140"",""SMNS 12142"",""holotype"","""",""right"",""fibula"","""",""1"",""table"","""",""Shaft minimum width mediolateral"",""Barosaurus africanus"",""species"",""64728"",""recombined as"",""Tornieria africana"",""species"",""64726"",""149.2"",""145"",""18832""";
"83679,""spm"","""",""475143"",""0"",""47140"",""MB.R.2673"",""paratype"","""",""right"",""humerus"","""",""1"",""table"","""",""Shaft minimum width mediolateral"",""Barosaurus africanus"",""species"",""64728"",""recombined as"",""Tornieria africana"",""species"",""64726"",""149.2"",""145"",""18832""";
"83680,""spm"","""",""475143"",""0"",""47140"",""MB.R.2686"",""paratype"","""",""right"",""ulna"","""",""1"",""table"","""",""Shaft minimum width mediolateral"",""Barosaurus africanus"",""species"",""64728"",""recombined as"",""Tornieria africana"",""species"",""64726"",""149.2"",""145"",""18832""";
"83681,""spm"","""",""475143"",""0"",""47140"",""MB.R.2669"",""paratype"","""",""left"",""femur"","""",""1"",""table"","""",""Shaft minimum width mediolateral"",""Barosaurus africanus"",""species"",""64728"",""recombined as"",""Tornieria africana"",""species"",""64726"",""149.2"",""145"",""18832""";
"83682,""spm"","""",""475143"",""0"",""47140"",""MB.R.2672"",""holotype"","""",""left"",""tibia"","""",""1"",""table"","""",""Shaft minimum width mediolateral"",""Barosaurus africanus"",""species"",""64728"",""recombined as"",""Tornieria africana"",""species"",""64726"",""149.2"",""145"",""18832""";
"83703,""spm"","""",""372542"",""0"",""35268"","""","""","""",""left"",""scapula"","""",""1"",""picture"","""","""",""Barapasaurus tagorei"",""species"",""55547"","""",""Barapasaurus tagorei"",""species"",""55547"",""199.5"",""184.2"",""32704""";
"83704,""spm"","""",""372542"",""0"",""35268"","""","""","""",""left"",""coracoid"","""",""1"",""picture"","""","""",""Barapasaurus tagorei"",""species"",""55547"","""",""Barapasaurus tagorei"",""species"",""55547"",""199.5"",""184.2"",""32704""";
"83954,""spm"","""",""296444"",""0"",""28360"",""USNM 2364"",""holotype"","""","""",""scapula"","""",""1"",""table"","""","""",""Dystrophaeus viaemalae"",""species"",""52875"","""",""Dystrophaeus viaemalae"",""species"",""52875"",""157.9"",""154.8"",""7794""";
"83955,""spm"","""",""296444"",""0"",""28360"",""USNM 2364"",""holotype"","""","""",""? ulna"","""",""1"",""table"","""","""",""Dystrophaeus viaemalae"",""species"",""52875"","""",""Dystrophaeus viaemalae"",""species"",""52875"",""157.9"",""154.8"",""7794""";
"83956,""spm"","""",""487267"",""0"",""48871"",""CH4-1"",""holotype"","""",""left"",""femur"","""",""1"",""text"","""","""",""Isanosaurus attavipachi"",""species"",""65148"","""",""Isanosaurus attavipachi"",""species"",""65148"",""192.9"",""174.7"",""13033""";
"83957,""spm"","""",""637751"",""19976"",""68621"",""ISI R257/36"",""holotype"","""",""left"",""scapula"","""",""1"",""table"","""","""",""Lamplughsaura dharmaramensis"",""species"",""110384"","""",""Lamplughsaura dharmaramensis"",""species"",""110384"",""201.4"",""192.9"",""25610""";
"83958,""spm"","""",""637751"",""19976"",""68621"",""ISI R257/37"",""holotype"","""",""right"",""scapula"","""",""1"",""table"","""","""",""Lamplughsaura dharmaramensis"",""species"",""110384"","""",""Lamplughsaura dharmaramensis"",""species"",""110384"",""201.4"",""192.9"",""25610""";
"83959,""spm"","""",""637751"",""19976"",""68621"",""ISI R257/39"",""holotype"","""",""right"",""humerus"","""",""1"",""table"","""","""",""Lamplughsaura dharmaramensis"",""species"",""110384"","""",""Lamplughsaura dharmaramensis"",""species"",""110384"",""201.4"",""192.9"",""25610""";
"83960,""spm"","""",""637751"",""19976"",""68621"",""ISI R257/41"",""holotype"","""",""left"",""ulna"","""",""1"",""table"","""","""",""Lamplughsaura dharmaramensis"",""species"",""110384"","""",""Lamplughsaura dharmaramensis"",""species"",""110384"",""201.4"",""192.9"",""25610""";
"83961,""spm"","""",""637751"",""19976"",""68621"",""ISI R257/44"",""holotype"","""",""right"",""femur"","""",""1"",""table"","""","""",""Lamplughsaura dharmaramensis"",""species"",""110384"","""",""Lamplughsaura dharmaramensis"",""species"",""110384"",""201.4"",""192.9"",""25610""";
"83962,""spm"","""",""637751"",""19976"",""68621"",""ISI R257/46"",""holotype"","""",""left"",""tibia"","""",""1"",""table"","""","""",""Lamplughsaura dharmaramensis"",""species"",""110384"","""",""Lamplughsaura dharmaramensis"",""species"",""110384"",""201.4"",""192.9"",""25610""";
"83963,""spm"","""",""637751"",""19976"",""68621"",""ISI R257/47"",""holotype"","""",""left"",""fibula"","""",""1"",""table"","""","""",""Lamplughsaura dharmaramensis"",""species"",""110384"","""",""Lamplughsaura dharmaramensis"",""species"",""110384"",""201.4"",""192.9"",""25610""";
"83965,""spm"","""",""706065"",""0"",""75760"",""ISI R261/1"",""paratype"","""",""right"",""humerus"","""",""1"",""table"","""","""",""Lamplughsaura dharmaramensis"",""species"",""110384"","""",""Lamplughsaura dharmaramensis"",""species"",""110384"",""201.4"",""192.9"",""25610""";
"83966,""spm"","""",""706065"",""0"",""75760"",""ISI R261/3"",""paratype"","""",""left"",""radius"","""",""1"",""table"","""","""",""Lamplughsaura dharmaramensis"",""species"",""110384"","""",""Lamplughsaura dharmaramensis"",""species"",""110384"",""201.4"",""192.9"",""25610""";
"83967,""spm"","""",""706064"",""0"",""75759"",""ISI R258/28"",""paratype"","""",""left"",""femur"","""",""1"",""table"","""","""",""Lamplughsaura dharmaramensis"",""species"",""110384"","""",""Lamplughsaura dharmaramensis"",""species"",""110384"",""201.4"",""192.9"",""25610""";
"83977,""spm"","""",""500000"",""0"",""50766"","""",""holotype"","""","""",""tibia"","""",""1"",""text"","""","""",""Ohmdenosaurus liasicus"",""species"",""65914"","""",""Ohmdenosaurus liasicus"",""species"",""65914"",""182.9"",""180.4"",""13560""";
"97680,""spm"","""",""384369"",""0"",""36576"",""FMNH 7163"","""","""","""",""femur"","""",""1"",""table"","""",""midshaft breadth"",""Brontosaurus excelsus"",""species"",""52982"","""",""Brontosaurus excelsus"",""species"",""52982"",""154.8"",""145"",""9789""";
"112586,""spm"","""",""487286"",""27456"",""48879"",""unknown (Musée du Boulogne)"","""","""","""",""proximal femur"","""",""1"",""text"","""","""",""Sauropoda"",""unranked clade"",""96955"","""",""Sauropoda"",""unranked clade"",""38653"",""149.2"",""145"",""46682""";
"153479,""spm"","""",""1310624"",""0"",""175912"",""UNCUYO-LD 301"",""holotype"","""",""right"",""humerus"","""",""1"",""table"","""","""",""Notocolossus gonzalezparejasi"",""species"",""334674"","""",""Notocolossus gonzalezparejasi"",""species"",""334674"",""89.8"",""83.6"",""57661""";
"153480,""spm"","""",""1310625"",""0"",""175913"",""UNCUYO-LD 302"","""","""",""right"",""metatarsal I"","""",""1"",""table"","""","""",""Notocolossus gonzalezparejasi"",""species"",""334674"","""",""Notocolossus gonzalezparejasi"",""species"",""334674"",""89.8"",""83.6"",""57661""";
"153481,""spm"","""",""1310625"",""0"",""175913"",""UNCUYO-LD 302"","""","""",""right"",""metatarsal II"","""",""1"",""table"","""","""",""Notocolossus gonzalezparejasi"",""species"",""334674"","""",""Notocolossus gonzalezparejasi"",""species"",""334674"",""89.8"",""83.6"",""57661""";
"153482,""spm"","""",""1310625"",""0"",""175913"",""UNCUYO-LD 302"","""","""",""right"",""metatarsal III"","""",""1"",""table"","""","""",""Notocolossus gonzalezparejasi"",""species"",""334674"","""",""Notocolossus gonzalezparejasi"",""species"",""334674"",""89.8"",""83.6"",""57661""";
"153483,""spm"","""",""1310625"",""0"",""175913"",""UNCUYO-LD 302"","""","""",""right"",""metatarsal IV"","""",""1"",""table"","""","""",""Notocolossus gonzalezparejasi"",""species"",""334674"","""",""Notocolossus gonzalezparejasi"",""species"",""334674"",""89.8"",""83.6"",""57661""";
"153484,""spm"","""",""1310625"",""0"",""175913"",""UNCUYO-LD 302"","""","""",""right"",""metatarsal V"","""",""1"",""table"","""","""",""Notocolossus gonzalezparejasi"",""species"",""334674"","""",""Notocolossus gonzalezparejasi"",""species"",""334674"",""89.8"",""83.6"",""57661""";
