"x","y"
100,479.821958456973
100,478.635014836795
100,477.448071216617
100,473.887240356083
100,472.700296735905
100,470.326409495549
100,469.139465875371
100,465.578635014837
100,464.391691394659
100,463.204747774481
100,462.017804154303
100,460.830860534125
100,459.643916913947
100,456.083086053412
100,454.896142433234
100,453.709198813056
100,447.774480712166
100,446.587537091988
101.238390092879,479.821958456973
101.238390092879,478.635014836795
101.238390092879,477.448071216617
101.238390092879,476.261127596439
101.238390092879,475.074183976261
101.238390092879,473.887240356083
101.238390092879,472.700296735905
101.238390092879,470.326409495549
101.238390092879,469.139465875371
101.238390092879,467.952522255193
101.238390092879,466.765578635015
101.238390092879,465.578635014837
101.238390092879,464.391691394659
101.238390092879,463.204747774481
101.238390092879,460.830860534125
101.238390092879,459.643916913947
101.238390092879,458.456973293769
101.238390092879,457.27002967359
101.238390092879,456.083086053412
101.238390092879,454.896142433234
101.238390092879,447.774480712166
101.238390092879,446.587537091988
102.476780185759,478.635014836795
102.476780185759,477.448071216617
102.476780185759,476.261127596439
102.476780185759,475.074183976261
102.476780185759,473.887240356083
102.476780185759,469.139465875371
102.476780185759,467.952522255193
102.476780185759,466.765578635015
102.476780185759,465.578635014837
102.476780185759,464.391691394659
102.476780185759,459.643916913947
102.476780185759,458.456973293769
102.476780185759,457.27002967359
102.476780185759,456.083086053412
102.476780185759,448.961424332344
102.476780185759,447.774480712166
102.476780185759,446.587537091988
103.715170278638,447.774480712166
103.715170278638,446.587537091988
104.953560371517,447.774480712166
104.953560371517,446.587537091988
106.191950464396,447.774480712166
106.191950464396,446.587537091988
107.430340557276,447.774480712166
107.430340557276,446.587537091988
107.430340557276,295.845697329377
107.430340557276,294.658753709199
107.430340557276,293.471810089021
107.430340557276,286.350148367953
107.430340557276,285.163204747774
107.430340557276,283.976261127596
107.430340557276,282.789317507418
107.430340557276,269.73293768546
107.430340557276,268.545994065282
108.668730650155,447.774480712166
108.668730650155,446.587537091988
108.668730650155,295.845697329377
108.668730650155,294.658753709199
108.668730650155,293.471810089021
108.668730650155,286.350148367953
108.668730650155,285.163204747774
108.668730650155,283.976261127596
108.668730650155,282.789317507418
108.668730650155,269.73293768546
108.668730650155,268.545994065282
109.907120743034,448.961424332344
109.907120743034,447.774480712166
109.907120743034,446.587537091988
109.907120743034,295.845697329377
109.907120743034,294.658753709199
109.907120743034,293.471810089021
109.907120743034,292.284866468843
109.907120743034,286.350148367953
109.907120743034,285.163204747774
109.907120743034,283.976261127596
109.907120743034,282.789317507418
109.907120743034,269.73293768546
109.907120743034,268.545994065282
111.145510835913,447.774480712166
111.145510835913,446.587537091988
111.145510835913,295.845697329377
111.145510835913,294.658753709199
111.145510835913,293.471810089021
111.145510835913,292.284866468843
111.145510835913,286.350148367953
111.145510835913,285.163204747774
111.145510835913,283.976261127596
111.145510835913,282.789317507418
111.145510835913,279.228486646884
111.145510835913,278.041543026706
111.145510835913,276.854599406528
111.145510835913,275.66765578635
111.145510835913,274.480712166172
111.145510835913,269.73293768546
111.145510835913,268.545994065282
111.145510835913,263.79821958457
111.145510835913,262.611275964392
111.145510835913,261.424332344214
111.145510835913,260.237388724036
111.145510835913,254.302670623145
111.145510835913,253.115727002967
111.145510835913,251.928783382789
111.145510835913,250.741839762611
112.383900928793,447.774480712166
112.383900928793,446.587537091988
112.383900928793,295.845697329377
112.383900928793,294.658753709199
112.383900928793,293.471810089021
112.383900928793,292.284866468843
112.383900928793,287.537091988131
112.383900928793,286.350148367953
112.383900928793,285.163204747774
112.383900928793,283.976261127596
112.383900928793,282.789317507418
112.383900928793,280.415430267062
112.383900928793,279.228486646884
112.383900928793,278.041543026706
112.383900928793,276.854599406528
112.383900928793,275.66765578635
112.383900928793,274.480712166172
112.383900928793,273.293768545994
112.383900928793,269.73293768546
112.383900928793,268.545994065282
112.383900928793,264.985163204748
112.383900928793,263.79821958457
112.383900928793,262.611275964392
112.383900928793,261.424332344214
112.383900928793,260.237388724036
112.383900928793,259.050445103858
112.383900928793,255.489614243323
112.383900928793,254.302670623145
112.383900928793,253.115727002967
112.383900928793,251.928783382789
112.383900928793,250.741839762611
112.383900928793,249.554896142433
113.622291021672,447.774480712166
113.622291021672,446.587537091988
113.622291021672,295.845697329377
113.622291021672,294.658753709199
113.622291021672,293.471810089021
113.622291021672,292.284866468843
113.622291021672,291.097922848665
113.622291021672,287.537091988131
113.622291021672,286.350148367953
113.622291021672,285.163204747774
113.622291021672,283.976261127596
113.622291021672,282.789317507418
113.622291021672,280.415430267062
113.622291021672,279.228486646884
113.622291021672,278.041543026706
113.622291021672,276.854599406528
113.622291021672,275.66765578635
113.622291021672,274.480712166172
113.622291021672,273.293768545994
113.622291021672,269.73293768546
113.622291021672,268.545994065282
113.622291021672,266.172106824926
113.622291021672,264.985163204748
113.622291021672,263.79821958457
113.622291021672,261.424332344214
113.622291021672,260.237388724036
113.622291021672,259.050445103858
113.622291021672,257.86350148368
113.622291021672,256.676557863501
113.622291021672,255.489614243323
113.622291021672,254.302670623145
113.622291021672,253.115727002967
113.622291021672,251.928783382789
113.622291021672,250.741839762611
113.622291021672,249.554896142433
113.622291021672,248.367952522255
114.860681114551,447.774480712166
114.860681114551,446.587537091988
114.860681114551,295.845697329377
114.860681114551,294.658753709199
114.860681114551,293.471810089021
114.860681114551,292.284866468843
114.860681114551,291.097922848665
114.860681114551,288.724035608309
114.860681114551,287.537091988131
114.860681114551,286.350148367953
114.860681114551,285.163204747774
114.860681114551,283.976261127596
114.860681114551,282.789317507418
114.860681114551,280.415430267062
114.860681114551,279.228486646884
114.860681114551,274.480712166172
114.860681114551,273.293768545994
114.860681114551,269.73293768546
114.860681114551,268.545994065282
114.860681114551,266.172106824926
114.860681114551,264.985163204748
114.860681114551,260.237388724036
114.860681114551,259.050445103858
114.860681114551,257.86350148368
114.860681114551,256.676557863501
114.860681114551,255.489614243323
114.860681114551,254.302670623145
114.860681114551,250.741839762611
114.860681114551,249.554896142433
114.860681114551,248.367952522255
116.09907120743,447.774480712166
116.09907120743,446.587537091988
116.09907120743,295.845697329377
116.09907120743,294.658753709199
116.09907120743,292.284866468843
116.09907120743,291.097922848665
116.09907120743,288.724035608309
116.09907120743,287.537091988131
116.09907120743,286.350148367953
116.09907120743,285.163204747774
116.09907120743,283.976261127596
116.09907120743,282.789317507418
116.09907120743,279.228486646884
116.09907120743,278.041543026706
116.09907120743,276.854599406528
116.09907120743,275.66765578635
116.09907120743,274.480712166172
116.09907120743,273.293768545994
116.09907120743,269.73293768546
116.09907120743,268.545994065282
116.09907120743,266.172106824926
116.09907120743,264.985163204748
116.09907120743,263.79821958457
116.09907120743,262.611275964392
116.09907120743,261.424332344214
116.09907120743,260.237388724036
116.09907120743,259.050445103858
116.09907120743,257.86350148368
116.09907120743,255.489614243323
116.09907120743,254.302670623145
116.09907120743,253.115727002967
116.09907120743,251.928783382789
116.09907120743,250.741839762611
117.33746130031,448.961424332344
117.33746130031,447.774480712166
117.33746130031,446.587537091988
117.33746130031,295.845697329377
117.33746130031,294.658753709199
117.33746130031,292.284866468843
117.33746130031,291.097922848665
117.33746130031,289.910979228487
117.33746130031,288.724035608309
117.33746130031,287.537091988131
117.33746130031,285.163204747774
117.33746130031,283.976261127596
117.33746130031,282.789317507418
117.33746130031,280.415430267062
117.33746130031,279.228486646884
117.33746130031,278.041543026706
117.33746130031,276.854599406528
117.33746130031,275.66765578635
117.33746130031,274.480712166172
117.33746130031,273.293768545994
117.33746130031,269.73293768546
117.33746130031,268.545994065282
117.33746130031,266.172106824926
117.33746130031,264.985163204748
117.33746130031,263.79821958457
117.33746130031,262.611275964392
117.33746130031,261.424332344214
117.33746130031,260.237388724036
117.33746130031,259.050445103858
117.33746130031,257.86350148368
117.33746130031,255.489614243323
117.33746130031,254.302670623145
117.33746130031,253.115727002967
117.33746130031,251.928783382789
117.33746130031,250.741839762611
117.33746130031,249.554896142433
117.33746130031,248.367952522255
118.575851393189,447.774480712166
118.575851393189,446.587537091988
118.575851393189,295.845697329377
118.575851393189,294.658753709199
118.575851393189,292.284866468843
118.575851393189,291.097922848665
118.575851393189,289.910979228487
118.575851393189,288.724035608309
118.575851393189,287.537091988131
118.575851393189,285.163204747774
118.575851393189,283.976261127596
118.575851393189,282.789317507418
118.575851393189,280.415430267062
118.575851393189,279.228486646884
118.575851393189,274.480712166172
118.575851393189,273.293768545994
118.575851393189,269.73293768546
118.575851393189,268.545994065282
118.575851393189,266.172106824926
118.575851393189,264.985163204748
118.575851393189,259.050445103858
118.575851393189,257.86350148368
118.575851393189,256.676557863501
118.575851393189,255.489614243323
118.575851393189,250.741839762611
118.575851393189,249.554896142433
118.575851393189,248.367952522255
119.814241486068,447.774480712166
119.814241486068,446.587537091988
119.814241486068,295.845697329377
119.814241486068,294.658753709199
119.814241486068,291.097922848665
119.814241486068,289.910979228487
119.814241486068,288.724035608309
119.814241486068,287.537091988131
119.814241486068,285.163204747774
119.814241486068,283.976261127596
119.814241486068,282.789317507418
119.814241486068,280.415430267062
119.814241486068,279.228486646884
119.814241486068,275.66765578635
119.814241486068,274.480712166172
119.814241486068,273.293768545994
119.814241486068,269.73293768546
119.814241486068,268.545994065282
119.814241486068,266.172106824926
119.814241486068,264.985163204748
119.814241486068,263.79821958457
119.814241486068,260.237388724036
119.814241486068,259.050445103858
119.814241486068,257.86350148368
119.814241486068,256.676557863501
119.814241486068,255.489614243323
119.814241486068,254.302670623145
119.814241486068,250.741839762611
119.814241486068,249.554896142433
119.814241486068,248.367952522255
121.052631578947,447.774480712166
121.052631578947,446.587537091988
121.052631578947,295.845697329377
121.052631578947,294.658753709199
121.052631578947,291.097922848665
121.052631578947,289.910979228487
121.052631578947,288.724035608309
121.052631578947,285.163204747774
121.052631578947,283.976261127596
121.052631578947,282.789317507418
121.052631578947,280.415430267062
121.052631578947,279.228486646884
121.052631578947,278.041543026706
121.052631578947,276.854599406528
121.052631578947,275.66765578635
121.052631578947,274.480712166172
121.052631578947,273.293768545994
121.052631578947,272.106824925816
121.052631578947,269.73293768546
121.052631578947,268.545994065282
121.052631578947,266.172106824926
121.052631578947,264.985163204748
121.052631578947,263.79821958457
121.052631578947,262.611275964392
121.052631578947,261.424332344214
121.052631578947,260.237388724036
121.052631578947,259.050445103858
121.052631578947,257.86350148368
121.052631578947,256.676557863501
121.052631578947,255.489614243323
121.052631578947,254.302670623145
121.052631578947,253.115727002967
121.052631578947,251.928783382789
121.052631578947,250.741839762611
121.052631578947,249.554896142433
121.052631578947,248.367952522255
122.291021671827,447.774480712166
122.291021671827,446.587537091988
122.291021671827,295.845697329377
122.291021671827,294.658753709199
122.291021671827,291.097922848665
122.291021671827,289.910979228487
122.291021671827,288.724035608309
122.291021671827,285.163204747774
122.291021671827,283.976261127596
122.291021671827,282.789317507418
122.291021671827,279.228486646884
122.291021671827,278.041543026706
122.291021671827,276.854599406528
122.291021671827,275.66765578635
122.291021671827,273.293768545994
122.291021671827,272.106824925816
122.291021671827,269.73293768546
122.291021671827,268.545994065282
122.291021671827,263.79821958457
122.291021671827,262.611275964392
122.291021671827,261.424332344214
122.291021671827,260.237388724036
122.291021671827,255.489614243323
122.291021671827,254.302670623145
122.291021671827,253.115727002967
122.291021671827,251.928783382789
122.291021671827,250.741839762611
122.291021671827,249.554896142433
123.529411764706,448.961424332344
123.529411764706,447.774480712166
123.529411764706,446.587537091988
124.767801857585,447.774480712166
124.767801857585,446.587537091988
126.006191950464,447.774480712166
126.006191950464,446.587537091988
126.006191950464,108.308605341246
126.006191950464,107.121661721068
127.244582043344,447.774480712166
127.244582043344,446.587537091988
127.244582043344,134.421364985163
127.244582043344,133.234421364985
127.244582043344,109.495548961424
127.244582043344,108.308605341246
127.244582043344,107.121661721068
128.482972136223,447.774480712166
128.482972136223,446.587537091988
128.482972136223,438.278931750742
128.482972136223,437.091988130564
128.482972136223,435.905044510386
128.482972136223,431.157270029674
128.482972136223,429.970326409496
128.482972136223,428.783382789317
128.482972136223,422.848664688427
128.482972136223,421.661721068249
128.482972136223,415.727002967359
128.482972136223,414.540059347181
128.482972136223,413.353115727003
128.482972136223,408.605341246291
128.482972136223,407.418397626113
128.482972136223,406.231454005935
128.482972136223,401.483679525223
128.482972136223,400.296735905045
128.482972136223,399.109792284866
128.482972136223,393.175074183976
128.482972136223,391.988130563798
128.482972136223,390.80118694362
128.482972136223,386.053412462908
128.482972136223,384.86646884273
128.482972136223,383.679525222552
128.482972136223,378.93175074184
128.482972136223,377.744807121662
128.482972136223,376.557863501484
128.482972136223,370.623145400594
128.482972136223,369.436201780415
128.482972136223,363.501483679525
128.482972136223,362.314540059347
128.482972136223,361.127596439169
128.482972136223,356.379821958457
128.482972136223,355.192878338279
128.482972136223,354.005934718101
128.482972136223,349.258160237389
128.482972136223,348.071216617211
128.482972136223,346.884272997033
128.482972136223,340.949554896142
128.482972136223,339.762611275964
128.482972136223,333.827893175074
128.482972136223,332.640949554896
128.482972136223,331.454005934718
128.482972136223,326.706231454006
128.482972136223,325.519287833828
128.482972136223,324.33234421365
128.482972136223,319.584569732938
128.482972136223,318.39762611276
128.482972136223,317.210682492582
128.482972136223,311.275964391691
128.482972136223,310.089020771513
128.482972136223,308.902077151335
128.482972136223,304.154302670623
128.482972136223,302.967359050445
128.482972136223,301.780415430267
128.482972136223,297.032640949555
128.482972136223,295.845697329377
128.482972136223,294.658753709199
128.482972136223,288.724035608309
128.482972136223,287.537091988131
128.482972136223,286.350148367953
128.482972136223,281.60237388724
128.482972136223,280.415430267062
128.482972136223,279.228486646884
128.482972136223,274.480712166172
128.482972136223,273.293768545994
128.482972136223,272.106824925816
128.482972136223,266.172106824926
128.482972136223,264.985163204748
128.482972136223,259.050445103858
128.482972136223,257.86350148368
128.482972136223,256.676557863501
128.482972136223,251.928783382789
128.482972136223,250.741839762611
128.482972136223,249.554896142433
128.482972136223,244.807121661721
128.482972136223,243.620178041543
128.482972136223,242.433234421365
128.482972136223,236.498516320475
128.482972136223,235.311572700297
128.482972136223,229.376854599407
128.482972136223,228.189910979229
128.482972136223,227.00296735905
128.482972136223,222.255192878338
128.482972136223,221.06824925816
128.482972136223,219.881305637982
128.482972136223,213.946587537092
128.482972136223,212.759643916914
128.482972136223,206.824925816024
128.482972136223,205.637982195846
128.482972136223,199.703264094956
128.482972136223,198.516320474777
128.482972136223,197.329376854599
128.482972136223,192.581602373887
128.482972136223,191.394658753709
128.482972136223,190.207715133531
128.482972136223,184.272997032641
128.482972136223,183.086053412463
128.482972136223,177.151335311573
128.482972136223,175.964391691395
128.482972136223,174.777448071217
128.482972136223,170.029673590504
128.482972136223,168.842729970326
128.482972136223,167.655786350148
128.482972136223,161.721068249258
128.482972136223,160.53412462908
128.482972136223,154.59940652819
128.482972136223,153.412462908012
128.482972136223,152.225519287834
128.482972136223,147.477744807122
128.482972136223,146.290801186944
128.482972136223,145.103857566766
128.482972136223,140.356083086053
128.482972136223,139.169139465875
128.482972136223,137.982195845697
128.482972136223,135.608308605341
128.482972136223,134.421364985163
128.482972136223,132.047477744807
128.482972136223,130.860534124629
128.482972136223,129.673590504451
128.482972136223,124.925816023739
128.482972136223,123.738872403561
128.482972136223,122.551928783383
128.482972136223,117.804154302671
128.482972136223,116.617210682493
128.482972136223,115.430267062315
128.482972136223,109.495548961424
128.482972136223,108.308605341246
128.482972136223,107.121661721068
128.482972136223,105.93471810089
129.721362229102,447.774480712166
129.721362229102,446.587537091988
129.721362229102,192.581602373887
129.721362229102,191.394658753709
129.721362229102,190.207715133531
129.721362229102,154.59940652819
129.721362229102,153.412462908012
129.721362229102,147.477744807122
129.721362229102,146.290801186944
129.721362229102,145.103857566766
129.721362229102,139.169139465875
129.721362229102,137.982195845697
129.721362229102,135.608308605341
129.721362229102,132.047477744807
129.721362229102,130.860534124629
129.721362229102,124.925816023739
129.721362229102,123.738872403561
129.721362229102,122.551928783383
129.721362229102,116.617210682493
129.721362229102,115.430267062315
129.721362229102,109.495548961424
129.721362229102,108.308605341246
129.721362229102,107.121661721068
129.721362229102,105.93471810089
130.959752321981,448.961424332344
130.959752321981,447.774480712166
130.959752321981,446.587537091988
130.959752321981,137.982195845697
130.959752321981,110.682492581602
130.959752321981,109.495548961424
130.959752321981,108.308605341246
130.959752321981,107.121661721068
130.959752321981,105.93471810089
130.959752321981,104.747774480712
132.198142414861,447.774480712166
132.198142414861,446.587537091988
132.198142414861,140.356083086053
132.198142414861,139.169139465875
132.198142414861,137.982195845697
132.198142414861,110.682492581602
132.198142414861,109.495548961424
132.198142414861,108.308605341246
132.198142414861,107.121661721068
132.198142414861,105.93471810089
132.198142414861,104.747774480712
133.43653250774,447.774480712166
133.43653250774,446.587537091988
133.43653250774,140.356083086053
133.43653250774,139.169139465875
134.674922600619,447.774480712166
134.674922600619,446.587537091988
134.674922600619,142.72997032641
134.674922600619,141.543026706231
135.913312693498,447.774480712166
135.913312693498,446.587537091988
135.913312693498,143.916913946588
135.913312693498,142.72997032641
137.151702786378,447.774480712166
137.151702786378,446.587537091988
137.151702786378,146.290801186944
137.151702786378,108.308605341246
137.151702786378,107.121661721068
138.390092879257,447.774480712166
138.390092879257,446.587537091988
138.390092879257,147.477744807122
138.390092879257,146.290801186944
138.390092879257,108.308605341246
138.390092879257,107.121661721068
139.628482972136,447.774480712166
139.628482972136,446.587537091988
139.628482972136,148.6646884273
139.628482972136,147.477744807122
140.866873065015,447.774480712166
140.866873065015,446.587537091988
140.866873065015,149.851632047478
142.105263157895,447.774480712166
142.105263157895,446.587537091988
142.105263157895,152.225519287834
142.105263157895,151.038575667656
142.105263157895,149.851632047478
143.343653250774,447.774480712166
143.343653250774,446.587537091988
143.343653250774,152.225519287834
144.582043343653,447.774480712166
144.582043343653,446.587537091988
144.582043343653,154.59940652819
144.582043343653,108.308605341246
144.582043343653,107.121661721068
145.820433436533,448.961424332344
145.820433436533,447.774480712166
145.820433436533,446.587537091988
145.820433436533,155.786350148368
145.820433436533,154.59940652819
145.820433436533,134.421364985163
145.820433436533,133.234421364985
145.820433436533,132.047477744807
145.820433436533,108.308605341246
145.820433436533,107.121661721068
147.058823529412,447.774480712166
147.058823529412,446.587537091988
147.058823529412,156.973293768546
147.058823529412,155.786350148368
147.058823529412,134.421364985163
147.058823529412,133.234421364985
147.058823529412,132.047477744807
147.058823529412,130.860534124629
147.058823529412,108.308605341246
147.058823529412,107.121661721068
148.297213622291,447.774480712166
148.297213622291,446.587537091988
148.297213622291,159.347181008902
148.297213622291,158.160237388724
148.297213622291,143.916913946588
148.297213622291,142.72997032641
148.297213622291,141.543026706231
148.297213622291,136.795252225519
148.297213622291,135.608308605341
148.297213622291,134.421364985163
148.297213622291,133.234421364985
148.297213622291,132.047477744807
148.297213622291,130.860534124629
149.53560371517,447.774480712166
149.53560371517,446.587537091988
149.53560371517,160.53412462908
149.53560371517,159.347181008902
149.53560371517,145.103857566766
149.53560371517,143.916913946588
149.53560371517,142.72997032641
149.53560371517,141.543026706231
149.53560371517,137.982195845697
149.53560371517,136.795252225519
149.53560371517,135.608308605341
149.53560371517,134.421364985163
149.53560371517,133.234421364985
149.53560371517,132.047477744807
149.53560371517,130.860534124629
150.77399380805,447.774480712166
150.77399380805,446.587537091988
150.77399380805,444.213649851632
150.77399380805,443.026706231454
150.77399380805,441.839762611276
150.77399380805,437.091988130564
150.77399380805,435.905044510386
150.77399380805,434.718100890208
150.77399380805,429.970326409496
150.77399380805,428.783382789317
150.77399380805,427.596439169139
150.77399380805,422.848664688427
150.77399380805,421.661721068249
150.77399380805,420.474777448071
150.77399380805,414.540059347181
150.77399380805,413.353115727003
150.77399380805,412.166172106825
150.77399380805,407.418397626113
150.77399380805,406.231454005935
150.77399380805,405.044510385757
150.77399380805,400.296735905045
150.77399380805,399.109792284866
150.77399380805,397.922848664688
150.77399380805,391.988130563798
150.77399380805,390.80118694362
150.77399380805,389.614243323442
150.77399380805,384.86646884273
150.77399380805,383.679525222552
150.77399380805,382.492581602374
150.77399380805,377.744807121662
150.77399380805,376.557863501484
150.77399380805,375.370919881306
150.77399380805,369.436201780415
150.77399380805,368.249258160237
150.77399380805,367.062314540059
150.77399380805,362.314540059347
150.77399380805,361.127596439169
150.77399380805,359.940652818991
150.77399380805,355.192878338279
150.77399380805,354.005934718101
150.77399380805,352.818991097923
150.77399380805,348.071216617211
150.77399380805,346.884272997033
150.77399380805,345.697329376855
150.77399380805,339.762611275964
150.77399380805,338.575667655786
150.77399380805,337.388724035608
150.77399380805,332.640949554896
150.77399380805,331.454005934718
150.77399380805,330.26706231454
150.77399380805,325.519287833828
150.77399380805,324.33234421365
150.77399380805,323.145400593472
150.77399380805,318.39762611276
150.77399380805,317.210682492582
150.77399380805,316.023738872404
150.77399380805,310.089020771513
150.77399380805,308.902077151335
150.77399380805,307.715133531157
150.77399380805,302.967359050445
150.77399380805,301.780415430267
150.77399380805,300.593471810089
150.77399380805,295.845697329377
150.77399380805,294.658753709199
150.77399380805,293.471810089021
150.77399380805,287.537091988131
150.77399380805,286.350148367953
150.77399380805,285.163204747774
150.77399380805,280.415430267062
150.77399380805,279.228486646884
150.77399380805,278.041543026706
150.77399380805,273.293768545994
150.77399380805,272.106824925816
150.77399380805,270.919881305638
150.77399380805,264.985163204748
150.77399380805,263.79821958457
150.77399380805,257.86350148368
150.77399380805,256.676557863501
150.77399380805,255.489614243323
150.77399380805,250.741839762611
150.77399380805,249.554896142433
150.77399380805,248.367952522255
150.77399380805,242.433234421365
150.77399380805,241.246290801187
150.77399380805,235.311572700297
150.77399380805,234.124629080119
150.77399380805,232.937685459941
150.77399380805,228.189910979229
150.77399380805,227.00296735905
150.77399380805,225.816023738872
150.77399380805,221.06824925816
150.77399380805,219.881305637982
150.77399380805,218.694362017804
150.77399380805,213.946587537092
150.77399380805,212.759643916914
150.77399380805,211.572700296736
150.77399380805,205.637982195846
150.77399380805,204.451038575668
150.77399380805,198.516320474777
150.77399380805,197.329376854599
150.77399380805,196.142433234421
150.77399380805,191.394658753709
150.77399380805,190.207715133531
150.77399380805,189.020771513353
150.77399380805,183.086053412463
150.77399380805,181.899109792285
150.77399380805,175.964391691395
150.77399380805,174.777448071217
150.77399380805,173.590504451039
150.77399380805,168.842729970326
150.77399380805,167.655786350148
150.77399380805,166.46884272997
150.77399380805,160.53412462908
150.77399380805,159.347181008902
150.77399380805,153.412462908012
150.77399380805,152.225519287834
150.77399380805,151.038575667656
150.77399380805,146.290801186944
150.77399380805,145.103857566766
150.77399380805,143.916913946588
150.77399380805,141.543026706231
150.77399380805,137.982195845697
150.77399380805,136.795252225519
150.77399380805,135.608308605341
150.77399380805,134.421364985163
152.012383900929,448.961424332344
152.012383900929,447.774480712166
152.012383900929,446.587537091988
152.012383900929,204.451038575668
152.012383900929,183.086053412463
152.012383900929,181.899109792285
152.012383900929,175.964391691395
152.012383900929,174.777448071217
152.012383900929,173.590504451039
152.012383900929,167.655786350148
152.012383900929,166.46884272997
152.012383900929,164.094955489614
152.012383900929,162.908011869436
152.012383900929,160.53412462908
152.012383900929,159.347181008902
152.012383900929,153.412462908012
152.012383900929,152.225519287834
152.012383900929,151.038575667656
152.012383900929,145.103857566766
152.012383900929,143.916913946588
152.012383900929,142.72997032641
152.012383900929,141.543026706231
152.012383900929,139.169139465875
152.012383900929,137.982195845697
152.012383900929,136.795252225519
152.012383900929,135.608308605341
152.012383900929,134.421364985163
152.012383900929,108.308605341246
152.012383900929,107.121661721068
153.250773993808,447.774480712166
153.250773993808,446.587537091988
153.250773993808,165.281899109792
153.250773993808,164.094955489614
153.250773993808,160.53412462908
153.250773993808,159.347181008902
153.250773993808,158.160237388724
153.250773993808,156.973293768546
153.250773993808,140.356083086053
153.250773993808,139.169139465875
153.250773993808,137.982195845697
153.250773993808,136.795252225519
153.250773993808,135.608308605341
153.250773993808,134.421364985163
153.250773993808,133.234421364985
153.250773993808,108.308605341246
153.250773993808,107.121661721068
154.489164086687,447.774480712166
154.489164086687,446.587537091988
154.489164086687,166.46884272997
154.489164086687,160.53412462908
154.489164086687,156.973293768546
154.489164086687,141.543026706231
154.489164086687,140.356083086053
154.489164086687,134.421364985163
154.489164086687,108.308605341246
154.489164086687,107.121661721068
155.727554179567,447.774480712166
155.727554179567,446.587537091988
155.727554179567,167.655786350148
155.727554179567,166.46884272997
155.727554179567,160.53412462908
155.727554179567,159.347181008902
155.727554179567,156.973293768546
155.727554179567,142.72997032641
155.727554179567,141.543026706231
156.965944272446,447.774480712166
156.965944272446,446.587537091988
156.965944272446,168.842729970326
156.965944272446,167.655786350148
156.965944272446,159.347181008902
156.965944272446,158.160237388724
156.965944272446,156.973293768546
156.965944272446,145.103857566766
156.965944272446,143.916913946588
156.965944272446,142.72997032641
158.204334365325,447.774480712166
158.204334365325,446.587537091988
158.204334365325,171.216617210683
158.204334365325,147.477744807122
158.204334365325,146.290801186944
158.204334365325,145.103857566766
159.442724458204,448.961424332344
159.442724458204,447.774480712166
159.442724458204,446.587537091988
159.442724458204,172.403560830861
159.442724458204,171.216617210683
159.442724458204,148.6646884273
159.442724458204,147.477744807122
159.442724458204,146.290801186944
159.442724458204,136.795252225519
159.442724458204,135.608308605341
160.681114551084,475.074183976261
160.681114551084,473.887240356083
160.681114551084,467.952522255193
160.681114551084,466.765578635015
160.681114551084,465.578635014837
160.681114551084,464.391691394659
160.681114551084,459.643916913947
160.681114551084,458.456973293769
160.681114551084,457.27002967359
160.681114551084,456.083086053412
160.681114551084,447.774480712166
160.681114551084,446.587537091988
160.681114551084,173.590504451039
160.681114551084,172.403560830861
160.681114551084,149.851632047478
160.681114551084,148.6646884273
160.681114551084,147.477744807122
160.681114551084,136.795252225519
160.681114551084,135.608308605341
160.681114551084,108.308605341246
160.681114551084,107.121661721068
161.919504643963,476.261127596439
161.919504643963,475.074183976261
161.919504643963,473.887240356083
161.919504643963,472.700296735905
161.919504643963,470.326409495549
161.919504643963,469.139465875371
161.919504643963,467.952522255193
161.919504643963,466.765578635015
161.919504643963,465.578635014837
161.919504643963,464.391691394659
161.919504643963,463.204747774481
161.919504643963,460.830860534125
161.919504643963,459.643916913947
161.919504643963,458.456973293769
161.919504643963,457.27002967359
161.919504643963,456.083086053412
161.919504643963,454.896142433234
161.919504643963,447.774480712166
161.919504643963,446.587537091988
161.919504643963,175.964391691395
161.919504643963,174.777448071217
161.919504643963,151.038575667656
161.919504643963,149.851632047478
161.919504643963,108.308605341246
161.919504643963,107.121661721068
163.157894736842,476.261127596439
163.157894736842,475.074183976261
163.157894736842,473.887240356083
163.157894736842,472.700296735905
163.157894736842,470.326409495549
163.157894736842,469.139465875371
163.157894736842,467.952522255193
163.157894736842,466.765578635015
163.157894736842,465.578635014837
163.157894736842,464.391691394659
163.157894736842,463.204747774481
163.157894736842,460.830860534125
163.157894736842,459.643916913947
163.157894736842,458.456973293769
163.157894736842,457.27002967359
163.157894736842,456.083086053412
163.157894736842,454.896142433234
163.157894736842,453.709198813056
163.157894736842,447.774480712166
163.157894736842,446.587537091988
163.157894736842,177.151335311573
163.157894736842,175.964391691395
163.157894736842,153.412462908012
163.157894736842,152.225519287834
163.157894736842,151.038575667656
164.396284829721,477.448071216617
164.396284829721,476.261127596439
164.396284829721,475.074183976261
164.396284829721,473.887240356083
164.396284829721,472.700296735905
164.396284829721,470.326409495549
164.396284829721,469.139465875371
164.396284829721,464.391691394659
164.396284829721,463.204747774481
164.396284829721,462.017804154303
164.396284829721,460.830860534125
164.396284829721,459.643916913947
164.396284829721,456.083086053412
164.396284829721,454.896142433234
164.396284829721,453.709198813056
164.396284829721,447.774480712166
164.396284829721,446.587537091988
164.396284829721,154.59940652819
164.396284829721,153.412462908012
165.634674922601,478.635014836795
165.634674922601,477.448071216617
165.634674922601,476.261127596439
165.634674922601,475.074183976261
165.634674922601,473.887240356083
165.634674922601,472.700296735905
165.634674922601,470.326409495549
165.634674922601,469.139465875371
165.634674922601,464.391691394659
165.634674922601,463.204747774481
165.634674922601,462.017804154303
165.634674922601,460.830860534125
165.634674922601,459.643916913947
165.634674922601,454.896142433234
165.634674922601,453.709198813056
165.634674922601,447.774480712166
165.634674922601,446.587537091988
165.634674922601,179.525222551929
165.634674922601,155.786350148368
165.634674922601,154.59940652819
166.87306501548,479.821958456973
166.87306501548,478.635014836795
166.87306501548,477.448071216617
166.87306501548,475.074183976261
166.87306501548,473.887240356083
166.87306501548,472.700296735905
166.87306501548,470.326409495549
166.87306501548,469.139465875371
166.87306501548,464.391691394659
166.87306501548,463.204747774481
166.87306501548,462.017804154303
166.87306501548,460.830860534125
166.87306501548,459.643916913947
166.87306501548,454.896142433234
166.87306501548,453.709198813056
166.87306501548,450.148367952522
166.87306501548,448.961424332344
166.87306501548,447.774480712166
166.87306501548,446.587537091988
166.87306501548,180.712166172107
166.87306501548,179.525222551929
166.87306501548,158.160237388724
166.87306501548,156.973293768546
166.87306501548,155.786350148368
166.87306501548,136.795252225519
166.87306501548,135.608308605341
168.111455108359,479.821958456973
168.111455108359,478.635014836795
168.111455108359,477.448071216617
168.111455108359,476.261127596439
168.111455108359,475.074183976261
168.111455108359,473.887240356083
168.111455108359,472.700296735905
168.111455108359,471.513353115727
168.111455108359,470.326409495549
168.111455108359,469.139465875371
168.111455108359,464.391691394659
168.111455108359,463.204747774481
168.111455108359,462.017804154303
168.111455108359,460.830860534125
168.111455108359,459.643916913947
168.111455108359,454.896142433234
168.111455108359,453.709198813056
168.111455108359,447.774480712166
168.111455108359,446.587537091988
168.111455108359,178.338278931751
168.111455108359,177.151335311573
168.111455108359,175.964391691395
168.111455108359,174.777448071217
168.111455108359,159.347181008902
168.111455108359,158.160237388724
168.111455108359,136.795252225519
168.111455108359,135.608308605341
168.111455108359,134.421364985163
168.111455108359,133.234421364985
168.111455108359,108.308605341246
168.111455108359,107.121661721068
169.349845201238,479.821958456973
169.349845201238,478.635014836795
169.349845201238,477.448071216617
169.349845201238,476.261127596439
169.349845201238,475.074183976261
169.349845201238,473.887240356083
169.349845201238,472.700296735905
169.349845201238,471.513353115727
169.349845201238,470.326409495549
169.349845201238,469.139465875371
169.349845201238,464.391691394659
169.349845201238,463.204747774481
169.349845201238,462.017804154303
169.349845201238,460.830860534125
169.349845201238,459.643916913947
169.349845201238,456.083086053412
169.349845201238,454.896142433234
169.349845201238,453.709198813056
169.349845201238,447.774480712166
169.349845201238,446.587537091988
169.349845201238,184.272997032641
169.349845201238,183.086053412463
169.349845201238,178.338278931751
169.349845201238,174.777448071217
169.349845201238,160.53412462908
169.349845201238,159.347181008902
169.349845201238,134.421364985163
169.349845201238,133.234421364985
169.349845201238,108.308605341246
169.349845201238,107.121661721068
170.588235294118,475.074183976261
170.588235294118,473.887240356083
170.588235294118,472.700296735905
170.588235294118,470.326409495549
170.588235294118,469.139465875371
170.588235294118,467.952522255193
170.588235294118,464.391691394659
170.588235294118,463.204747774481
170.588235294118,460.830860534125
170.588235294118,459.643916913947
170.588235294118,456.083086053412
170.588235294118,454.896142433234
170.588235294118,453.709198813056
170.588235294118,447.774480712166
170.588235294118,446.587537091988
170.588235294118,185.459940652819
170.588235294118,184.272997032641
170.588235294118,178.338278931751
170.588235294118,177.151335311573
170.588235294118,175.964391691395
170.588235294118,174.777448071217
170.588235294118,162.908011869436
170.588235294118,161.721068249258
170.588235294118,137.982195845697
170.588235294118,136.795252225519
171.826625386997,475.074183976261
171.826625386997,473.887240356083
171.826625386997,472.700296735905
171.826625386997,470.326409495549
171.826625386997,469.139465875371
171.826625386997,467.952522255193
171.826625386997,466.765578635015
171.826625386997,465.578635014837
171.826625386997,464.391691394659
171.826625386997,463.204747774481
171.826625386997,460.830860534125
171.826625386997,459.643916913947
171.826625386997,458.456973293769
171.826625386997,457.27002967359
171.826625386997,456.083086053412
171.826625386997,454.896142433234
171.826625386997,453.709198813056
171.826625386997,447.774480712166
171.826625386997,446.587537091988
171.826625386997,186.646884272997
171.826625386997,177.151335311573
171.826625386997,175.964391691395
171.826625386997,164.094955489614
171.826625386997,162.908011869436
171.826625386997,139.169139465875
171.826625386997,137.982195845697
171.826625386997,136.795252225519
173.065015479876,475.074183976261
173.065015479876,473.887240356083
173.065015479876,472.700296735905
173.065015479876,469.139465875371
173.065015479876,467.952522255193
173.065015479876,466.765578635015
173.065015479876,465.578635014837
173.065015479876,464.391691394659
173.065015479876,459.643916913947
173.065015479876,458.456973293769
173.065015479876,457.27002967359
173.065015479876,456.083086053412
173.065015479876,454.896142433234
173.065015479876,448.961424332344
173.065015479876,447.774480712166
173.065015479876,446.587537091988
173.065015479876,189.020771513353
173.065015479876,187.833827893175
173.065015479876,166.46884272997
173.065015479876,165.281899109792
173.065015479876,164.094955489614
173.065015479876,139.169139465875
174.303405572755,447.774480712166
174.303405572755,446.587537091988
174.303405572755,189.020771513353
174.303405572755,167.655786350148
174.303405572755,166.46884272997
174.303405572755,142.72997032641
174.303405572755,141.543026706231
174.303405572755,136.795252225519
174.303405572755,135.608308605341
175.541795665635,447.774480712166
175.541795665635,446.587537091988
175.541795665635,192.581602373887
175.541795665635,191.394658753709
175.541795665635,190.207715133531
175.541795665635,189.020771513353
175.541795665635,187.833827893175
175.541795665635,168.842729970326
175.541795665635,167.655786350148
175.541795665635,143.916913946588
175.541795665635,142.72997032641
175.541795665635,136.795252225519
175.541795665635,135.608308605341
175.541795665635,108.308605341246
175.541795665635,107.121661721068
176.780185758514,447.774480712166
176.780185758514,446.587537091988
176.780185758514,192.581602373887
176.780185758514,191.394658753709
176.780185758514,190.207715133531
176.780185758514,187.833827893175
176.780185758514,186.646884272997
176.780185758514,170.029673590504
176.780185758514,168.842729970326
176.780185758514,146.290801186944
176.780185758514,145.103857566766
176.780185758514,136.795252225519
176.780185758514,135.608308605341
176.780185758514,108.308605341246
176.780185758514,107.121661721068
178.018575851393,447.774480712166
178.018575851393,446.587537091988
178.018575851393,193.768545994065
178.018575851393,191.394658753709
178.018575851393,190.207715133531
178.018575851393,187.833827893175
178.018575851393,186.646884272997
178.018575851393,172.403560830861
178.018575851393,171.216617210683
178.018575851393,170.029673590504
178.018575851393,147.477744807122
178.018575851393,146.290801186944
179.256965944272,447.774480712166
179.256965944272,446.587537091988
179.256965944272,196.142433234421
179.256965944272,190.207715133531
179.256965944272,189.020771513353
179.256965944272,187.833827893175
179.256965944272,173.590504451039
179.256965944272,172.403560830861
179.256965944272,149.851632047478
179.256965944272,147.477744807122
180.495356037152,448.961424332344
180.495356037152,447.774480712166
180.495356037152,446.587537091988
180.495356037152,209.19881305638
180.495356037152,208.011869436202
180.495356037152,206.824925816024
180.495356037152,205.637982195846
180.495356037152,197.329376854599
180.495356037152,196.142433234421
180.495356037152,175.964391691395
180.495356037152,174.777448071217
180.495356037152,173.590504451039
180.495356037152,151.038575667656
180.495356037152,149.851632047478
181.733746130031,447.774480712166
181.733746130031,446.587537091988
181.733746130031,209.19881305638
181.733746130031,206.824925816024
181.733746130031,205.637982195846
181.733746130031,175.964391691395
181.733746130031,152.225519287834
181.733746130031,151.038575667656
181.733746130031,136.795252225519
181.733746130031,135.608308605341
182.97213622291,447.774480712166
182.97213622291,446.587537091988
182.97213622291,209.19881305638
182.97213622291,206.824925816024
182.97213622291,205.637982195846
182.97213622291,200.890207715134
182.97213622291,199.703264094956
182.97213622291,178.338278931751
182.97213622291,177.151335311573
182.97213622291,154.59940652819
182.97213622291,153.412462908012
182.97213622291,136.795252225519
182.97213622291,135.608308605341
182.97213622291,108.308605341246
182.97213622291,107.121661721068
184.210526315789,447.774480712166
184.210526315789,446.587537091988
184.210526315789,209.19881305638
184.210526315789,208.011869436202
184.210526315789,206.824925816024
184.210526315789,205.637982195846
184.210526315789,202.077151335312
184.210526315789,200.890207715134
184.210526315789,179.525222551929
184.210526315789,178.338278931751
184.210526315789,155.786350148368
184.210526315789,154.59940652819
184.210526315789,136.795252225519
184.210526315789,135.608308605341
184.210526315789,108.308605341246
184.210526315789,107.121661721068
185.448916408669,447.774480712166
185.448916408669,446.587537091988
185.448916408669,184.272997032641
185.448916408669,183.086053412463
185.448916408669,181.899109792285
185.448916408669,180.712166172107
185.448916408669,179.525222551929
185.448916408669,155.786350148368
185.448916408669,108.308605341246
185.448916408669,107.121661721068
186.687306501548,447.774480712166
186.687306501548,446.587537091988
186.687306501548,204.451038575668
186.687306501548,203.26409495549
186.687306501548,202.077151335312
186.687306501548,200.890207715134
186.687306501548,184.272997032641
186.687306501548,183.086053412463
186.687306501548,181.899109792285
186.687306501548,180.712166172107
186.687306501548,159.347181008902
186.687306501548,158.160237388724
187.925696594427,447.774480712166
187.925696594427,446.587537091988
187.925696594427,205.637982195846
187.925696594427,204.451038575668
187.925696594427,203.26409495549
187.925696594427,202.077151335312
187.925696594427,200.890207715134
187.925696594427,199.703264094956
187.925696594427,190.207715133531
187.925696594427,189.020771513353
187.925696594427,187.833827893175
187.925696594427,184.272997032641
187.925696594427,183.086053412463
187.925696594427,181.899109792285
187.925696594427,180.712166172107
187.925696594427,160.53412462908
187.925696594427,159.347181008902
189.164086687307,447.774480712166
189.164086687307,446.587537091988
189.164086687307,208.011869436202
189.164086687307,203.26409495549
189.164086687307,199.703264094956
189.164086687307,197.329376854599
189.164086687307,196.142433234421
189.164086687307,194.955489614243
189.164086687307,193.768545994065
189.164086687307,191.394658753709
189.164086687307,190.207715133531
189.164086687307,187.833827893175
189.164086687307,186.646884272997
189.164086687307,185.459940652819
189.164086687307,184.272997032641
189.164086687307,183.086053412463
189.164086687307,181.899109792285
189.164086687307,180.712166172107
189.164086687307,162.908011869436
190.402476780186,447.774480712166
190.402476780186,446.587537091988
190.402476780186,209.19881305638
190.402476780186,208.011869436202
190.402476780186,203.26409495549
190.402476780186,202.077151335312
190.402476780186,200.890207715134
190.402476780186,199.703264094956
190.402476780186,197.329376854599
190.402476780186,196.142433234421
190.402476780186,193.768545994065
190.402476780186,191.394658753709
190.402476780186,190.207715133531
190.402476780186,187.833827893175
190.402476780186,186.646884272997
190.402476780186,184.272997032641
190.402476780186,183.086053412463
190.402476780186,181.899109792285
190.402476780186,180.712166172107
190.402476780186,164.094955489614
190.402476780186,162.908011869436
190.402476780186,136.795252225519
190.402476780186,135.608308605341
190.402476780186,108.308605341246
190.402476780186,107.121661721068
191.640866873065,447.774480712166
191.640866873065,446.587537091988
191.640866873065,209.19881305638
191.640866873065,196.142433234421
191.640866873065,194.955489614243
191.640866873065,193.768545994065
191.640866873065,190.207715133531
191.640866873065,189.020771513353
191.640866873065,187.833827893175
191.640866873065,183.086053412463
191.640866873065,181.899109792285
191.640866873065,165.281899109792
191.640866873065,136.795252225519
191.640866873065,135.608308605341
191.640866873065,108.308605341246
191.640866873065,107.121661721068
192.879256965944,447.774480712166
192.879256965944,446.587537091988
192.879256965944,212.759643916914
192.879256965944,211.572700296736
192.879256965944,191.394658753709
192.879256965944,190.207715133531
192.879256965944,189.020771513353
192.879256965944,168.842729970326
192.879256965944,167.655786350148
192.879256965944,166.46884272997
192.879256965944,108.308605341246
192.879256965944,107.121661721068
194.117647058824,447.774480712166
194.117647058824,446.587537091988
194.117647058824,213.946587537092
194.117647058824,212.759643916914
194.117647058824,192.581602373887
194.117647058824,191.394658753709
194.117647058824,168.842729970326
194.117647058824,167.655786350148
195.356037151703,448.961424332344
195.356037151703,447.774480712166
195.356037151703,446.587537091988
195.356037151703,221.06824925816
195.356037151703,219.881305637982
195.356037151703,218.694362017804
195.356037151703,213.946587537092
195.356037151703,193.768545994065
195.356037151703,192.581602373887
195.356037151703,187.833827893175
195.356037151703,186.646884272997
195.356037151703,185.459940652819
195.356037151703,184.272997032641
195.356037151703,171.216617210683
196.594427244582,447.774480712166
196.594427244582,446.587537091988
196.594427244582,222.255192878338
196.594427244582,221.06824925816
196.594427244582,218.694362017804
196.594427244582,217.507418397626
196.594427244582,216.320474777448
196.594427244582,215.13353115727
196.594427244582,196.142433234421
196.594427244582,194.955489614243
196.594427244582,193.768545994065
196.594427244582,191.394658753709
196.594427244582,190.207715133531
196.594427244582,189.020771513353
196.594427244582,187.833827893175
196.594427244582,184.272997032641
196.594427244582,173.590504451039
196.594427244582,172.403560830861
196.594427244582,171.216617210683
197.832817337461,447.774480712166
197.832817337461,446.587537091988
197.832817337461,221.06824925816
197.832817337461,219.881305637982
197.832817337461,218.694362017804
197.832817337461,217.507418397626
197.832817337461,215.13353115727
197.832817337461,213.946587537092
197.832817337461,212.759643916914
197.832817337461,197.329376854599
197.832817337461,196.142433234421
197.832817337461,192.581602373887
197.832817337461,191.394658753709
197.832817337461,189.020771513353
197.832817337461,187.833827893175
197.832817337461,186.646884272997
197.832817337461,185.459940652819
197.832817337461,184.272997032641
197.832817337461,173.590504451039
197.832817337461,136.795252225519
197.832817337461,135.608308605341
199.071207430341,447.774480712166
199.071207430341,446.587537091988
199.071207430341,227.00296735905
199.071207430341,225.816023738872
199.071207430341,224.629080118694
199.071207430341,221.06824925816
199.071207430341,219.881305637982
199.071207430341,218.694362017804
199.071207430341,215.13353115727
199.071207430341,213.946587537092
199.071207430341,212.759643916914
199.071207430341,211.572700296736
199.071207430341,198.516320474777
199.071207430341,197.329376854599
199.071207430341,192.581602373887
199.071207430341,191.394658753709
199.071207430341,189.020771513353
199.071207430341,187.833827893175
199.071207430341,186.646884272997
199.071207430341,185.459940652819
199.071207430341,175.964391691395
199.071207430341,136.795252225519
199.071207430341,135.608308605341
199.071207430341,108.308605341246
199.071207430341,107.121661721068
200.30959752322,447.774480712166
200.30959752322,446.587537091988
200.30959752322,228.189910979229
200.30959752322,227.00296735905
200.30959752322,224.629080118694
200.30959752322,221.06824925816
200.30959752322,219.881305637982
200.30959752322,215.13353115727
200.30959752322,212.759643916914
200.30959752322,211.572700296736
200.30959752322,202.077151335312
200.30959752322,200.890207715134
200.30959752322,199.703264094956
200.30959752322,198.516320474777
200.30959752322,191.394658753709
200.30959752322,190.207715133531
200.30959752322,189.020771513353
200.30959752322,178.338278931751
200.30959752322,177.151335311573
200.30959752322,175.964391691395
200.30959752322,108.308605341246
200.30959752322,107.121661721068
201.547987616099,447.774480712166
201.547987616099,446.587537091988
201.547987616099,228.189910979229
201.547987616099,227.00296735905
201.547987616099,224.629080118694
201.547987616099,222.255192878338
201.547987616099,221.06824925816
201.547987616099,215.13353115727
201.547987616099,213.946587537092
201.547987616099,212.759643916914
201.547987616099,211.572700296736
201.547987616099,203.26409495549
201.547987616099,202.077151335312
201.547987616099,200.890207715134
201.547987616099,199.703264094956
202.786377708978,447.774480712166
202.786377708978,446.587537091988
202.786377708978,227.00296735905
202.786377708978,225.816023738872
202.786377708978,224.629080118694
202.786377708978,223.442136498516
202.786377708978,215.13353115727
202.786377708978,213.946587537092
202.786377708978,212.759643916914
202.786377708978,211.572700296736
202.786377708978,203.26409495549
202.786377708978,202.077151335312
202.786377708978,199.703264094956
202.786377708978,181.899109792285
202.786377708978,180.712166172107
202.786377708978,179.525222551929
204.024767801858,447.774480712166
204.024767801858,446.587537091988
204.024767801858,225.816023738872
204.024767801858,224.629080118694
204.024767801858,223.442136498516
204.024767801858,215.13353115727
204.024767801858,212.759643916914
204.024767801858,211.572700296736
204.024767801858,204.451038575668
204.024767801858,203.26409495549
204.024767801858,202.077151335312
204.024767801858,200.890207715134
204.024767801858,199.703264094956
205.263157894737,447.774480712166
205.263157894737,446.587537091988
205.263157894737,225.816023738872
205.263157894737,218.694362017804
205.263157894737,217.507418397626
205.263157894737,216.320474777448
205.263157894737,215.13353115727
205.263157894737,213.946587537092
205.263157894737,212.759643916914
205.263157894737,211.572700296736
205.263157894737,206.824925816024
205.263157894737,205.637982195846
205.263157894737,204.451038575668
205.263157894737,202.077151335312
205.263157894737,200.890207715134
205.263157894737,199.703264094956
205.263157894737,185.459940652819
205.263157894737,184.272997032641
205.263157894737,136.795252225519
205.263157894737,135.608308605341
206.501547987616,447.774480712166
206.501547987616,446.587537091988
206.501547987616,228.189910979229
206.501547987616,219.881305637982
206.501547987616,218.694362017804
206.501547987616,216.320474777448
206.501547987616,215.13353115727
206.501547987616,212.759643916914
206.501547987616,211.572700296736
206.501547987616,208.011869436202
206.501547987616,206.824925816024
206.501547987616,203.26409495549
206.501547987616,202.077151335312
206.501547987616,199.703264094956
206.501547987616,186.646884272997
206.501547987616,185.459940652819
206.501547987616,136.795252225519
206.501547987616,135.608308605341
206.501547987616,108.308605341246
206.501547987616,107.121661721068
207.739938080495,447.774480712166
207.739938080495,446.587537091988
207.739938080495,229.376854599407
207.739938080495,228.189910979229
207.739938080495,227.00296735905
207.739938080495,225.816023738872
207.739938080495,224.629080118694
207.739938080495,223.442136498516
207.739938080495,218.694362017804
207.739938080495,216.320474777448
207.739938080495,215.13353115727
207.739938080495,213.946587537092
207.739938080495,212.759643916914
207.739938080495,211.572700296736
207.739938080495,210.385756676558
207.739938080495,209.19881305638
207.739938080495,208.011869436202
207.739938080495,203.26409495549
207.739938080495,199.703264094956
207.739938080495,196.142433234421
207.739938080495,194.955489614243
207.739938080495,193.768545994065
207.739938080495,136.795252225519
207.739938080495,135.608308605341
207.739938080495,108.308605341246
207.739938080495,107.121661721068
208.978328173375,447.774480712166
208.978328173375,446.587537091988
208.978328173375,230.563798219585
208.978328173375,229.376854599407
208.978328173375,227.00296735905
208.978328173375,223.442136498516
208.978328173375,218.694362017804
208.978328173375,217.507418397626
208.978328173375,216.320474777448
208.978328173375,213.946587537092
208.978328173375,212.759643916914
208.978328173375,211.572700296736
208.978328173375,210.385756676558
208.978328173375,209.19881305638
208.978328173375,208.011869436202
208.978328173375,206.824925816024
208.978328173375,205.637982195846
208.978328173375,203.26409495549
208.978328173375,202.077151335312
208.978328173375,200.890207715134
208.978328173375,199.703264094956
208.978328173375,197.329376854599
208.978328173375,196.142433234421
208.978328173375,193.768545994065
208.978328173375,190.207715133531
208.978328173375,189.020771513353
210.216718266254,447.774480712166
210.216718266254,446.587537091988
210.216718266254,232.937685459941
210.216718266254,231.750741839763
210.216718266254,227.00296735905
210.216718266254,225.816023738872
210.216718266254,224.629080118694
210.216718266254,223.442136498516
210.216718266254,212.759643916914
210.216718266254,211.572700296736
210.216718266254,209.19881305638
210.216718266254,205.637982195846
210.216718266254,197.329376854599
210.216718266254,196.142433234421
210.216718266254,194.955489614243
210.216718266254,193.768545994065
210.216718266254,190.207715133531
211.455108359133,447.774480712166
211.455108359133,446.587537091988
211.455108359133,234.124629080119
211.455108359133,232.937685459941
211.455108359133,225.816023738872
211.455108359133,224.629080118694
211.455108359133,218.694362017804
211.455108359133,217.507418397626
211.455108359133,216.320474777448
211.455108359133,215.13353115727
211.455108359133,213.946587537092
211.455108359133,212.759643916914
211.455108359133,209.19881305638
211.455108359133,208.011869436202
211.455108359133,206.824925816024
211.455108359133,205.637982195846
211.455108359133,202.077151335312
211.455108359133,200.890207715134
211.455108359133,196.142433234421
211.455108359133,194.955489614243
211.455108359133,193.768545994065
211.455108359133,192.581602373887
212.693498452012,500
212.693498452012,498.813056379822
212.693498452012,497.626112759644
212.693498452012,496.439169139466
212.693498452012,447.774480712166
212.693498452012,446.587537091988
212.693498452012,234.124629080119
212.693498452012,218.694362017804
212.693498452012,216.320474777448
212.693498452012,215.13353115727
212.693498452012,213.946587537092
212.693498452012,212.759643916914
212.693498452012,211.572700296736
212.693498452012,209.19881305638
212.693498452012,208.011869436202
212.693498452012,206.824925816024
212.693498452012,203.26409495549
212.693498452012,202.077151335312
212.693498452012,200.890207715134
212.693498452012,199.703264094956
212.693498452012,194.955489614243
212.693498452012,193.768545994065
212.693498452012,136.795252225519
212.693498452012,135.608308605341
213.931888544892,500
213.931888544892,498.813056379822
213.931888544892,497.626112759644
213.931888544892,496.439169139466
213.931888544892,447.774480712166
213.931888544892,446.587537091988
213.931888544892,237.685459940653
213.931888544892,236.498516320475
213.931888544892,218.694362017804
213.931888544892,217.507418397626
213.931888544892,216.320474777448
213.931888544892,215.13353115727
213.931888544892,211.572700296736
213.931888544892,203.26409495549
213.931888544892,199.703264094956
213.931888544892,136.795252225519
213.931888544892,135.608308605341
213.931888544892,108.308605341246
213.931888544892,107.121661721068
215.170278637771,500
215.170278637771,498.813056379822
215.170278637771,497.626112759644
215.170278637771,496.439169139466
215.170278637771,447.774480712166
215.170278637771,446.587537091988
215.170278637771,238.872403560831
215.170278637771,237.685459940653
215.170278637771,227.00296735905
215.170278637771,225.816023738872
215.170278637771,224.629080118694
215.170278637771,223.442136498516
215.170278637771,222.255192878338
215.170278637771,221.06824925816
215.170278637771,219.881305637982
215.170278637771,218.694362017804
215.170278637771,217.507418397626
215.170278637771,216.320474777448
215.170278637771,215.13353115727
215.170278637771,213.946587537092
215.170278637771,212.759643916914
215.170278637771,211.572700296736
215.170278637771,204.451038575668
215.170278637771,203.26409495549
215.170278637771,202.077151335312
215.170278637771,200.890207715134
215.170278637771,199.703264094956
215.170278637771,198.516320474777
215.170278637771,197.329376854599
215.170278637771,136.795252225519
215.170278637771,135.608308605341
215.170278637771,108.308605341246
215.170278637771,107.121661721068
216.40866873065,448.961424332344
216.40866873065,447.774480712166
216.40866873065,446.587537091988
216.40866873065,228.189910979229
216.40866873065,227.00296735905
216.40866873065,224.629080118694
216.40866873065,221.06824925816
216.40866873065,219.881305637982
216.40866873065,215.13353115727
216.40866873065,213.946587537092
216.40866873065,212.759643916914
216.40866873065,211.572700296736
216.40866873065,210.385756676558
216.40866873065,209.19881305638
216.40866873065,205.637982195846
216.40866873065,204.451038575668
216.40866873065,203.26409495549
216.40866873065,202.077151335312
216.40866873065,199.703264094956
216.40866873065,198.516320474777
216.40866873065,108.308605341246
216.40866873065,107.121661721068
217.647058823529,447.774480712166
217.647058823529,446.587537091988
217.647058823529,241.246290801187
217.647058823529,240.059347181009
217.647058823529,228.189910979229
217.647058823529,227.00296735905
217.647058823529,224.629080118694
217.647058823529,223.442136498516
217.647058823529,222.255192878338
217.647058823529,221.06824925816
217.647058823529,215.13353115727
217.647058823529,212.759643916914
217.647058823529,211.572700296736
217.647058823529,209.19881305638
217.647058823529,206.824925816024
217.647058823529,205.637982195846
217.647058823529,203.26409495549
217.647058823529,202.077151335312
218.885448916409,447.774480712166
218.885448916409,446.587537091988
218.885448916409,242.433234421365
218.885448916409,241.246290801187
218.885448916409,228.189910979229
218.885448916409,227.00296735905
218.885448916409,225.816023738872
218.885448916409,224.629080118694
218.885448916409,223.442136498516
218.885448916409,222.255192878338
218.885448916409,215.13353115727
218.885448916409,212.759643916914
218.885448916409,211.572700296736
218.885448916409,209.19881305638
218.885448916409,205.637982195846
218.885448916409,204.451038575668
218.885448916409,203.26409495549
218.885448916409,202.077151335312
220.123839009288,500
220.123839009288,498.813056379822
220.123839009288,497.626112759644
220.123839009288,496.439169139466
220.123839009288,447.774480712166
220.123839009288,446.587537091988
220.123839009288,244.807121661721
220.123839009288,243.620178041543
220.123839009288,225.816023738872
220.123839009288,224.629080118694
220.123839009288,215.13353115727
220.123839009288,213.946587537092
220.123839009288,212.759643916914
220.123839009288,211.572700296736
220.123839009288,210.385756676558
220.123839009288,209.19881305638
220.123839009288,204.451038575668
220.123839009288,203.26409495549
220.123839009288,136.795252225519
221.362229102167,500
221.362229102167,498.813056379822
221.362229102167,497.626112759644
221.362229102167,496.439169139466
221.362229102167,447.774480712166
221.362229102167,446.587537091988
221.362229102167,245.994065281899
221.362229102167,244.807121661721
221.362229102167,227.00296735905
221.362229102167,225.816023738872
221.362229102167,217.507418397626
221.362229102167,208.011869436202
221.362229102167,206.824925816024
221.362229102167,205.637982195846
221.362229102167,136.795252225519
221.362229102167,135.608308605341
222.600619195046,500
222.600619195046,498.813056379822
222.600619195046,497.626112759644
222.600619195046,496.439169139466
222.600619195046,447.774480712166
222.600619195046,446.587537091988
222.600619195046,245.994065281899
222.600619195046,244.807121661721
222.600619195046,243.620178041543
222.600619195046,242.433234421365
222.600619195046,228.189910979229
222.600619195046,227.00296735905
222.600619195046,223.442136498516
222.600619195046,222.255192878338
222.600619195046,221.06824925816
222.600619195046,218.694362017804
222.600619195046,217.507418397626
222.600619195046,216.320474777448
222.600619195046,215.13353115727
222.600619195046,211.572700296736
222.600619195046,210.385756676558
222.600619195046,209.19881305638
222.600619195046,208.011869436202
222.600619195046,206.824925816024
222.600619195046,136.795252225519
222.600619195046,135.608308605341
222.600619195046,108.308605341246
222.600619195046,107.121661721068
223.839009287926,498.813056379822
223.839009287926,497.626112759644
223.839009287926,496.439169139466
223.839009287926,448.961424332344
223.839009287926,447.774480712166
223.839009287926,446.587537091988
223.839009287926,248.367952522255
223.839009287926,244.807121661721
223.839009287926,242.433234421365
223.839009287926,238.872403560831
223.839009287926,237.685459940653
223.839009287926,230.563798219585
223.839009287926,229.376854599407
223.839009287926,228.189910979229
223.839009287926,224.629080118694
223.839009287926,223.442136498516
223.839009287926,221.06824925816
223.839009287926,218.694362017804
223.839009287926,215.13353115727
223.839009287926,212.759643916914
223.839009287926,211.572700296736
223.839009287926,209.19881305638
223.839009287926,108.308605341246
223.839009287926,107.121661721068
225.077399380805,498.813056379822
225.077399380805,497.626112759644
225.077399380805,496.439169139466
225.077399380805,447.774480712166
225.077399380805,446.587537091988
225.077399380805,250.741839762611
225.077399380805,249.554896142433
225.077399380805,248.367952522255
225.077399380805,244.807121661721
225.077399380805,242.433234421365
225.077399380805,241.246290801187
225.077399380805,240.059347181009
225.077399380805,237.685459940653
225.077399380805,236.498516320475
225.077399380805,232.937685459941
225.077399380805,231.750741839763
225.077399380805,230.563798219585
225.077399380805,224.629080118694
225.077399380805,223.442136498516
225.077399380805,222.255192878338
225.077399380805,221.06824925816
225.077399380805,218.694362017804
225.077399380805,217.507418397626
225.077399380805,216.320474777448
225.077399380805,215.13353115727
225.077399380805,212.759643916914
225.077399380805,211.572700296736
225.077399380805,210.385756676558
225.077399380805,209.19881305638
226.315789473684,500
226.315789473684,498.813056379822
226.315789473684,497.626112759644
226.315789473684,496.439169139466
226.315789473684,447.774480712166
226.315789473684,446.587537091988
226.315789473684,250.741839762611
226.315789473684,244.807121661721
226.315789473684,243.620178041543
226.315789473684,242.433234421365
226.315789473684,240.059347181009
226.315789473684,237.685459940653
226.315789473684,236.498516320475
226.315789473684,234.124629080119
226.315789473684,232.937685459941
226.315789473684,231.750741839763
226.315789473684,230.563798219585
226.315789473684,224.629080118694
226.315789473684,223.442136498516
226.315789473684,222.255192878338
226.315789473684,221.06824925816
226.315789473684,212.759643916914
226.315789473684,211.572700296736
226.315789473684,210.385756676558
226.315789473684,209.19881305638
227.554179566563,500
227.554179566563,498.813056379822
227.554179566563,497.626112759644
227.554179566563,447.774480712166
227.554179566563,446.587537091988
227.554179566563,253.115727002967
227.554179566563,240.059347181009
227.554179566563,238.872403560831
227.554179566563,237.685459940653
227.554179566563,236.498516320475
227.554179566563,235.311572700297
227.554179566563,234.124629080119
227.554179566563,232.937685459941
227.554179566563,230.563798219585
227.554179566563,224.629080118694
227.554179566563,223.442136498516
227.554179566563,222.255192878338
227.554179566563,221.06824925816
227.554179566563,215.13353115727
227.554179566563,213.946587537092
228.792569659443,500
228.792569659443,498.813056379822
228.792569659443,447.774480712166
228.792569659443,446.587537091988
228.792569659443,254.302670623145
228.792569659443,253.115727002967
228.792569659443,240.059347181009
228.792569659443,238.872403560831
228.792569659443,237.685459940653
228.792569659443,236.498516320475
228.792569659443,235.311572700297
228.792569659443,234.124629080119
228.792569659443,232.937685459941
228.792569659443,231.750741839763
228.792569659443,230.563798219585
228.792569659443,223.442136498516
228.792569659443,222.255192878338
228.792569659443,221.06824925816
228.792569659443,216.320474777448
228.792569659443,215.13353115727
228.792569659443,136.795252225519
228.792569659443,135.608308605341
230.030959752322,447.774480712166
230.030959752322,446.587537091988
230.030959752322,255.489614243323
230.030959752322,243.620178041543
230.030959752322,242.433234421365
230.030959752322,241.246290801187
230.030959752322,240.059347181009
230.030959752322,237.685459940653
230.030959752322,236.498516320475
230.030959752322,218.694362017804
230.030959752322,136.795252225519
230.030959752322,135.608308605341
230.030959752322,108.308605341246
230.030959752322,107.121661721068
231.269349845201,500
231.269349845201,498.813056379822
231.269349845201,497.626112759644
231.269349845201,496.439169139466
231.269349845201,495.252225519288
231.269349845201,447.774480712166
231.269349845201,446.587537091988
231.269349845201,257.86350148368
231.269349845201,256.676557863501
231.269349845201,243.620178041543
231.269349845201,242.433234421365
231.269349845201,240.059347181009
231.269349845201,238.872403560831
231.269349845201,237.685459940653
231.269349845201,236.498516320475
231.269349845201,219.881305637982
231.269349845201,218.694362017804
231.269349845201,136.795252225519
231.269349845201,135.608308605341
231.269349845201,108.308605341246
231.269349845201,107.121661721068
232.507739938081,500
232.507739938081,498.813056379822
232.507739938081,497.626112759644
232.507739938081,496.439169139466
232.507739938081,495.252225519288
232.507739938081,494.06528189911
232.507739938081,492.878338278932
232.507739938081,478.635014836795
232.507739938081,477.448071216617
232.507739938081,476.261127596439
232.507739938081,475.074183976261
232.507739938081,473.887240356083
232.507739938081,472.700296735905
232.507739938081,469.139465875371
232.507739938081,467.952522255193
232.507739938081,466.765578635015
232.507739938081,465.578635014837
232.507739938081,464.391691394659
232.507739938081,460.830860534125
232.507739938081,459.643916913947
232.507739938081,458.456973293769
232.507739938081,457.27002967359
232.507739938081,456.083086053412
232.507739938081,454.896142433234
232.507739938081,447.774480712166
232.507739938081,446.587537091988
232.507739938081,259.050445103858
232.507739938081,257.86350148368
232.507739938081,243.620178041543
232.507739938081,242.433234421365
232.507739938081,241.246290801187
232.507739938081,240.059347181009
232.507739938081,238.872403560831
232.507739938081,237.685459940653
232.507739938081,236.498516320475
232.507739938081,221.06824925816
232.507739938081,219.881305637982
232.507739938081,108.308605341246
232.507739938081,107.121661721068
233.74613003096,500
233.74613003096,498.813056379822
233.74613003096,497.626112759644
233.74613003096,495.252225519288
233.74613003096,494.06528189911
233.74613003096,492.878338278932
233.74613003096,479.821958456973
233.74613003096,478.635014836795
233.74613003096,477.448071216617
233.74613003096,476.261127596439
233.74613003096,475.074183976261
233.74613003096,473.887240356083
233.74613003096,472.700296735905
233.74613003096,470.326409495549
233.74613003096,469.139465875371
233.74613003096,467.952522255193
233.74613003096,466.765578635015
233.74613003096,465.578635014837
233.74613003096,464.391691394659
233.74613003096,463.204747774481
233.74613003096,460.830860534125
233.74613003096,459.643916913947
233.74613003096,458.456973293769
233.74613003096,457.27002967359
233.74613003096,456.083086053412
233.74613003096,454.896142433234
233.74613003096,453.709198813056
233.74613003096,447.774480712166
233.74613003096,446.587537091988
233.74613003096,242.433234421365
233.74613003096,241.246290801187
233.74613003096,223.442136498516
234.984520123839,498.813056379822
234.984520123839,497.626112759644
234.984520123839,496.439169139466
234.984520123839,494.06528189911
234.984520123839,492.878338278932
234.984520123839,491.691394658754
234.984520123839,479.821958456973
234.984520123839,478.635014836795
234.984520123839,477.448071216617
234.984520123839,473.887240356083
234.984520123839,472.700296735905
234.984520123839,470.326409495549
234.984520123839,469.139465875371
234.984520123839,467.952522255193
234.984520123839,465.578635014837
234.984520123839,464.391691394659
234.984520123839,463.204747774481
234.984520123839,460.830860534125
234.984520123839,459.643916913947
234.984520123839,456.083086053412
234.984520123839,454.896142433234
234.984520123839,453.709198813056
234.984520123839,447.774480712166
234.984520123839,446.587537091988
234.984520123839,261.424332344214
234.984520123839,244.807121661721
234.984520123839,243.620178041543
234.984520123839,242.433234421365
234.984520123839,225.816023738872
234.984520123839,224.629080118694
234.984520123839,223.442136498516
236.222910216718,498.813056379822
236.222910216718,497.626112759644
236.222910216718,496.439169139466
236.222910216718,494.06528189911
236.222910216718,492.878338278932
236.222910216718,491.691394658754
236.222910216718,479.821958456973
236.222910216718,478.635014836795
236.222910216718,473.887240356083
236.222910216718,472.700296735905
236.222910216718,471.513353115727
236.222910216718,470.326409495549
236.222910216718,469.139465875371
236.222910216718,464.391691394659
236.222910216718,463.204747774481
236.222910216718,462.017804154303
236.222910216718,460.830860534125
236.222910216718,459.643916913947
236.222910216718,454.896142433234
236.222910216718,453.709198813056
236.222910216718,447.774480712166
236.222910216718,446.587537091988
236.222910216718,262.611275964392
236.222910216718,245.994065281899
236.222910216718,244.807121661721
236.222910216718,136.795252225519
236.222910216718,135.608308605341
237.461300309598,498.813056379822
237.461300309598,497.626112759644
237.461300309598,496.439169139466
237.461300309598,494.06528189911
237.461300309598,492.878338278932
237.461300309598,491.691394658754
237.461300309598,476.261127596439
237.461300309598,475.074183976261
237.461300309598,473.887240356083
237.461300309598,472.700296735905
237.461300309598,470.326409495549
237.461300309598,469.139465875371
237.461300309598,464.391691394659
237.461300309598,463.204747774481
237.461300309598,462.017804154303
237.461300309598,460.830860534125
237.461300309598,459.643916913947
237.461300309598,454.896142433234
237.461300309598,453.709198813056
237.461300309598,450.148367952522
237.461300309598,448.961424332344
237.461300309598,447.774480712166
237.461300309598,446.587537091988
237.461300309598,257.86350148368
237.461300309598,256.676557863501
237.461300309598,247.181008902077
237.461300309598,245.994065281899
237.461300309598,228.189910979229
237.461300309598,227.00296735905
237.461300309598,136.795252225519
237.461300309598,135.608308605341
237.461300309598,108.308605341246
237.461300309598,107.121661721068
238.699690402477,498.813056379822
238.699690402477,497.626112759644
238.699690402477,496.439169139466
238.699690402477,494.06528189911
238.699690402477,492.878338278932
238.699690402477,491.691394658754
238.699690402477,476.261127596439
238.699690402477,475.074183976261
238.699690402477,473.887240356083
238.699690402477,472.700296735905
238.699690402477,470.326409495549
238.699690402477,469.139465875371
238.699690402477,464.391691394659
238.699690402477,463.204747774481
238.699690402477,462.017804154303
238.699690402477,460.830860534125
238.699690402477,459.643916913947
238.699690402477,454.896142433234
238.699690402477,453.709198813056
238.699690402477,450.148367952522
238.699690402477,448.961424332344
238.699690402477,447.774480712166
238.699690402477,446.587537091988
238.699690402477,266.172106824926
238.699690402477,264.985163204748
238.699690402477,259.050445103858
238.699690402477,257.86350148368
238.699690402477,256.676557863501
238.699690402477,255.489614243323
238.699690402477,248.367952522255
238.699690402477,247.181008902077
238.699690402477,229.376854599407
238.699690402477,228.189910979229
238.699690402477,136.795252225519
238.699690402477,135.608308605341
238.699690402477,108.308605341246
238.699690402477,107.121661721068
239.938080495356,500
239.938080495356,498.813056379822
239.938080495356,497.626112759644
239.938080495356,495.252225519288
239.938080495356,494.06528189911
239.938080495356,492.878338278932
239.938080495356,473.887240356083
239.938080495356,472.700296735905
239.938080495356,471.513353115727
239.938080495356,470.326409495549
239.938080495356,469.139465875371
239.938080495356,464.391691394659
239.938080495356,463.204747774481
239.938080495356,462.017804154303
239.938080495356,460.830860534125
239.938080495356,459.643916913947
239.938080495356,454.896142433234
239.938080495356,453.709198813056
239.938080495356,447.774480712166
239.938080495356,446.587537091988
239.938080495356,267.359050445104
239.938080495356,266.172106824926
239.938080495356,259.050445103858
239.938080495356,257.86350148368
239.938080495356,256.676557863501
239.938080495356,255.489614243323
239.938080495356,250.741839762611
239.938080495356,249.554896142433
239.938080495356,248.367952522255
239.938080495356,240.059347181009
239.938080495356,238.872403560831
239.938080495356,237.685459940653
239.938080495356,236.498516320475
239.938080495356,231.750741839763
239.938080495356,108.308605341246
239.938080495356,107.121661721068
241.176470588235,500
241.176470588235,498.813056379822
241.176470588235,495.252225519288
241.176470588235,494.06528189911
241.176470588235,492.878338278932
241.176470588235,479.821958456973
241.176470588235,478.635014836795
241.176470588235,473.887240356083
241.176470588235,472.700296735905
241.176470588235,471.513353115727
241.176470588235,470.326409495549
241.176470588235,469.139465875371
241.176470588235,464.391691394659
241.176470588235,463.204747774481
241.176470588235,460.830860534125
241.176470588235,459.643916913947
241.176470588235,456.083086053412
241.176470588235,454.896142433234
241.176470588235,453.709198813056
241.176470588235,447.774480712166
241.176470588235,446.587537091988
241.176470588235,269.73293768546
241.176470588235,268.545994065282
241.176470588235,259.050445103858
241.176470588235,257.86350148368
241.176470588235,256.676557863501
241.176470588235,255.489614243323
241.176470588235,251.928783382789
241.176470588235,250.741839762611
241.176470588235,240.059347181009
241.176470588235,236.498516320475
241.176470588235,232.937685459941
241.176470588235,231.750741839763
242.414860681115,500
242.414860681115,495.252225519288
242.414860681115,479.821958456973
242.414860681115,478.635014836795
242.414860681115,477.448071216617
242.414860681115,475.074183976261
242.414860681115,473.887240356083
242.414860681115,472.700296735905
242.414860681115,471.513353115727
242.414860681115,470.326409495549
242.414860681115,469.139465875371
242.414860681115,467.952522255193
242.414860681115,465.578635014837
242.414860681115,464.391691394659
242.414860681115,463.204747774481
242.414860681115,460.830860534125
242.414860681115,459.643916913947
242.414860681115,458.456973293769
242.414860681115,457.27002967359
242.414860681115,456.083086053412
242.414860681115,454.896142433234
242.414860681115,453.709198813056
242.414860681115,447.774480712166
242.414860681115,446.587537091988
242.414860681115,270.919881305638
242.414860681115,269.73293768546
242.414860681115,259.050445103858
242.414860681115,257.86350148368
242.414860681115,255.489614243323
242.414860681115,253.115727002967
242.414860681115,251.928783382789
242.414860681115,240.059347181009
242.414860681115,238.872403560831
242.414860681115,237.685459940653
242.414860681115,236.498516320475
242.414860681115,232.937685459941
243.653250773994,500
243.653250773994,498.813056379822
243.653250773994,479.821958456973
243.653250773994,478.635014836795
243.653250773994,477.448071216617
243.653250773994,476.261127596439
243.653250773994,475.074183976261
243.653250773994,473.887240356083
243.653250773994,472.700296735905
243.653250773994,469.139465875371
243.653250773994,467.952522255193
243.653250773994,466.765578635015
243.653250773994,465.578635014837
243.653250773994,464.391691394659
243.653250773994,463.204747774481
243.653250773994,460.830860534125
243.653250773994,459.643916913947
243.653250773994,458.456973293769
243.653250773994,457.27002967359
243.653250773994,456.083086053412
243.653250773994,454.896142433234
243.653250773994,447.774480712166
243.653250773994,446.587537091988
243.653250773994,270.919881305638
243.653250773994,257.86350148368
243.653250773994,256.676557863501
243.653250773994,255.489614243323
243.653250773994,254.302670623145
243.653250773994,253.115727002967
243.653250773994,251.928783382789
243.653250773994,250.741839762611
243.653250773994,249.554896142433
243.653250773994,238.872403560831
243.653250773994,237.685459940653
243.653250773994,236.498516320475
244.891640866873,500
244.891640866873,498.813056379822
244.891640866873,497.626112759644
244.891640866873,478.635014836795
244.891640866873,477.448071216617
244.891640866873,476.261127596439
244.891640866873,475.074183976261
244.891640866873,473.887240356083
244.891640866873,467.952522255193
244.891640866873,466.765578635015
244.891640866873,465.578635014837
244.891640866873,464.391691394659
244.891640866873,459.643916913947
244.891640866873,458.456973293769
244.891640866873,457.27002967359
244.891640866873,456.083086053412
244.891640866873,447.774480712166
244.891640866873,446.587537091988
244.891640866873,273.293768545994
244.891640866873,256.676557863501
244.891640866873,255.489614243323
244.891640866873,253.115727002967
244.891640866873,251.928783382789
244.891640866873,249.554896142433
244.891640866873,237.685459940653
244.891640866873,236.498516320475
244.891640866873,136.795252225519
244.891640866873,135.608308605341
244.891640866873,108.308605341246
244.891640866873,107.121661721068
246.130030959752,500
246.130030959752,498.813056379822
246.130030959752,497.626112759644
246.130030959752,447.774480712166
246.130030959752,446.587537091988
246.130030959752,274.480712166172
246.130030959752,257.86350148368
246.130030959752,256.676557863501
246.130030959752,253.115727002967
246.130030959752,251.928783382789
246.130030959752,250.741839762611
246.130030959752,249.554896142433
246.130030959752,136.795252225519
246.130030959752,135.608308605341
246.130030959752,108.308605341246
246.130030959752,107.121661721068
247.368421052632,447.774480712166
247.368421052632,446.587537091988
247.368421052632,275.66765578635
247.368421052632,261.424332344214
247.368421052632,260.237388724036
247.368421052632,259.050445103858
247.368421052632,257.86350148368
247.368421052632,251.928783382789
247.368421052632,250.741839762611
247.368421052632,249.554896142433
247.368421052632,242.433234421365
247.368421052632,241.246290801187
247.368421052632,240.059347181009
247.368421052632,108.308605341246
247.368421052632,107.121661721068
248.606811145511,447.774480712166
248.606811145511,446.587537091988
248.606811145511,278.041543026706
248.606811145511,276.854599406528
248.606811145511,262.611275964392
248.606811145511,261.424332344214
248.606811145511,260.237388724036
248.606811145511,259.050445103858
248.606811145511,257.86350148368
248.606811145511,255.489614243323
248.606811145511,254.302670623145
248.606811145511,253.115727002967
248.606811145511,251.928783382789
248.606811145511,242.433234421365
249.84520123839,447.774480712166
249.84520123839,446.587537091988
249.84520123839,279.228486646884
249.84520123839,278.041543026706
249.84520123839,262.611275964392
249.84520123839,261.424332344214
249.84520123839,260.237388724036
249.84520123839,259.050445103858
249.84520123839,257.86350148368
249.84520123839,255.489614243323
249.84520123839,251.928783382789
249.84520123839,244.807121661721
251.083591331269,447.774480712166
251.083591331269,446.587537091988
251.083591331269,279.228486646884
251.083591331269,264.985163204748
251.083591331269,263.79821958457
251.083591331269,262.611275964392
251.083591331269,261.424332344214
251.083591331269,260.237388724036
251.083591331269,259.050445103858
251.083591331269,255.489614243323
251.083591331269,253.115727002967
251.083591331269,251.928783382789
251.083591331269,247.181008902077
251.083591331269,245.994065281899
252.321981424149,500
252.321981424149,498.813056379822
252.321981424149,497.626112759644
252.321981424149,448.961424332344
252.321981424149,447.774480712166
252.321981424149,446.587537091988
252.321981424149,282.789317507418
252.321981424149,281.60237388724
252.321981424149,280.415430267062
252.321981424149,279.228486646884
252.321981424149,278.041543026706
252.321981424149,276.854599406528
252.321981424149,268.545994065282
252.321981424149,267.359050445104
252.321981424149,266.172106824926
252.321981424149,264.985163204748
252.321981424149,257.86350148368
252.321981424149,256.676557863501
252.321981424149,255.489614243323
252.321981424149,254.302670623145
252.321981424149,253.115727002967
252.321981424149,248.367952522255
252.321981424149,136.795252225519
252.321981424149,135.608308605341
253.560371517028,500
253.560371517028,498.813056379822
253.560371517028,497.626112759644
253.560371517028,447.774480712166
253.560371517028,446.587537091988
253.560371517028,282.789317507418
253.560371517028,281.60237388724
253.560371517028,280.415430267062
253.560371517028,278.041543026706
253.560371517028,276.854599406528
253.560371517028,268.545994065282
253.560371517028,267.359050445104
253.560371517028,266.172106824926
253.560371517028,264.985163204748
253.560371517028,259.050445103858
253.560371517028,257.86350148368
253.560371517028,256.676557863501
253.560371517028,255.489614243323
253.560371517028,250.741839762611
253.560371517028,249.554896142433
253.560371517028,248.367952522255
253.560371517028,136.795252225519
253.560371517028,135.608308605341
253.560371517028,107.121661721068
254.798761609907,500
254.798761609907,498.813056379822
254.798761609907,497.626112759644
254.798761609907,447.774480712166
254.798761609907,446.587537091988
254.798761609907,285.163204747774
254.798761609907,280.415430267062
254.798761609907,278.041543026706
254.798761609907,276.854599406528
254.798761609907,269.73293768546
254.798761609907,268.545994065282
254.798761609907,267.359050445104
254.798761609907,266.172106824926
254.798761609907,264.985163204748
254.798761609907,259.050445103858
254.798761609907,257.86350148368
254.798761609907,256.676557863501
254.798761609907,255.489614243323
254.798761609907,250.741839762611
254.798761609907,136.795252225519
254.798761609907,135.608308605341
254.798761609907,108.308605341246
254.798761609907,107.121661721068
256.037151702786,500
256.037151702786,447.774480712166
256.037151702786,446.587537091988
256.037151702786,287.537091988131
256.037151702786,286.350148367953
256.037151702786,285.163204747774
256.037151702786,280.415430267062
256.037151702786,279.228486646884
256.037151702786,278.041543026706
256.037151702786,276.854599406528
256.037151702786,270.919881305638
256.037151702786,269.73293768546
256.037151702786,267.359050445104
256.037151702786,266.172106824926
256.037151702786,259.050445103858
256.037151702786,257.86350148368
256.037151702786,256.676557863501
256.037151702786,255.489614243323
256.037151702786,253.115727002967
257.275541795666,500
257.275541795666,498.813056379822
257.275541795666,447.774480712166
257.275541795666,446.587537091988
257.275541795666,287.537091988131
257.275541795666,272.106824925816
257.275541795666,270.919881305638
257.275541795666,259.050445103858
257.275541795666,257.86350148368
257.275541795666,256.676557863501
257.275541795666,255.489614243323
257.275541795666,254.302670623145
257.275541795666,253.115727002967
258.513931888545,500
258.513931888545,498.813056379822
258.513931888545,497.626112759644
258.513931888545,447.774480712166
258.513931888545,446.587537091988
258.513931888545,289.910979228487
258.513931888545,274.480712166172
258.513931888545,273.293768545994
258.513931888545,272.106824925816
258.513931888545,259.050445103858
258.513931888545,257.86350148368
258.513931888545,256.676557863501
258.513931888545,255.489614243323
259.752321981424,498.813056379822
259.752321981424,497.626112759644
259.752321981424,496.439169139466
259.752321981424,447.774480712166
259.752321981424,446.587537091988
259.752321981424,291.097922848665
259.752321981424,289.910979228487
259.752321981424,275.66765578635
259.752321981424,274.480712166172
259.752321981424,259.050445103858
259.752321981424,257.86350148368
259.752321981424,256.676557863501
259.752321981424,255.489614243323
259.752321981424,136.795252225519
259.752321981424,135.608308605341
260.990712074303,498.813056379822
260.990712074303,497.626112759644
260.990712074303,496.439169139466
260.990712074303,447.774480712166
260.990712074303,446.587537091988
260.990712074303,291.097922848665
260.990712074303,278.041543026706
260.990712074303,276.854599406528
260.990712074303,275.66765578635
260.990712074303,274.480712166172
260.990712074303,260.237388724036
260.990712074303,259.050445103858
260.990712074303,257.86350148368
260.990712074303,256.676557863501
260.990712074303,136.795252225519
260.990712074303,135.608308605341
260.990712074303,108.308605341246
260.990712074303,107.121661721068
262.229102167183,498.813056379822
262.229102167183,497.626112759644
262.229102167183,496.439169139466
262.229102167183,447.774480712166
262.229102167183,446.587537091988
262.229102167183,293.471810089021
262.229102167183,279.228486646884
262.229102167183,278.041543026706
262.229102167183,276.854599406528
262.229102167183,274.480712166172
262.229102167183,262.611275964392
262.229102167183,261.424332344214
262.229102167183,136.795252225519
262.229102167183,135.608308605341
262.229102167183,108.308605341246
262.229102167183,107.121661721068
263.467492260062,500
263.467492260062,498.813056379822
263.467492260062,497.626112759644
263.467492260062,496.439169139466
263.467492260062,447.774480712166
263.467492260062,446.587537091988
263.467492260062,295.845697329377
263.467492260062,294.658753709199
263.467492260062,293.471810089021
263.467492260062,280.415430267062
263.467492260062,279.228486646884
263.467492260062,276.854599406528
263.467492260062,275.66765578635
263.467492260062,274.480712166172
263.467492260062,263.79821958457
263.467492260062,262.611275964392
264.705882352941,500
264.705882352941,498.813056379822
264.705882352941,497.626112759644
264.705882352941,447.774480712166
264.705882352941,446.587537091988
264.705882352941,295.845697329377
264.705882352941,281.60237388724
264.705882352941,280.415430267062
264.705882352941,276.854599406528
264.705882352941,275.66765578635
265.94427244582,500
265.94427244582,498.813056379822
265.94427244582,447.774480712166
265.94427244582,446.587537091988
265.94427244582,298.219584569733
265.94427244582,289.910979228487
265.94427244582,288.724035608309
265.94427244582,287.537091988131
265.94427244582,283.976261127596
265.94427244582,282.789317507418
265.94427244582,281.60237388724
265.94427244582,267.359050445104
265.94427244582,266.172106824926
267.1826625387,498.813056379822
267.1826625387,497.626112759644
267.1826625387,447.774480712166
267.1826625387,446.587537091988
267.1826625387,299.406528189911
267.1826625387,298.219584569733
267.1826625387,289.910979228487
267.1826625387,286.350148367953
267.1826625387,283.976261127596
267.1826625387,268.545994065282
267.1826625387,267.359050445104
267.1826625387,136.795252225519
267.1826625387,135.608308605341
268.421052631579,498.813056379822
268.421052631579,497.626112759644
268.421052631579,447.774480712166
268.421052631579,446.587537091988
268.421052631579,289.910979228487
268.421052631579,286.350148367953
268.421052631579,285.163204747774
268.421052631579,270.919881305638
268.421052631579,136.795252225519
268.421052631579,135.608308605341
268.421052631579,108.308605341246
268.421052631579,107.121661721068
269.659442724458,498.813056379822
269.659442724458,497.626112759644
269.659442724458,496.439169139466
269.659442724458,447.774480712166
269.659442724458,446.587537091988
269.659442724458,302.967359050445
269.659442724458,301.780415430267
269.659442724458,289.910979228487
269.659442724458,288.724035608309
269.659442724458,287.537091988131
269.659442724458,286.350148367953
269.659442724458,285.163204747774
269.659442724458,283.976261127596
269.659442724458,272.106824925816
269.659442724458,270.919881305638
269.659442724458,136.795252225519
269.659442724458,135.608308605341
269.659442724458,108.308605341246
269.659442724458,107.121661721068
270.897832817337,498.813056379822
270.897832817337,497.626112759644
270.897832817337,496.439169139466
270.897832817337,447.774480712166
270.897832817337,446.587537091988
270.897832817337,304.154302670623
270.897832817337,302.967359050445
270.897832817337,289.910979228487
270.897832817337,288.724035608309
270.897832817337,287.537091988131
270.897832817337,286.350148367953
270.897832817337,283.976261127596
270.897832817337,272.106824925816
270.897832817337,108.308605341246
270.897832817337,107.121661721068
272.136222910217,498.813056379822
272.136222910217,497.626112759644
272.136222910217,496.439169139466
272.136222910217,447.774480712166
272.136222910217,446.587537091988
272.136222910217,291.097922848665
272.136222910217,289.910979228487
272.136222910217,287.537091988131
272.136222910217,286.350148367953
272.136222910217,285.163204747774
272.136222910217,283.976261127596
272.136222910217,275.66765578635
272.136222910217,274.480712166172
273.374613003096,498.813056379822
273.374613003096,497.626112759644
273.374613003096,496.439169139466
273.374613003096,448.961424332344
273.374613003096,447.774480712166
273.374613003096,446.587537091988
273.374613003096,307.715133531157
273.374613003096,306.528189910979
273.374613003096,305.341246290801
273.374613003096,301.780415430267
273.374613003096,300.593471810089
273.374613003096,299.406528189911
273.374613003096,292.284866468843
273.374613003096,291.097922848665
273.374613003096,286.350148367953
273.374613003096,285.163204747774
273.374613003096,283.976261127596
273.374613003096,276.854599406528
273.374613003096,275.66765578635
274.613003095975,498.813056379822
274.613003095975,497.626112759644
274.613003095975,496.439169139466
274.613003095975,447.774480712166
274.613003095975,446.587537091988
274.613003095975,307.715133531157
274.613003095975,306.528189910979
274.613003095975,302.967359050445
274.613003095975,301.780415430267
274.613003095975,299.406528189911
274.613003095975,294.658753709199
274.613003095975,293.471810089021
274.613003095975,292.284866468843
274.613003095975,289.910979228487
274.613003095975,288.724035608309
274.613003095975,287.537091988131
274.613003095975,286.350148367953
274.613003095975,283.976261127596
274.613003095975,282.789317507418
274.613003095975,279.228486646884
274.613003095975,136.795252225519
274.613003095975,135.608308605341
275.851393188855,500
275.851393188855,498.813056379822
275.851393188855,497.626112759644
275.851393188855,496.439169139466
275.851393188855,447.774480712166
275.851393188855,446.587537091988
275.851393188855,310.089020771513
275.851393188855,302.967359050445
275.851393188855,301.780415430267
275.851393188855,299.406528189911
275.851393188855,295.845697329377
275.851393188855,294.658753709199
275.851393188855,289.910979228487
275.851393188855,286.350148367953
275.851393188855,285.163204747774
275.851393188855,283.976261127596
275.851393188855,280.415430267062
275.851393188855,279.228486646884
275.851393188855,136.795252225519
275.851393188855,135.608308605341
275.851393188855,108.308605341246
275.851393188855,107.121661721068
277.089783281734,500
277.089783281734,498.813056379822
277.089783281734,497.626112759644
277.089783281734,447.774480712166
277.089783281734,446.587537091988
277.089783281734,311.275964391691
277.089783281734,310.089020771513
277.089783281734,301.780415430267
277.089783281734,300.593471810089
277.089783281734,299.406528189911
277.089783281734,298.219584569733
277.089783281734,297.032640949555
277.089783281734,295.845697329377
277.089783281734,289.910979228487
277.089783281734,287.537091988131
277.089783281734,286.350148367953
277.089783281734,281.60237388724
277.089783281734,280.415430267062
277.089783281734,136.795252225519
277.089783281734,135.608308605341
277.089783281734,108.308605341246
277.089783281734,107.121661721068
278.328173374613,447.774480712166
278.328173374613,446.587537091988
278.328173374613,312.462908011869
278.328173374613,311.275964391691
278.328173374613,310.089020771513
278.328173374613,308.902077151335
278.328173374613,301.780415430267
278.328173374613,300.593471810089
278.328173374613,299.406528189911
278.328173374613,298.219584569733
278.328173374613,297.032640949555
278.328173374613,288.724035608309
278.328173374613,287.537091988131
278.328173374613,283.976261127596
278.328173374613,282.789317507418
278.328173374613,108.308605341246
278.328173374613,107.121661721068
279.566563467492,447.774480712166
279.566563467492,446.587537091988
279.566563467492,313.649851632047
279.566563467492,312.462908011869
279.566563467492,311.275964391691
279.566563467492,308.902077151335
279.566563467492,307.715133531157
279.566563467492,301.780415430267
279.566563467492,300.593471810089
279.566563467492,299.406528189911
279.566563467492,298.219584569733
279.566563467492,297.032640949555
279.566563467492,287.537091988131
279.566563467492,286.350148367953
279.566563467492,285.163204747774
279.566563467492,283.976261127596
280.804953560372,448.961424332344
280.804953560372,447.774480712166
280.804953560372,446.587537091988
280.804953560372,316.023738872404
280.804953560372,314.836795252226
280.804953560372,312.462908011869
280.804953560372,311.275964391691
280.804953560372,308.902077151335
280.804953560372,307.715133531157
280.804953560372,306.528189910979
280.804953560372,305.341246290801
280.804953560372,301.780415430267
280.804953560372,300.593471810089
280.804953560372,299.406528189911
280.804953560372,298.219584569733
280.804953560372,297.032640949555
280.804953560372,295.845697329377
280.804953560372,287.537091988131
280.804953560372,286.350148367953
280.804953560372,283.976261127596
282.043343653251,447.774480712166
282.043343653251,446.587537091988
282.043343653251,316.023738872404
282.043343653251,311.275964391691
282.043343653251,310.089020771513
282.043343653251,308.902077151335
282.043343653251,307.715133531157
282.043343653251,306.528189910979
282.043343653251,305.341246290801
282.043343653251,304.154302670623
282.043343653251,302.967359050445
282.043343653251,301.780415430267
282.043343653251,300.593471810089
282.043343653251,299.406528189911
282.043343653251,298.219584569733
282.043343653251,297.032640949555
282.043343653251,295.845697329377
282.043343653251,288.724035608309
282.043343653251,287.537091988131
282.043343653251,283.976261127596
283.28173374613,447.774480712166
283.28173374613,446.587537091988
283.28173374613,318.39762611276
283.28173374613,308.902077151335
283.28173374613,306.528189910979
283.28173374613,305.341246290801
283.28173374613,304.154302670623
283.28173374613,302.967359050445
283.28173374613,299.406528189911
283.28173374613,298.219584569733
283.28173374613,297.032640949555
283.28173374613,295.845697329377
283.28173374613,289.910979228487
283.28173374613,288.724035608309
283.28173374613,287.537091988131
283.28173374613,286.350148367953
283.28173374613,285.163204747774
283.28173374613,283.976261127596
283.28173374613,136.795252225519
283.28173374613,135.608308605341
284.520123839009,447.774480712166
284.520123839009,446.587537091988
284.520123839009,319.584569732938
284.520123839009,318.39762611276
284.520123839009,308.902077151335
284.520123839009,307.715133531157
284.520123839009,306.528189910979
284.520123839009,305.341246290801
284.520123839009,304.154302670623
284.520123839009,302.967359050445
284.520123839009,301.780415430267
284.520123839009,300.593471810089
284.520123839009,299.406528189911
284.520123839009,295.845697329377
284.520123839009,292.284866468843
284.520123839009,136.795252225519
284.520123839009,135.608308605341
284.520123839009,108.308605341246
284.520123839009,107.121661721068
285.758513931889,447.774480712166
285.758513931889,446.587537091988
285.758513931889,319.584569732938
285.758513931889,308.902077151335
285.758513931889,307.715133531157
285.758513931889,306.528189910979
285.758513931889,305.341246290801
285.758513931889,304.154302670623
285.758513931889,300.593471810089
285.758513931889,299.406528189911
285.758513931889,298.219584569733
285.758513931889,297.032640949555
285.758513931889,295.845697329377
285.758513931889,293.471810089021
285.758513931889,292.284866468843
285.758513931889,108.308605341246
285.758513931889,107.121661721068
286.996904024768,447.774480712166
286.996904024768,446.587537091988
286.996904024768,323.145400593472
286.996904024768,321.958456973294
286.996904024768,310.089020771513
286.996904024768,308.902077151335
286.996904024768,295.845697329377
286.996904024768,293.471810089021
288.235294117647,447.774480712166
288.235294117647,446.587537091988
288.235294117647,324.33234421365
288.235294117647,323.145400593472
288.235294117647,311.275964391691
288.235294117647,310.089020771513
288.235294117647,297.032640949555
288.235294117647,295.845697329377
289.473684210526,447.774480712166
289.473684210526,446.587537091988
289.473684210526,312.462908011869
289.473684210526,311.275964391691
289.473684210526,298.219584569733
289.473684210526,297.032640949555
290.712074303406,500
290.712074303406,498.813056379822
290.712074303406,497.626112759644
290.712074303406,447.774480712166
290.712074303406,446.587537091988
290.712074303406,327.893175074184
290.712074303406,326.706231454006
290.712074303406,325.519287833828
290.712074303406,314.836795252226
290.712074303406,313.649851632047
290.712074303406,312.462908011869
290.712074303406,300.593471810089
290.712074303406,136.795252225519
290.712074303406,135.608308605341
291.950464396285,500
291.950464396285,498.813056379822
291.950464396285,497.626112759644
291.950464396285,496.439169139466
291.950464396285,447.774480712166
291.950464396285,446.587537091988
291.950464396285,327.893175074184
291.950464396285,326.706231454006
291.950464396285,316.023738872404
291.950464396285,314.836795252226
291.950464396285,301.780415430267
291.950464396285,300.593471810089
291.950464396285,136.795252225519
291.950464396285,135.608308605341
291.950464396285,108.308605341246
291.950464396285,107.121661721068
293.188854489164,500
293.188854489164,498.813056379822
293.188854489164,497.626112759644
293.188854489164,496.439169139466
293.188854489164,447.774480712166
293.188854489164,446.587537091988
293.188854489164,330.26706231454
293.188854489164,317.210682492582
293.188854489164,316.023738872404
293.188854489164,302.967359050445
293.188854489164,301.780415430267
293.188854489164,136.795252225519
293.188854489164,135.608308605341
293.188854489164,108.308605341246
293.188854489164,107.121661721068
294.427244582043,498.813056379822
294.427244582043,497.626112759644
294.427244582043,496.439169139466
294.427244582043,447.774480712166
294.427244582043,446.587537091988
294.427244582043,331.454005934718
294.427244582043,330.26706231454
294.427244582043,329.080118694362
294.427244582043,327.893175074184
294.427244582043,326.706231454006
294.427244582043,318.39762611276
294.427244582043,317.210682492582
294.427244582043,316.023738872404
294.427244582043,314.836795252226
294.427244582043,305.341246290801
295.665634674923,500
295.665634674923,498.813056379822
295.665634674923,497.626112759644
295.665634674923,496.439169139466
295.665634674923,447.774480712166
295.665634674923,446.587537091988
295.665634674923,332.640949554896
295.665634674923,331.454005934718
295.665634674923,330.26706231454
295.665634674923,326.706231454006
295.665634674923,320.771513353116
295.665634674923,319.584569732938
295.665634674923,318.39762611276
295.665634674923,317.210682492582
295.665634674923,314.836795252226
295.665634674923,306.528189910979
295.665634674923,305.341246290801
296.904024767802,500
296.904024767802,498.813056379822
296.904024767802,497.626112759644
296.904024767802,496.439169139466
296.904024767802,447.774480712166
296.904024767802,446.587537091988
296.904024767802,335.014836795252
296.904024767802,333.827893175074
296.904024767802,330.26706231454
296.904024767802,329.080118694362
296.904024767802,327.893175074184
296.904024767802,326.706231454006
296.904024767802,325.519287833828
296.904024767802,321.958456973294
296.904024767802,320.771513353116
296.904024767802,319.584569732938
296.904024767802,318.39762611276
296.904024767802,317.210682492582
296.904024767802,316.023738872404
296.904024767802,314.836795252226
296.904024767802,308.902077151335
296.904024767802,306.528189910979
298.142414860681,500
298.142414860681,498.813056379822
298.142414860681,497.626112759644
298.142414860681,447.774480712166
298.142414860681,446.587537091988
298.142414860681,336.20178041543
298.142414860681,335.014836795252
298.142414860681,333.827893175074
298.142414860681,329.080118694362
298.142414860681,327.893175074184
298.142414860681,326.706231454006
298.142414860681,325.519287833828
298.142414860681,324.33234421365
298.142414860681,323.145400593472
298.142414860681,321.958456973294
298.142414860681,320.771513353116
298.142414860681,318.39762611276
298.142414860681,317.210682492582
298.142414860681,316.023738872404
298.142414860681,310.089020771513
298.142414860681,308.902077151335
298.142414860681,136.795252225519
298.142414860681,135.608308605341
299.38080495356,498.813056379822
299.38080495356,497.626112759644
299.38080495356,447.774480712166
299.38080495356,446.587537091988
299.38080495356,336.20178041543
299.38080495356,327.893175074184
299.38080495356,326.706231454006
299.38080495356,325.519287833828
299.38080495356,324.33234421365
299.38080495356,323.145400593472
299.38080495356,320.771513353116
299.38080495356,318.39762611276
299.38080495356,317.210682492582
299.38080495356,311.275964391691
299.38080495356,310.089020771513
299.38080495356,136.795252225519
299.38080495356,135.608308605341
299.38080495356,108.308605341246
299.38080495356,107.121661721068
300.61919504644,498.813056379822
300.61919504644,497.626112759644
300.61919504644,496.439169139466
300.61919504644,447.774480712166
300.61919504644,446.587537091988
300.61919504644,338.575667655786
300.61919504644,330.26706231454
300.61919504644,329.080118694362
300.61919504644,327.893175074184
300.61919504644,326.706231454006
300.61919504644,325.519287833828
300.61919504644,324.33234421365
300.61919504644,320.771513353116
300.61919504644,319.584569732938
300.61919504644,318.39762611276
300.61919504644,313.649851632047
300.61919504644,312.462908011869
300.61919504644,136.795252225519
300.61919504644,135.608308605341
300.61919504644,108.308605341246
300.61919504644,107.121661721068
301.857585139319,498.813056379822
301.857585139319,497.626112759644
301.857585139319,496.439169139466
301.857585139319,447.774480712166
301.857585139319,446.587537091988
301.857585139319,339.762611275964
301.857585139319,338.575667655786
301.857585139319,337.388724035608
301.857585139319,330.26706231454
301.857585139319,327.893175074184
301.857585139319,326.706231454006
301.857585139319,325.519287833828
301.857585139319,324.33234421365
301.857585139319,316.023738872404
301.857585139319,314.836795252226
301.857585139319,108.308605341246
301.857585139319,107.121661721068
303.095975232198,498.813056379822
303.095975232198,497.626112759644
303.095975232198,496.439169139466
303.095975232198,477.448071216617
303.095975232198,476.261127596439
303.095975232198,475.074183976261
303.095975232198,473.887240356083
303.095975232198,467.952522255193
303.095975232198,466.765578635015
303.095975232198,465.578635014837
303.095975232198,464.391691394659
303.095975232198,459.643916913947
303.095975232198,458.456973293769
303.095975232198,457.27002967359
303.095975232198,456.083086053412
303.095975232198,447.774480712166
303.095975232198,446.587537091988
303.095975232198,340.949554896142
303.095975232198,339.762611275964
303.095975232198,338.575667655786
303.095975232198,337.388724035608
303.095975232198,336.20178041543
303.095975232198,332.640949554896
303.095975232198,331.454005934718
303.095975232198,330.26706231454
303.095975232198,329.080118694362
303.095975232198,327.893175074184
303.095975232198,326.706231454006
303.095975232198,316.023738872404
304.334365325077,500
304.334365325077,498.813056379822
304.334365325077,497.626112759644
304.334365325077,496.439169139466
304.334365325077,478.635014836795
304.334365325077,477.448071216617
304.334365325077,476.261127596439
304.334365325077,475.074183976261
304.334365325077,473.887240356083
304.334365325077,472.700296735905
304.334365325077,470.326409495549
304.334365325077,469.139465875371
304.334365325077,467.952522255193
304.334365325077,466.765578635015
304.334365325077,465.578635014837
304.334365325077,464.391691394659
304.334365325077,463.204747774481
304.334365325077,460.830860534125
304.334365325077,459.643916913947
304.334365325077,458.456973293769
304.334365325077,457.27002967359
304.334365325077,456.083086053412
304.334365325077,454.896142433234
304.334365325077,447.774480712166
304.334365325077,446.587537091988
304.334365325077,343.323442136499
304.334365325077,342.136498516321
304.334365325077,339.762611275964
304.334365325077,336.20178041543
304.334365325077,333.827893175074
304.334365325077,332.640949554896
304.334365325077,331.454005934718
304.334365325077,330.26706231454
304.334365325077,329.080118694362
304.334365325077,327.893175074184
304.334365325077,318.39762611276
304.334365325077,317.210682492582
305.572755417957,500
305.572755417957,498.813056379822
305.572755417957,497.626112759644
305.572755417957,479.821958456973
305.572755417957,478.635014836795
305.572755417957,477.448071216617
305.572755417957,476.261127596439
305.572755417957,473.887240356083
305.572755417957,472.700296735905
305.572755417957,471.513353115727
305.572755417957,470.326409495549
305.572755417957,469.139465875371
305.572755417957,467.952522255193
305.572755417957,465.578635014837
305.572755417957,464.391691394659
305.572755417957,463.204747774481
305.572755417957,460.830860534125
305.572755417957,459.643916913947
305.572755417957,458.456973293769
305.572755417957,456.083086053412
305.572755417957,454.896142433234
305.572755417957,453.709198813056
305.572755417957,447.774480712166
305.572755417957,446.587537091988
305.572755417957,344.510385756677
305.572755417957,343.323442136499
305.572755417957,339.762611275964
305.572755417957,338.575667655786
305.572755417957,337.388724035608
305.572755417957,336.20178041543
305.572755417957,333.827893175074
305.572755417957,332.640949554896
305.572755417957,331.454005934718
305.572755417957,330.26706231454
305.572755417957,319.584569732938
305.572755417957,318.39762611276
305.572755417957,136.795252225519
305.572755417957,135.608308605341
306.811145510836,498.813056379822
306.811145510836,497.626112759644
306.811145510836,496.439169139466
306.811145510836,479.821958456973
306.811145510836,478.635014836795
306.811145510836,477.448071216617
306.811145510836,473.887240356083
306.811145510836,472.700296735905
306.811145510836,471.513353115727
306.811145510836,470.326409495549
306.811145510836,469.139465875371
306.811145510836,464.391691394659
306.811145510836,463.204747774481
306.811145510836,462.017804154303
306.811145510836,460.830860534125
306.811145510836,459.643916913947
306.811145510836,456.083086053412
306.811145510836,454.896142433234
306.811145510836,453.709198813056
306.811145510836,447.774480712166
306.811145510836,446.587537091988
306.811145510836,335.014836795252
306.811145510836,333.827893175074
306.811145510836,332.640949554896
306.811145510836,331.454005934718
306.811145510836,330.26706231454
306.811145510836,321.958456973294
306.811145510836,136.795252225519
306.811145510836,135.608308605341
306.811145510836,108.308605341246
306.811145510836,107.121661721068
308.049535603715,498.813056379822
308.049535603715,497.626112759644
308.049535603715,496.439169139466
308.049535603715,479.821958456973
308.049535603715,478.635014836795
308.049535603715,473.887240356083
308.049535603715,472.700296735905
308.049535603715,471.513353115727
308.049535603715,470.326409495549
308.049535603715,469.139465875371
308.049535603715,464.391691394659
308.049535603715,463.204747774481
308.049535603715,462.017804154303
308.049535603715,460.830860534125
308.049535603715,459.643916913947
308.049535603715,454.896142433234
308.049535603715,453.709198813056
308.049535603715,447.774480712166
308.049535603715,446.587537091988
308.049535603715,346.884272997033
308.049535603715,339.762611275964
308.049535603715,338.575667655786
308.049535603715,337.388724035608
308.049535603715,336.20178041543
308.049535603715,335.014836795252
308.049535603715,323.145400593472
308.049535603715,321.958456973294
308.049535603715,136.795252225519
308.049535603715,135.608308605341
308.049535603715,108.308605341246
308.049535603715,107.121661721068
309.287925696594,500
309.287925696594,498.813056379822
309.287925696594,497.626112759644
309.287925696594,496.439169139466
309.287925696594,476.261127596439
309.287925696594,475.074183976261
309.287925696594,473.887240356083
309.287925696594,472.700296735905
309.287925696594,470.326409495549
309.287925696594,469.139465875371
309.287925696594,464.391691394659
309.287925696594,463.204747774481
309.287925696594,462.017804154303
309.287925696594,460.830860534125
309.287925696594,459.643916913947
309.287925696594,454.896142433234
309.287925696594,453.709198813056
309.287925696594,450.148367952522
309.287925696594,448.961424332344
309.287925696594,447.774480712166
309.287925696594,446.587537091988
309.287925696594,348.071216617211
309.287925696594,346.884272997033
309.287925696594,339.762611275964
309.287925696594,337.388724035608
309.287925696594,336.20178041543
309.287925696594,324.33234421365
309.287925696594,323.145400593472
309.287925696594,108.308605341246
309.287925696594,107.121661721068
310.526315789474,500
310.526315789474,498.813056379822
310.526315789474,497.626112759644
310.526315789474,477.448071216617
310.526315789474,476.261127596439
310.526315789474,475.074183976261
310.526315789474,473.887240356083
310.526315789474,472.700296735905
310.526315789474,470.326409495549
310.526315789474,469.139465875371
310.526315789474,464.391691394659
310.526315789474,463.204747774481
310.526315789474,462.017804154303
310.526315789474,460.830860534125
310.526315789474,459.643916913947
310.526315789474,454.896142433234
310.526315789474,453.709198813056
310.526315789474,447.774480712166
310.526315789474,446.587537091988
310.526315789474,350.445103857567
310.526315789474,348.071216617211
310.526315789474,346.884272997033
310.526315789474,339.762611275964
310.526315789474,338.575667655786
310.526315789474,337.388724035608
310.526315789474,336.20178041543
310.526315789474,327.893175074184
310.526315789474,326.706231454006
310.526315789474,325.519287833828
311.764705882353,478.635014836795
311.764705882353,477.448071216617
311.764705882353,476.261127596439
311.764705882353,475.074183976261
311.764705882353,470.326409495549
311.764705882353,469.139465875371
311.764705882353,464.391691394659
311.764705882353,463.204747774481
311.764705882353,462.017804154303
311.764705882353,460.830860534125
311.764705882353,459.643916913947
311.764705882353,456.083086053412
311.764705882353,454.896142433234
311.764705882353,453.709198813056
311.764705882353,447.774480712166
311.764705882353,446.587537091988
311.764705882353,351.632047477745
311.764705882353,350.445103857567
311.764705882353,349.258160237389
311.764705882353,348.071216617211
311.764705882353,346.884272997033
311.764705882353,345.697329376855
311.764705882353,340.949554896142
311.764705882353,339.762611275964
311.764705882353,338.575667655786
311.764705882353,337.388724035608
311.764705882353,332.640949554896
311.764705882353,331.454005934718
311.764705882353,327.893175074184
311.764705882353,326.706231454006
313.003095975232,500
313.003095975232,479.821958456973
313.003095975232,478.635014836795
313.003095975232,477.448071216617
313.003095975232,470.326409495549
313.003095975232,469.139465875371
313.003095975232,467.952522255193
313.003095975232,465.578635014837
313.003095975232,464.391691394659
313.003095975232,463.204747774481
313.003095975232,460.830860534125
313.003095975232,459.643916913947
313.003095975232,456.083086053412
313.003095975232,454.896142433234
313.003095975232,453.709198813056
313.003095975232,447.774480712166
313.003095975232,446.587537091988
313.003095975232,352.818991097923
313.003095975232,351.632047477745
313.003095975232,349.258160237389
313.003095975232,348.071216617211
313.003095975232,346.884272997033
313.003095975232,345.697329376855
313.003095975232,344.510385756677
313.003095975232,343.323442136499
313.003095975232,342.136498516321
313.003095975232,340.949554896142
313.003095975232,333.827893175074
313.003095975232,332.640949554896
313.003095975232,331.454005934718
313.003095975232,330.26706231454
314.241486068111,500
314.241486068111,498.813056379822
314.241486068111,479.821958456973
314.241486068111,478.635014836795
314.241486068111,477.448071216617
314.241486068111,476.261127596439
314.241486068111,475.074183976261
314.241486068111,473.887240356083
314.241486068111,472.700296735905
314.241486068111,471.513353115727
314.241486068111,470.326409495549
314.241486068111,469.139465875371
314.241486068111,467.952522255193
314.241486068111,466.765578635015
314.241486068111,465.578635014837
314.241486068111,464.391691394659
314.241486068111,463.204747774481
314.241486068111,460.830860534125
314.241486068111,459.643916913947
314.241486068111,458.456973293769
314.241486068111,457.27002967359
314.241486068111,456.083086053412
314.241486068111,454.896142433234
314.241486068111,447.774480712166
314.241486068111,446.587537091988
314.241486068111,355.192878338279
314.241486068111,354.005934718101
314.241486068111,350.445103857567
314.241486068111,349.258160237389
314.241486068111,348.071216617211
314.241486068111,346.884272997033
314.241486068111,345.697329376855
314.241486068111,344.510385756677
314.241486068111,343.323442136499
314.241486068111,342.136498516321
314.241486068111,333.827893175074
314.241486068111,332.640949554896
314.241486068111,331.454005934718
314.241486068111,330.26706231454
314.241486068111,136.795252225519
314.241486068111,135.608308605341
314.241486068111,108.308605341246
314.241486068111,107.121661721068
315.479876160991,500
315.479876160991,498.813056379822
315.479876160991,497.626112759644
315.479876160991,479.821958456973
315.479876160991,478.635014836795
315.479876160991,477.448071216617
315.479876160991,476.261127596439
315.479876160991,475.074183976261
315.479876160991,473.887240356083
315.479876160991,472.700296735905
315.479876160991,471.513353115727
315.479876160991,469.139465875371
315.479876160991,467.952522255193
315.479876160991,466.765578635015
315.479876160991,465.578635014837
315.479876160991,464.391691394659
315.479876160991,459.643916913947
315.479876160991,458.456973293769
315.479876160991,457.27002967359
315.479876160991,456.083086053412
315.479876160991,454.896142433234
315.479876160991,447.774480712166
315.479876160991,446.587537091988
315.479876160991,361.127596439169
315.479876160991,359.940652818991
315.479876160991,358.753709198813
315.479876160991,356.379821958457
315.479876160991,355.192878338279
315.479876160991,351.632047477745
315.479876160991,350.445103857567
315.479876160991,349.258160237389
315.479876160991,348.071216617211
315.479876160991,346.884272997033
315.479876160991,345.697329376855
315.479876160991,344.510385756677
315.479876160991,343.323442136499
315.479876160991,342.136498516321
315.479876160991,333.827893175074
315.479876160991,332.640949554896
315.479876160991,331.454005934718
315.479876160991,330.26706231454
315.479876160991,136.795252225519
315.479876160991,135.608308605341
315.479876160991,108.308605341246
315.479876160991,107.121661721068
316.71826625387,500
316.71826625387,498.813056379822
316.71826625387,497.626112759644
316.71826625387,496.439169139466
316.71826625387,447.774480712166
316.71826625387,446.587537091988
316.71826625387,374.183976261128
316.71826625387,372.99703264095
316.71826625387,371.810089020772
316.71826625387,370.623145400594
316.71826625387,361.127596439169
316.71826625387,358.753709198813
316.71826625387,357.566765578635
316.71826625387,356.379821958457
316.71826625387,352.818991097923
316.71826625387,351.632047477745
316.71826625387,350.445103857567
316.71826625387,349.258160237389
316.71826625387,348.071216617211
316.71826625387,346.884272997033
316.71826625387,345.697329376855
316.71826625387,344.510385756677
316.71826625387,343.323442136499
316.71826625387,342.136498516321
316.71826625387,335.014836795252
316.71826625387,333.827893175074
316.71826625387,332.640949554896
316.71826625387,331.454005934718
316.71826625387,330.26706231454
316.71826625387,108.308605341246
316.71826625387,107.121661721068
317.956656346749,498.813056379822
317.956656346749,497.626112759644
317.956656346749,496.439169139466
317.956656346749,447.774480712166
317.956656346749,446.587537091988
317.956656346749,374.183976261128
317.956656346749,372.99703264095
317.956656346749,370.623145400594
317.956656346749,361.127596439169
317.956656346749,359.940652818991
317.956656346749,358.753709198813
317.956656346749,357.566765578635
317.956656346749,356.379821958457
317.956656346749,352.818991097923
317.956656346749,351.632047477745
317.956656346749,350.445103857567
317.956656346749,349.258160237389
317.956656346749,348.071216617211
317.956656346749,346.884272997033
317.956656346749,345.697329376855
317.956656346749,344.510385756677
317.956656346749,343.323442136499
317.956656346749,336.20178041543
317.956656346749,335.014836795252
319.195046439628,498.813056379822
319.195046439628,497.626112759644
319.195046439628,496.439169139466
319.195046439628,447.774480712166
319.195046439628,446.587537091988
319.195046439628,372.99703264095
319.195046439628,371.810089020772
319.195046439628,370.623145400594
319.195046439628,361.127596439169
319.195046439628,359.940652818991
319.195046439628,358.753709198813
319.195046439628,357.566765578635
319.195046439628,356.379821958457
319.195046439628,355.192878338279
319.195046439628,352.818991097923
319.195046439628,351.632047477745
319.195046439628,350.445103857567
319.195046439628,349.258160237389
319.195046439628,348.071216617211
320.433436532508,498.813056379822
320.433436532508,497.626112759644
320.433436532508,496.439169139466
320.433436532508,447.774480712166
320.433436532508,446.587537091988
320.433436532508,361.127596439169
320.433436532508,359.940652818991
320.433436532508,358.753709198813
320.433436532508,357.566765578635
320.433436532508,356.379821958457
320.433436532508,355.192878338279
320.433436532508,354.005934718101
320.433436532508,352.818991097923
320.433436532508,351.632047477745
320.433436532508,350.445103857567
320.433436532508,349.258160237389
320.433436532508,348.071216617211
320.433436532508,346.884272997033
320.433436532508,345.697329376855
320.433436532508,340.949554896142
320.433436532508,339.762611275964
320.433436532508,338.575667655786
321.671826625387,500
321.671826625387,498.813056379822
321.671826625387,497.626112759644
321.671826625387,496.439169139466
321.671826625387,447.774480712166
321.671826625387,446.587537091988
321.671826625387,363.501483679525
321.671826625387,362.314540059347
321.671826625387,358.753709198813
321.671826625387,357.566765578635
321.671826625387,356.379821958457
321.671826625387,355.192878338279
321.671826625387,352.818991097923
321.671826625387,351.632047477745
321.671826625387,349.258160237389
321.671826625387,348.071216617211
321.671826625387,345.697329376855
321.671826625387,340.949554896142
321.671826625387,136.795252225519
321.671826625387,135.608308605341
322.910216718266,500
322.910216718266,498.813056379822
322.910216718266,497.626112759644
322.910216718266,447.774480712166
322.910216718266,446.587537091988
322.910216718266,364.688427299703
322.910216718266,363.501483679525
322.910216718266,358.753709198813
322.910216718266,357.566765578635
322.910216718266,356.379821958457
322.910216718266,355.192878338279
322.910216718266,354.005934718101
322.910216718266,352.818991097923
322.910216718266,351.632047477745
322.910216718266,350.445103857567
322.910216718266,349.258160237389
322.910216718266,348.071216617211
322.910216718266,346.884272997033
322.910216718266,345.697329376855
322.910216718266,343.323442136499
322.910216718266,136.795252225519
322.910216718266,135.608308605341
322.910216718266,108.308605341246
322.910216718266,107.121661721068
324.148606811146,500
324.148606811146,498.813056379822
324.148606811146,447.774480712166
324.148606811146,446.587537091988
324.148606811146,362.314540059347
324.148606811146,361.127596439169
324.148606811146,359.940652818991
324.148606811146,358.753709198813
324.148606811146,357.566765578635
324.148606811146,356.379821958457
324.148606811146,355.192878338279
324.148606811146,354.005934718101
324.148606811146,351.632047477745
324.148606811146,350.445103857567
324.148606811146,349.258160237389
324.148606811146,348.071216617211
324.148606811146,346.884272997033
324.148606811146,345.697329376855
324.148606811146,344.510385756677
324.148606811146,343.323442136499
324.148606811146,135.608308605341
324.148606811146,108.308605341246
324.148606811146,107.121661721068
325.386996904025,447.774480712166
325.386996904025,446.587537091988
325.386996904025,368.249258160237
325.386996904025,367.062314540059
325.386996904025,365.875370919881
325.386996904025,363.501483679525
325.386996904025,362.314540059347
325.386996904025,361.127596439169
325.386996904025,359.940652818991
325.386996904025,358.753709198813
325.386996904025,357.566765578635
325.386996904025,356.379821958457
325.386996904025,355.192878338279
325.386996904025,107.121661721068
326.625386996904,447.774480712166
326.625386996904,446.587537091988
326.625386996904,368.249258160237
326.625386996904,367.062314540059
326.625386996904,365.875370919881
326.625386996904,364.688427299703
326.625386996904,363.501483679525
326.625386996904,362.314540059347
326.625386996904,361.127596439169
326.625386996904,359.940652818991
326.625386996904,358.753709198813
326.625386996904,357.566765578635
326.625386996904,355.192878338279
326.625386996904,349.258160237389
326.625386996904,348.071216617211
326.625386996904,346.884272997033
327.863777089783,500
327.863777089783,498.813056379822
327.863777089783,497.626112759644
327.863777089783,496.439169139466
327.863777089783,447.774480712166
327.863777089783,446.587537091988
327.863777089783,370.623145400594
327.863777089783,368.249258160237
327.863777089783,367.062314540059
327.863777089783,364.688427299703
327.863777089783,363.501483679525
327.863777089783,362.314540059347
327.863777089783,361.127596439169
327.863777089783,359.940652818991
327.863777089783,358.753709198813
327.863777089783,357.566765578635
327.863777089783,356.379821958457
327.863777089783,355.192878338279
327.863777089783,349.258160237389
329.102167182663,500
329.102167182663,498.813056379822
329.102167182663,497.626112759644
329.102167182663,496.439169139466
329.102167182663,447.774480712166
329.102167182663,446.587537091988
329.102167182663,371.810089020772
329.102167182663,370.623145400594
329.102167182663,368.249258160237
329.102167182663,367.062314540059
329.102167182663,364.688427299703
329.102167182663,363.501483679525
329.102167182663,362.314540059347
329.102167182663,361.127596439169
329.102167182663,359.940652818991
329.102167182663,358.753709198813
329.102167182663,357.566765578635
329.102167182663,355.192878338279
329.102167182663,351.632047477745
329.102167182663,136.795252225519
329.102167182663,135.608308605341
330.340557275542,500
330.340557275542,498.813056379822
330.340557275542,497.626112759644
330.340557275542,496.439169139466
330.340557275542,447.774480712166
330.340557275542,446.587537091988
330.340557275542,372.99703264095
330.340557275542,371.810089020772
330.340557275542,370.623145400594
330.340557275542,367.062314540059
330.340557275542,365.875370919881
330.340557275542,364.688427299703
330.340557275542,363.501483679525
330.340557275542,362.314540059347
330.340557275542,361.127596439169
330.340557275542,358.753709198813
330.340557275542,357.566765578635
330.340557275542,356.379821958457
330.340557275542,355.192878338279
330.340557275542,354.005934718101
330.340557275542,352.818991097923
330.340557275542,351.632047477745
330.340557275542,136.795252225519
330.340557275542,135.608308605341
330.340557275542,108.308605341246
330.340557275542,107.121661721068
331.578947368421,447.774480712166
331.578947368421,446.587537091988
331.578947368421,375.370919881306
331.578947368421,374.183976261128
331.578947368421,372.99703264095
331.578947368421,371.810089020772
331.578947368421,370.623145400594
331.578947368421,369.436201780415
331.578947368421,367.062314540059
331.578947368421,365.875370919881
331.578947368421,364.688427299703
331.578947368421,363.501483679525
331.578947368421,362.314540059347
331.578947368421,361.127596439169
331.578947368421,359.940652818991
331.578947368421,358.753709198813
331.578947368421,357.566765578635
331.578947368421,356.379821958457
331.578947368421,354.005934718101
331.578947368421,352.818991097923
331.578947368421,136.795252225519
331.578947368421,135.608308605341
331.578947368421,108.308605341246
331.578947368421,107.121661721068
332.8173374613,447.774480712166
332.8173374613,446.587537091988
332.8173374613,378.93175074184
332.8173374613,377.744807121662
332.8173374613,376.557863501484
332.8173374613,375.370919881306
332.8173374613,374.183976261128
332.8173374613,372.99703264095
332.8173374613,371.810089020772
332.8173374613,370.623145400594
332.8173374613,369.436201780415
332.8173374613,368.249258160237
332.8173374613,367.062314540059
332.8173374613,365.875370919881
332.8173374613,364.688427299703
332.8173374613,363.501483679525
332.8173374613,362.314540059347
332.8173374613,361.127596439169
332.8173374613,357.566765578635
332.8173374613,356.379821958457
332.8173374613,355.192878338279
332.8173374613,108.308605341246
332.8173374613,107.121661721068
334.05572755418,447.774480712166
334.05572755418,446.587537091988
334.05572755418,378.93175074184
334.05572755418,376.557863501484
334.05572755418,375.370919881306
334.05572755418,374.183976261128
334.05572755418,372.99703264095
334.05572755418,371.810089020772
334.05572755418,370.623145400594
334.05572755418,369.436201780415
334.05572755418,368.249258160237
334.05572755418,367.062314540059
334.05572755418,365.875370919881
334.05572755418,364.688427299703
334.05572755418,363.501483679525
334.05572755418,362.314540059347
334.05572755418,361.127596439169
334.05572755418,358.753709198813
334.05572755418,357.566765578635
335.294117647059,447.774480712166
335.294117647059,446.587537091988
335.294117647059,378.93175074184
335.294117647059,375.370919881306
335.294117647059,374.183976261128
335.294117647059,372.99703264095
335.294117647059,371.810089020772
335.294117647059,370.623145400594
335.294117647059,369.436201780415
335.294117647059,368.249258160237
335.294117647059,367.062314540059
335.294117647059,365.875370919881
335.294117647059,364.688427299703
335.294117647059,363.501483679525
335.294117647059,362.314540059347
335.294117647059,361.127596439169
335.294117647059,359.940652818991
336.532507739938,447.774480712166
336.532507739938,446.587537091988
336.532507739938,381.305637982196
336.532507739938,380.118694362018
336.532507739938,378.93175074184
336.532507739938,377.744807121662
336.532507739938,376.557863501484
336.532507739938,375.370919881306
336.532507739938,374.183976261128
336.532507739938,372.99703264095
336.532507739938,371.810089020772
336.532507739938,370.623145400594
336.532507739938,369.436201780415
336.532507739938,368.249258160237
336.532507739938,367.062314540059
336.532507739938,365.875370919881
336.532507739938,364.688427299703
336.532507739938,363.501483679525
336.532507739938,362.314540059347
336.532507739938,361.127596439169
336.532507739938,359.940652818991
336.532507739938,136.795252225519
336.532507739938,135.608308605341
337.770897832817,447.774480712166
337.770897832817,446.587537091988
337.770897832817,381.305637982196
337.770897832817,376.557863501484
337.770897832817,375.370919881306
337.770897832817,374.183976261128
337.770897832817,372.99703264095
337.770897832817,371.810089020772
337.770897832817,370.623145400594
337.770897832817,369.436201780415
337.770897832817,368.249258160237
337.770897832817,367.062314540059
337.770897832817,365.875370919881
337.770897832817,364.688427299703
337.770897832817,363.501483679525
337.770897832817,362.314540059347
337.770897832817,136.795252225519
337.770897832817,135.608308605341
337.770897832817,108.308605341246
337.770897832817,107.121661721068
339.009287925697,447.774480712166
339.009287925697,446.587537091988
339.009287925697,383.679525222552
339.009287925697,382.492581602374
339.009287925697,380.118694362018
339.009287925697,378.93175074184
339.009287925697,377.744807121662
339.009287925697,376.557863501484
339.009287925697,375.370919881306
339.009287925697,374.183976261128
339.009287925697,372.99703264095
339.009287925697,371.810089020772
339.009287925697,370.623145400594
339.009287925697,369.436201780415
339.009287925697,368.249258160237
339.009287925697,367.062314540059
339.009287925697,365.875370919881
339.009287925697,364.688427299703
339.009287925697,136.795252225519
339.009287925697,135.608308605341
339.009287925697,108.308605341246
339.009287925697,107.121661721068
340.247678018576,447.774480712166
340.247678018576,446.587537091988
340.247678018576,384.86646884273
340.247678018576,383.679525222552
340.247678018576,382.492581602374
340.247678018576,381.305637982196
340.247678018576,380.118694362018
340.247678018576,378.93175074184
340.247678018576,376.557863501484
340.247678018576,375.370919881306
340.247678018576,374.183976261128
340.247678018576,372.99703264095
340.247678018576,371.810089020772
340.247678018576,370.623145400594
340.247678018576,367.062314540059
340.247678018576,365.875370919881
340.247678018576,364.688427299703
340.247678018576,108.308605341246
340.247678018576,107.121661721068
341.486068111455,447.774480712166
341.486068111455,446.587537091988
341.486068111455,382.492581602374
341.486068111455,381.305637982196
341.486068111455,380.118694362018
341.486068111455,378.93175074184
341.486068111455,377.744807121662
341.486068111455,376.557863501484
341.486068111455,375.370919881306
341.486068111455,374.183976261128
341.486068111455,372.99703264095
341.486068111455,368.249258160237
342.724458204334,447.774480712166
342.724458204334,446.587537091988
342.724458204334,388.427299703264
342.724458204334,387.240356083086
342.724458204334,386.053412462908
342.724458204334,384.86646884273
342.724458204334,383.679525222552
342.724458204334,382.492581602374
342.724458204334,381.305637982196
342.724458204334,380.118694362018
342.724458204334,378.93175074184
342.724458204334,377.744807121662
342.724458204334,376.557863501484
342.724458204334,375.370919881306
342.724458204334,374.183976261128
342.724458204334,372.99703264095
342.724458204334,370.623145400594
342.724458204334,369.436201780415
342.724458204334,368.249258160237
343.962848297214,447.774480712166
343.962848297214,446.587537091988
343.962848297214,388.427299703264
343.962848297214,387.240356083086
343.962848297214,386.053412462908
343.962848297214,384.86646884273
343.962848297214,383.679525222552
343.962848297214,382.492581602374
343.962848297214,381.305637982196
343.962848297214,380.118694362018
343.962848297214,378.93175074184
343.962848297214,377.744807121662
343.962848297214,376.557863501484
343.962848297214,375.370919881306
343.962848297214,374.183976261128
343.962848297214,372.99703264095
343.962848297214,370.623145400594
345.201238390093,447.774480712166
345.201238390093,446.587537091988
345.201238390093,388.427299703264
345.201238390093,387.240356083086
345.201238390093,386.053412462908
345.201238390093,384.86646884273
345.201238390093,383.679525222552
345.201238390093,382.492581602374
345.201238390093,381.305637982196
345.201238390093,380.118694362018
345.201238390093,378.93175074184
345.201238390093,376.557863501484
345.201238390093,375.370919881306
345.201238390093,374.183976261128
345.201238390093,372.99703264095
345.201238390093,136.795252225519
345.201238390093,135.608308605341
346.439628482972,447.774480712166
346.439628482972,446.587537091988
346.439628482972,391.988130563798
346.439628482972,390.80118694362
346.439628482972,389.614243323442
346.439628482972,388.427299703264
346.439628482972,387.240356083086
346.439628482972,386.053412462908
346.439628482972,384.86646884273
346.439628482972,383.679525222552
346.439628482972,382.492581602374
346.439628482972,381.305637982196
346.439628482972,380.118694362018
346.439628482972,378.93175074184
346.439628482972,377.744807121662
346.439628482972,376.557863501484
346.439628482972,375.370919881306
346.439628482972,374.183976261128
346.439628482972,372.99703264095
346.439628482972,136.795252225519
346.439628482972,135.608308605341
346.439628482972,108.308605341246
346.439628482972,107.121661721068
347.678018575851,447.774480712166
347.678018575851,446.587537091988
347.678018575851,395.548961424332
347.678018575851,394.362017804154
347.678018575851,393.175074183976
347.678018575851,391.988130563798
347.678018575851,390.80118694362
347.678018575851,389.614243323442
347.678018575851,388.427299703264
347.678018575851,387.240356083086
347.678018575851,386.053412462908
347.678018575851,384.86646884273
347.678018575851,383.679525222552
347.678018575851,382.492581602374
347.678018575851,381.305637982196
347.678018575851,380.118694362018
347.678018575851,378.93175074184
347.678018575851,377.744807121662
347.678018575851,376.557863501484
347.678018575851,375.370919881306
347.678018575851,108.308605341246
347.678018575851,107.121661721068
348.916408668731,447.774480712166
348.916408668731,446.587537091988
348.916408668731,396.73590504451
348.916408668731,395.548961424332
348.916408668731,394.362017804154
348.916408668731,393.175074183976
348.916408668731,391.988130563798
348.916408668731,390.80118694362
348.916408668731,389.614243323442
348.916408668731,388.427299703264
348.916408668731,387.240356083086
348.916408668731,386.053412462908
348.916408668731,384.86646884273
348.916408668731,383.679525222552
348.916408668731,382.492581602374
348.916408668731,381.305637982196
348.916408668731,380.118694362018
348.916408668731,378.93175074184
348.916408668731,377.744807121662
348.916408668731,376.557863501484
348.916408668731,375.370919881306
350.15479876161,447.774480712166
350.15479876161,446.587537091988
350.15479876161,396.73590504451
350.15479876161,395.548961424332
350.15479876161,394.362017804154
350.15479876161,393.175074183976
350.15479876161,391.988130563798
350.15479876161,390.80118694362
350.15479876161,389.614243323442
350.15479876161,388.427299703264
350.15479876161,387.240356083086
350.15479876161,386.053412462908
350.15479876161,384.86646884273
350.15479876161,383.679525222552
350.15479876161,382.492581602374
350.15479876161,380.118694362018
350.15479876161,378.93175074184
350.15479876161,377.744807121662
350.15479876161,376.557863501484
350.15479876161,375.370919881306
351.393188854489,447.774480712166
351.393188854489,446.587537091988
351.393188854489,396.73590504451
351.393188854489,395.548961424332
351.393188854489,394.362017804154
351.393188854489,393.175074183976
351.393188854489,391.988130563798
351.393188854489,390.80118694362
351.393188854489,389.614243323442
351.393188854489,388.427299703264
351.393188854489,387.240356083086
351.393188854489,386.053412462908
351.393188854489,384.86646884273
351.393188854489,383.679525222552
351.393188854489,382.492581602374
351.393188854489,381.305637982196
351.393188854489,380.118694362018
351.393188854489,378.93175074184
351.393188854489,377.744807121662
351.393188854489,376.557863501484
352.631578947368,447.774480712166
352.631578947368,446.587537091988
352.631578947368,399.109792284866
352.631578947368,397.922848664688
352.631578947368,395.548961424332
352.631578947368,394.362017804154
352.631578947368,393.175074183976
352.631578947368,391.988130563798
352.631578947368,390.80118694362
352.631578947368,389.614243323442
352.631578947368,388.427299703264
352.631578947368,387.240356083086
352.631578947368,386.053412462908
352.631578947368,384.86646884273
352.631578947368,383.679525222552
352.631578947368,382.492581602374
352.631578947368,381.305637982196
352.631578947368,380.118694362018
352.631578947368,136.795252225519
352.631578947368,135.608308605341
353.869969040248,447.774480712166
353.869969040248,446.587537091988
353.869969040248,400.296735905045
353.869969040248,399.109792284866
353.869969040248,395.548961424332
353.869969040248,394.362017804154
353.869969040248,393.175074183976
353.869969040248,391.988130563798
353.869969040248,390.80118694362
353.869969040248,389.614243323442
353.869969040248,388.427299703264
353.869969040248,387.240356083086
353.869969040248,386.053412462908
353.869969040248,384.86646884273
353.869969040248,383.679525222552
353.869969040248,382.492581602374
353.869969040248,381.305637982196
353.869969040248,136.795252225519
353.869969040248,135.608308605341
353.869969040248,108.308605341246
353.869969040248,107.121661721068
355.108359133127,447.774480712166
355.108359133127,446.587537091988
355.108359133127,401.483679525223
355.108359133127,400.296735905045
355.108359133127,397.922848664688
355.108359133127,396.73590504451
355.108359133127,395.548961424332
355.108359133127,394.362017804154
355.108359133127,393.175074183976
355.108359133127,391.988130563798
355.108359133127,389.614243323442
355.108359133127,388.427299703264
355.108359133127,387.240356083086
355.108359133127,386.053412462908
355.108359133127,384.86646884273
355.108359133127,383.679525222552
355.108359133127,382.492581602374
355.108359133127,136.795252225519
355.108359133127,135.608308605341
355.108359133127,108.308605341246
355.108359133127,107.121661721068
356.346749226006,447.774480712166
356.346749226006,446.587537091988
356.346749226006,402.670623145401
356.346749226006,399.109792284866
356.346749226006,397.922848664688
356.346749226006,396.73590504451
356.346749226006,395.548961424332
356.346749226006,394.362017804154
356.346749226006,393.175074183976
356.346749226006,391.988130563798
356.346749226006,388.427299703264
356.346749226006,387.240356083086
356.346749226006,386.053412462908
356.346749226006,108.308605341246
356.346749226006,107.121661721068
357.585139318885,447.774480712166
357.585139318885,446.587537091988
357.585139318885,403.857566765579
357.585139318885,402.670623145401
357.585139318885,401.483679525223
357.585139318885,400.296735905045
357.585139318885,399.109792284866
357.585139318885,397.922848664688
357.585139318885,396.73590504451
357.585139318885,395.548961424332
357.585139318885,394.362017804154
357.585139318885,393.175074183976
357.585139318885,391.988130563798
357.585139318885,388.427299703264
358.823529411765,447.774480712166
358.823529411765,446.587537091988
358.823529411765,405.044510385757
358.823529411765,403.857566765579
358.823529411765,401.483679525223
358.823529411765,400.296735905045
358.823529411765,399.109792284866
358.823529411765,397.922848664688
358.823529411765,396.73590504451
358.823529411765,395.548961424332
358.823529411765,394.362017804154
358.823529411765,393.175074183976
358.823529411765,391.988130563798
358.823529411765,390.80118694362
358.823529411765,389.614243323442
360.061919504644,447.774480712166
360.061919504644,446.587537091988
360.061919504644,407.418397626113
360.061919504644,401.483679525223
360.061919504644,400.296735905045
360.061919504644,399.109792284866
360.061919504644,397.922848664688
360.061919504644,396.73590504451
360.061919504644,395.548961424332
360.061919504644,394.362017804154
360.061919504644,393.175074183976
360.061919504644,391.988130563798
360.061919504644,136.795252225519
360.061919504644,135.608308605341
361.300309597523,447.774480712166
361.300309597523,446.587537091988
361.300309597523,409.792284866469
361.300309597523,408.605341246291
361.300309597523,407.418397626113
361.300309597523,403.857566765579
361.300309597523,402.670623145401
361.300309597523,401.483679525223
361.300309597523,400.296735905045
361.300309597523,399.109792284866
361.300309597523,397.922848664688
361.300309597523,396.73590504451
361.300309597523,395.548961424332
361.300309597523,394.362017804154
361.300309597523,393.175074183976
361.300309597523,391.988130563798
361.300309597523,136.795252225519
361.300309597523,135.608308605341
361.300309597523,108.308605341246
361.300309597523,107.121661721068
362.538699690402,447.774480712166
362.538699690402,446.587537091988
362.538699690402,410.979228486647
362.538699690402,409.792284866469
362.538699690402,408.605341246291
362.538699690402,407.418397626113
362.538699690402,406.231454005935
362.538699690402,405.044510385757
362.538699690402,403.857566765579
362.538699690402,402.670623145401
362.538699690402,401.483679525223
362.538699690402,400.296735905045
362.538699690402,399.109792284866
362.538699690402,397.922848664688
362.538699690402,395.548961424332
362.538699690402,394.362017804154
362.538699690402,393.175074183976
362.538699690402,391.988130563798
362.538699690402,136.795252225519
362.538699690402,135.608308605341
362.538699690402,108.308605341246
362.538699690402,107.121661721068
363.777089783282,447.774480712166
363.777089783282,446.587537091988
363.777089783282,410.979228486647
363.777089783282,408.605341246291
363.777089783282,407.418397626113
363.777089783282,405.044510385757
363.777089783282,403.857566765579
363.777089783282,402.670623145401
363.777089783282,401.483679525223
363.777089783282,400.296735905045
363.777089783282,399.109792284866
363.777089783282,397.922848664688
363.777089783282,396.73590504451
363.777089783282,395.548961424332
363.777089783282,108.308605341246
363.777089783282,107.121661721068
365.015479876161,447.774480712166
365.015479876161,446.587537091988
365.015479876161,410.979228486647
365.015479876161,409.792284866469
365.015479876161,408.605341246291
365.015479876161,407.418397626113
365.015479876161,406.231454005935
365.015479876161,405.044510385757
365.015479876161,403.857566765579
365.015479876161,402.670623145401
365.015479876161,401.483679525223
365.015479876161,400.296735905045
365.015479876161,399.109792284866
365.015479876161,397.922848664688
366.25386996904,448.961424332344
366.25386996904,447.774480712166
366.25386996904,446.587537091988
366.25386996904,407.418397626113
366.25386996904,406.231454005935
366.25386996904,405.044510385757
366.25386996904,403.857566765579
366.25386996904,401.483679525223
366.25386996904,400.296735905045
366.25386996904,399.109792284866
367.492260061919,447.774480712166
367.492260061919,446.587537091988
367.492260061919,408.605341246291
367.492260061919,407.418397626113
367.492260061919,405.044510385757
367.492260061919,403.857566765579
367.492260061919,402.670623145401
367.492260061919,401.483679525223
367.492260061919,135.608308605341
368.730650154799,447.774480712166
368.730650154799,446.587537091988
368.730650154799,403.857566765579
368.730650154799,402.670623145401
368.730650154799,136.795252225519
368.730650154799,135.608308605341
368.730650154799,108.308605341246
368.730650154799,107.121661721068
369.969040247678,447.774480712166
369.969040247678,446.587537091988
369.969040247678,405.044510385757
369.969040247678,403.857566765579
369.969040247678,136.795252225519
369.969040247678,135.608308605341
369.969040247678,108.308605341246
369.969040247678,107.121661721068
371.207430340557,447.774480712166
371.207430340557,446.587537091988
371.207430340557,407.418397626113
371.207430340557,108.308605341246
371.207430340557,107.121661721068
372.445820433437,447.774480712166
372.445820433437,446.587537091988
372.445820433437,408.605341246291
372.445820433437,407.418397626113
373.684210526316,473.887240356083
373.684210526316,472.700296735905
373.684210526316,467.952522255193
373.684210526316,466.765578635015
373.684210526316,465.578635014837
373.684210526316,458.456973293769
373.684210526316,457.27002967359
373.684210526316,456.083086053412
373.684210526316,447.774480712166
373.684210526316,446.587537091988
373.684210526316,408.605341246291
374.922600619195,475.074183976261
374.922600619195,473.887240356083
374.922600619195,472.700296735905
374.922600619195,469.139465875371
374.922600619195,467.952522255193
374.922600619195,466.765578635015
374.922600619195,465.578635014837
374.922600619195,464.391691394659
374.922600619195,463.204747774481
374.922600619195,460.830860534125
374.922600619195,459.643916913947
374.922600619195,458.456973293769
374.922600619195,457.27002967359
374.922600619195,456.083086053412
374.922600619195,454.896142433234
374.922600619195,447.774480712166
374.922600619195,446.587537091988
376.160990712074,477.448071216617
376.160990712074,476.261127596439
376.160990712074,475.074183976261
376.160990712074,473.887240356083
376.160990712074,472.700296735905
376.160990712074,470.326409495549
376.160990712074,469.139465875371
376.160990712074,467.952522255193
376.160990712074,466.765578635015
376.160990712074,465.578635014837
376.160990712074,464.391691394659
376.160990712074,463.204747774481
376.160990712074,460.830860534125
376.160990712074,459.643916913947
376.160990712074,458.456973293769
376.160990712074,457.27002967359
376.160990712074,456.083086053412
376.160990712074,454.896142433234
376.160990712074,453.709198813056
376.160990712074,447.774480712166
376.160990712074,446.587537091988
376.160990712074,136.795252225519
376.160990712074,135.608308605341
376.160990712074,107.121661721068
377.399380804954,477.448071216617
377.399380804954,476.261127596439
377.399380804954,475.074183976261
377.399380804954,473.887240356083
377.399380804954,472.700296735905
377.399380804954,470.326409495549
377.399380804954,469.139465875371
377.399380804954,464.391691394659
377.399380804954,463.204747774481
377.399380804954,460.830860534125
377.399380804954,459.643916913947
377.399380804954,454.896142433234
377.399380804954,453.709198813056
377.399380804954,447.774480712166
377.399380804954,446.587537091988
377.399380804954,136.795252225519
377.399380804954,135.608308605341
377.399380804954,108.308605341246
377.399380804954,107.121661721068
378.637770897833,475.074183976261
378.637770897833,473.887240356083
378.637770897833,472.700296735905
378.637770897833,470.326409495549
378.637770897833,469.139465875371
378.637770897833,464.391691394659
378.637770897833,463.204747774481
378.637770897833,462.017804154303
378.637770897833,460.830860534125
378.637770897833,459.643916913947
378.637770897833,454.896142433234
378.637770897833,453.709198813056
378.637770897833,447.774480712166
378.637770897833,446.587537091988
378.637770897833,136.795252225519
378.637770897833,135.608308605341
378.637770897833,108.308605341246
378.637770897833,107.121661721068
379.876160990712,475.074183976261
379.876160990712,473.887240356083
379.876160990712,472.700296735905
379.876160990712,470.326409495549
379.876160990712,469.139465875371
379.876160990712,464.391691394659
379.876160990712,463.204747774481
379.876160990712,462.017804154303
379.876160990712,460.830860534125
379.876160990712,459.643916913947
379.876160990712,454.896142433234
379.876160990712,453.709198813056
379.876160990712,450.148367952522
379.876160990712,448.961424332344
379.876160990712,447.774480712166
379.876160990712,446.587537091988
381.114551083591,475.074183976261
381.114551083591,473.887240356083
381.114551083591,472.700296735905
381.114551083591,470.326409495549
381.114551083591,469.139465875371
381.114551083591,464.391691394659
381.114551083591,463.204747774481
381.114551083591,462.017804154303
381.114551083591,460.830860534125
381.114551083591,459.643916913947
381.114551083591,454.896142433234
381.114551083591,453.709198813056
381.114551083591,447.774480712166
381.114551083591,446.587537091988
382.352941176471,475.074183976261
382.352941176471,473.887240356083
382.352941176471,472.700296735905
382.352941176471,470.326409495549
382.352941176471,469.139465875371
382.352941176471,464.391691394659
382.352941176471,463.204747774481
382.352941176471,460.830860534125
382.352941176471,459.643916913947
382.352941176471,454.896142433234
382.352941176471,453.709198813056
382.352941176471,447.774480712166
382.352941176471,446.587537091988
383.59133126935,475.074183976261
383.59133126935,473.887240356083
383.59133126935,472.700296735905
383.59133126935,470.326409495549
383.59133126935,469.139465875371
383.59133126935,467.952522255193
383.59133126935,464.391691394659
383.59133126935,463.204747774481
383.59133126935,460.830860534125
383.59133126935,459.643916913947
383.59133126935,456.083086053412
383.59133126935,454.896142433234
383.59133126935,453.709198813056
383.59133126935,447.774480712166
383.59133126935,446.587537091988
383.59133126935,136.795252225519
383.59133126935,135.608308605341
384.829721362229,475.074183976261
384.829721362229,473.887240356083
384.829721362229,472.700296735905
384.829721362229,470.326409495549
384.829721362229,469.139465875371
384.829721362229,467.952522255193
384.829721362229,466.765578635015
384.829721362229,465.578635014837
384.829721362229,464.391691394659
384.829721362229,463.204747774481
384.829721362229,460.830860534125
384.829721362229,459.643916913947
384.829721362229,458.456973293769
384.829721362229,457.27002967359
384.829721362229,456.083086053412
384.829721362229,454.896142433234
384.829721362229,453.709198813056
384.829721362229,447.774480712166
384.829721362229,446.587537091988
384.829721362229,136.795252225519
384.829721362229,135.608308605341
384.829721362229,107.121661721068
386.068111455108,475.074183976261
386.068111455108,473.887240356083
386.068111455108,472.700296735905
386.068111455108,469.139465875371
386.068111455108,467.952522255193
386.068111455108,466.765578635015
386.068111455108,465.578635014837
386.068111455108,464.391691394659
386.068111455108,459.643916913947
386.068111455108,458.456973293769
386.068111455108,457.27002967359
386.068111455108,456.083086053412
386.068111455108,454.896142433234
386.068111455108,447.774480712166
386.068111455108,446.587537091988
386.068111455108,107.121661721068
387.306501547988,447.774480712166
387.306501547988,446.587537091988
388.544891640867,447.774480712166
388.544891640867,446.587537091988
389.783281733746,447.774480712166
389.783281733746,446.587537091988
391.021671826625,447.774480712166
391.021671826625,446.587537091988
391.021671826625,136.795252225519
391.021671826625,135.608308605341
392.260061919505,447.774480712166
392.260061919505,446.587537091988
392.260061919505,136.795252225519
392.260061919505,135.608308605341
392.260061919505,108.308605341246
392.260061919505,107.121661721068
393.498452012384,447.774480712166
393.498452012384,446.587537091988
393.498452012384,136.795252225519
393.498452012384,135.608308605341
393.498452012384,108.308605341246
393.498452012384,107.121661721068
394.736842105263,447.774480712166
394.736842105263,446.587537091988
394.736842105263,108.308605341246
394.736842105263,107.121661721068
395.975232198142,447.774480712166
395.975232198142,446.587537091988
397.213622291022,447.774480712166
397.213622291022,446.587537091988
398.452012383901,447.774480712166
398.452012383901,446.587537091988
398.452012383901,136.795252225519
398.452012383901,135.608308605341
399.69040247678,447.774480712166
399.69040247678,446.587537091988
399.69040247678,136.795252225519
399.69040247678,135.608308605341
399.69040247678,108.308605341246
399.69040247678,107.121661721068
400.928792569659,447.774480712166
400.928792569659,446.587537091988
400.928792569659,136.795252225519
400.928792569659,135.608308605341
400.928792569659,108.308605341246
400.928792569659,107.121661721068
402.167182662539,447.774480712166
402.167182662539,446.587537091988
402.167182662539,108.308605341246
402.167182662539,107.121661721068
403.405572755418,447.774480712166
403.405572755418,446.587537091988
404.643962848297,447.774480712166
404.643962848297,446.587537091988
405.882352941176,447.774480712166
405.882352941176,446.587537091988
407.120743034056,447.774480712166
407.120743034056,446.587537091988
407.120743034056,136.795252225519
407.120743034056,135.608308605341
407.120743034056,107.121661721068
408.359133126935,447.774480712166
408.359133126935,446.587537091988
408.359133126935,136.795252225519
408.359133126935,135.608308605341
408.359133126935,108.308605341246
408.359133126935,107.121661721068
409.597523219814,447.774480712166
409.597523219814,446.587537091988
409.597523219814,108.308605341246
409.597523219814,107.121661721068
410.835913312693,447.774480712166
410.835913312693,446.587537091988
412.074303405573,447.774480712166
412.074303405573,446.587537091988
413.312693498452,447.774480712166
413.312693498452,446.587537091988
414.551083591331,447.774480712166
414.551083591331,446.587537091988
414.551083591331,136.795252225519
414.551083591331,135.608308605341
415.789473684211,447.774480712166
415.789473684211,446.587537091988
415.789473684211,136.795252225519
415.789473684211,135.608308605341
415.789473684211,107.121661721068
417.02786377709,447.774480712166
417.02786377709,446.587537091988
417.02786377709,108.308605341246
417.02786377709,107.121661721068
418.266253869969,447.774480712166
418.266253869969,446.587537091988
418.266253869969,107.121661721068
419.504643962848,447.774480712166
419.504643962848,446.587537091988
420.743034055728,447.774480712166
420.743034055728,446.587537091988
421.981424148607,447.774480712166
421.981424148607,446.587537091988
421.981424148607,136.795252225519
421.981424148607,135.608308605341
423.219814241486,447.774480712166
423.219814241486,446.587537091988
423.219814241486,136.795252225519
423.219814241486,135.608308605341
423.219814241486,107.121661721068
424.458204334365,447.774480712166
424.458204334365,446.587537091988
424.458204334365,136.795252225519
424.458204334365,135.608308605341
424.458204334365,107.121661721068
425.696594427245,447.774480712166
425.696594427245,446.587537091988
425.696594427245,107.121661721068
426.934984520124,447.774480712166
426.934984520124,446.587537091988
428.173374613003,447.774480712166
428.173374613003,446.587537091988
429.411764705882,447.774480712166
429.411764705882,446.587537091988
429.411764705882,136.795252225519
429.411764705882,135.608308605341
430.650154798762,447.774480712166
430.650154798762,446.587537091988
430.650154798762,136.795252225519
430.650154798762,135.608308605341
430.650154798762,107.121661721068
431.888544891641,447.774480712166
431.888544891641,446.587537091988
431.888544891641,136.795252225519
431.888544891641,135.608308605341
431.888544891641,108.308605341246
431.888544891641,107.121661721068
433.12693498452,447.774480712166
433.12693498452,446.587537091988
433.12693498452,108.308605341246
433.12693498452,107.121661721068
434.365325077399,447.774480712166
434.365325077399,446.587537091988
435.603715170279,447.774480712166
435.603715170279,446.587537091988
436.842105263158,447.774480712166
436.842105263158,446.587537091988
438.080495356037,447.774480712166
438.080495356037,446.587537091988
438.080495356037,136.795252225519
438.080495356037,135.608308605341
438.080495356037,107.121661721068
439.318885448916,447.774480712166
439.318885448916,446.587537091988
439.318885448916,136.795252225519
439.318885448916,135.608308605341
439.318885448916,108.308605341246
439.318885448916,107.121661721068
440.557275541796,447.774480712166
440.557275541796,446.587537091988
440.557275541796,108.308605341246
440.557275541796,107.121661721068
441.795665634675,447.774480712166
441.795665634675,446.587537091988
443.034055727554,447.774480712166
443.034055727554,446.587537091988
444.272445820433,447.774480712166
444.272445820433,446.587537091988
445.510835913313,459.643916913947
445.510835913313,458.456973293769
445.510835913313,457.27002967359
445.510835913313,456.083086053412
445.510835913313,454.896142433234
445.510835913313,447.774480712166
445.510835913313,446.587537091988
445.510835913313,136.795252225519
445.510835913313,135.608308605341
446.749226006192,460.830860534125
446.749226006192,459.643916913947
446.749226006192,458.456973293769
446.749226006192,457.27002967359
446.749226006192,456.083086053412
446.749226006192,454.896142433234
446.749226006192,453.709198813056
446.749226006192,447.774480712166
446.749226006192,446.587537091988
446.749226006192,136.795252225519
446.749226006192,135.608308605341
446.749226006192,107.121661721068
447.987616099071,460.830860534125
447.987616099071,459.643916913947
447.987616099071,458.456973293769
447.987616099071,456.083086053412
447.987616099071,454.896142433234
447.987616099071,453.709198813056
447.987616099071,447.774480712166
447.987616099071,446.587537091988
447.987616099071,136.795252225519
447.987616099071,135.608308605341
447.987616099071,108.308605341246
447.987616099071,107.121661721068
449.22600619195,460.830860534125
449.22600619195,459.643916913947
449.22600619195,454.896142433234
449.22600619195,453.709198813056
449.22600619195,447.774480712166
449.22600619195,446.587537091988
450.46439628483,460.830860534125
450.46439628483,459.643916913947
450.46439628483,454.896142433234
450.46439628483,453.709198813056
450.46439628483,450.148367952522
450.46439628483,448.961424332344
450.46439628483,447.774480712166
450.46439628483,446.587537091988
451.702786377709,460.830860534125
451.702786377709,459.643916913947
451.702786377709,454.896142433234
451.702786377709,453.709198813056
451.702786377709,447.774480712166
451.702786377709,446.587537091988
452.941176470588,460.830860534125
452.941176470588,459.643916913947
452.941176470588,454.896142433234
452.941176470588,453.709198813056
452.941176470588,447.774480712166
452.941176470588,446.587537091988
454.179566563468,460.830860534125
454.179566563468,459.643916913947
454.179566563468,454.896142433234
454.179566563468,453.709198813056
454.179566563468,447.774480712166
454.179566563468,446.587537091988
454.179566563468,445.40059347181
454.179566563468,444.213649851632
454.179566563468,443.026706231454
454.179566563468,441.839762611276
454.179566563468,440.652818991098
454.179566563468,439.46587537092
454.179566563468,438.278931750742
454.179566563468,437.091988130564
454.179566563468,435.905044510386
454.179566563468,434.718100890208
454.179566563468,433.53115727003
454.179566563468,432.344213649852
454.179566563468,431.157270029674
454.179566563468,429.970326409496
454.179566563468,428.783382789317
454.179566563468,427.596439169139
454.179566563468,426.409495548961
454.179566563468,425.222551928783
454.179566563468,424.035608308605
454.179566563468,422.848664688427
454.179566563468,421.661721068249
454.179566563468,420.474777448071
454.179566563468,419.287833827893
454.179566563468,418.100890207715
454.179566563468,416.913946587537
454.179566563468,415.727002967359
454.179566563468,414.540059347181
454.179566563468,413.353115727003
454.179566563468,412.166172106825
454.179566563468,410.979228486647
454.179566563468,409.792284866469
454.179566563468,408.605341246291
454.179566563468,407.418397626113
454.179566563468,406.231454005935
454.179566563468,405.044510385757
454.179566563468,403.857566765579
454.179566563468,402.670623145401
454.179566563468,401.483679525223
454.179566563468,400.296735905045
454.179566563468,399.109792284866
454.179566563468,397.922848664688
454.179566563468,396.73590504451
454.179566563468,395.548961424332
454.179566563468,394.362017804154
454.179566563468,393.175074183976
454.179566563468,391.988130563798
454.179566563468,390.80118694362
454.179566563468,389.614243323442
454.179566563468,388.427299703264
454.179566563468,387.240356083086
454.179566563468,386.053412462908
454.179566563468,384.86646884273
454.179566563468,383.679525222552
454.179566563468,382.492581602374
454.179566563468,381.305637982196
454.179566563468,380.118694362018
454.179566563468,378.93175074184
454.179566563468,377.744807121662
454.179566563468,376.557863501484
454.179566563468,375.370919881306
454.179566563468,374.183976261128
454.179566563468,372.99703264095
454.179566563468,371.810089020772
454.179566563468,370.623145400594
454.179566563468,369.436201780415
454.179566563468,368.249258160237
454.179566563468,367.062314540059
454.179566563468,365.875370919881
454.179566563468,364.688427299703
454.179566563468,363.501483679525
454.179566563468,362.314540059347
454.179566563468,361.127596439169
454.179566563468,359.940652818991
454.179566563468,358.753709198813
454.179566563468,357.566765578635
454.179566563468,356.379821958457
454.179566563468,355.192878338279
454.179566563468,354.005934718101
454.179566563468,352.818991097923
454.179566563468,351.632047477745
454.179566563468,350.445103857567
454.179566563468,349.258160237389
454.179566563468,348.071216617211
454.179566563468,346.884272997033
454.179566563468,345.697329376855
454.179566563468,344.510385756677
454.179566563468,343.323442136499
454.179566563468,342.136498516321
454.179566563468,340.949554896142
454.179566563468,339.762611275964
454.179566563468,338.575667655786
454.179566563468,337.388724035608
454.179566563468,336.20178041543
454.179566563468,335.014836795252
454.179566563468,333.827893175074
454.179566563468,332.640949554896
454.179566563468,331.454005934718
454.179566563468,330.26706231454
454.179566563468,329.080118694362
454.179566563468,327.893175074184
454.179566563468,326.706231454006
454.179566563468,325.519287833828
454.179566563468,324.33234421365
454.179566563468,323.145400593472
454.179566563468,321.958456973294
454.179566563468,320.771513353116
454.179566563468,319.584569732938
454.179566563468,318.39762611276
454.179566563468,317.210682492582
454.179566563468,316.023738872404
454.179566563468,314.836795252226
454.179566563468,313.649851632047
454.179566563468,312.462908011869
454.179566563468,311.275964391691
454.179566563468,310.089020771513
454.179566563468,308.902077151335
454.179566563468,307.715133531157
454.179566563468,306.528189910979
454.179566563468,305.341246290801
454.179566563468,304.154302670623
454.179566563468,302.967359050445
454.179566563468,301.780415430267
454.179566563468,300.593471810089
454.179566563468,299.406528189911
454.179566563468,298.219584569733
454.179566563468,297.032640949555
454.179566563468,295.845697329377
454.179566563468,294.658753709199
454.179566563468,293.471810089021
454.179566563468,292.284866468843
454.179566563468,291.097922848665
454.179566563468,289.910979228487
454.179566563468,288.724035608309
454.179566563468,287.537091988131
454.179566563468,286.350148367953
454.179566563468,285.163204747774
454.179566563468,283.976261127596
454.179566563468,282.789317507418
454.179566563468,281.60237388724
454.179566563468,280.415430267062
454.179566563468,279.228486646884
454.179566563468,278.041543026706
454.179566563468,276.854599406528
454.179566563468,275.66765578635
454.179566563468,274.480712166172
454.179566563468,273.293768545994
454.179566563468,272.106824925816
454.179566563468,270.919881305638
454.179566563468,269.73293768546
454.179566563468,268.545994065282
454.179566563468,267.359050445104
454.179566563468,266.172106824926
454.179566563468,264.985163204748
454.179566563468,263.79821958457
454.179566563468,262.611275964392
454.179566563468,261.424332344214
454.179566563468,260.237388724036
454.179566563468,259.050445103858
454.179566563468,257.86350148368
454.179566563468,256.676557863501
454.179566563468,255.489614243323
454.179566563468,254.302670623145
454.179566563468,253.115727002967
454.179566563468,251.928783382789
454.179566563468,250.741839762611
454.179566563468,249.554896142433
454.179566563468,248.367952522255
454.179566563468,247.181008902077
454.179566563468,245.994065281899
454.179566563468,244.807121661721
454.179566563468,243.620178041543
454.179566563468,242.433234421365
454.179566563468,241.246290801187
454.179566563468,240.059347181009
454.179566563468,238.872403560831
454.179566563468,237.685459940653
454.179566563468,236.498516320475
454.179566563468,235.311572700297
454.179566563468,234.124629080119
454.179566563468,232.937685459941
454.179566563468,231.750741839763
454.179566563468,230.563798219585
454.179566563468,229.376854599407
454.179566563468,228.189910979229
454.179566563468,227.00296735905
454.179566563468,225.816023738872
454.179566563468,224.629080118694
454.179566563468,223.442136498516
454.179566563468,222.255192878338
454.179566563468,221.06824925816
454.179566563468,219.881305637982
454.179566563468,218.694362017804
454.179566563468,217.507418397626
454.179566563468,216.320474777448
454.179566563468,215.13353115727
454.179566563468,213.946587537092
454.179566563468,212.759643916914
454.179566563468,211.572700296736
454.179566563468,210.385756676558
454.179566563468,209.19881305638
454.179566563468,208.011869436202
454.179566563468,206.824925816024
454.179566563468,205.637982195846
454.179566563468,204.451038575668
454.179566563468,203.26409495549
454.179566563468,202.077151335312
454.179566563468,200.890207715134
454.179566563468,199.703264094956
454.179566563468,198.516320474777
454.179566563468,197.329376854599
454.179566563468,196.142433234421
454.179566563468,194.955489614243
454.179566563468,193.768545994065
454.179566563468,192.581602373887
454.179566563468,191.394658753709
454.179566563468,190.207715133531
454.179566563468,189.020771513353
454.179566563468,187.833827893175
454.179566563468,186.646884272997
454.179566563468,185.459940652819
454.179566563468,184.272997032641
454.179566563468,183.086053412463
454.179566563468,181.899109792285
454.179566563468,180.712166172107
454.179566563468,179.525222551929
454.179566563468,178.338278931751
454.179566563468,177.151335311573
454.179566563468,175.964391691395
454.179566563468,174.777448071217
454.179566563468,173.590504451039
454.179566563468,172.403560830861
454.179566563468,171.216617210683
454.179566563468,170.029673590504
454.179566563468,168.842729970326
454.179566563468,167.655786350148
454.179566563468,166.46884272997
454.179566563468,165.281899109792
454.179566563468,164.094955489614
454.179566563468,162.908011869436
454.179566563468,161.721068249258
454.179566563468,160.53412462908
454.179566563468,159.347181008902
454.179566563468,158.160237388724
454.179566563468,156.973293768546
454.179566563468,155.786350148368
454.179566563468,154.59940652819
454.179566563468,153.412462908012
454.179566563468,152.225519287834
454.179566563468,151.038575667656
454.179566563468,149.851632047478
454.179566563468,148.6646884273
454.179566563468,147.477744807122
454.179566563468,146.290801186944
454.179566563468,145.103857566766
454.179566563468,143.916913946588
454.179566563468,142.72997032641
454.179566563468,141.543026706231
454.179566563468,140.356083086053
454.179566563468,139.169139465875
454.179566563468,137.982195845697
454.179566563468,136.795252225519
454.179566563468,135.608308605341
454.179566563468,134.421364985163
454.179566563468,133.234421364985
454.179566563468,132.047477744807
454.179566563468,130.860534124629
454.179566563468,129.673590504451
454.179566563468,128.486646884273
454.179566563468,127.299703264095
454.179566563468,126.112759643917
454.179566563468,124.925816023739
454.179566563468,123.738872403561
454.179566563468,122.551928783383
454.179566563468,121.364985163205
454.179566563468,120.178041543027
454.179566563468,118.991097922849
454.179566563468,117.804154302671
454.179566563468,116.617210682493
454.179566563468,115.430267062315
454.179566563468,114.243323442137
454.179566563468,113.056379821958
454.179566563468,111.86943620178
454.179566563468,110.682492581602
454.179566563468,109.495548961424
454.179566563468,108.308605341246
454.179566563468,107.121661721068
454.179566563468,105.93471810089
454.179566563468,104.747774480712
454.179566563468,103.560830860534
454.179566563468,102.373887240356
454.179566563468,101.186943620178
454.179566563468,100
455.417956656347,460.830860534125
455.417956656347,459.643916913947
455.417956656347,458.456973293769
455.417956656347,456.083086053412
455.417956656347,454.896142433234
455.417956656347,453.709198813056
455.417956656347,443.026706231454
455.417956656347,437.091988130564
455.417956656347,431.157270029674
455.417956656347,425.222551928783
455.417956656347,424.035608308605
455.417956656347,419.287833827893
455.417956656347,418.100890207715
455.417956656347,412.166172106825
455.417956656347,406.231454005935
455.417956656347,400.296735905045
455.417956656347,399.109792284866
455.417956656347,394.362017804154
455.417956656347,393.175074183976
455.417956656347,387.240356083086
455.417956656347,381.305637982196
455.417956656347,375.370919881306
455.417956656347,369.436201780415
455.417956656347,368.249258160237
455.417956656347,362.314540059347
455.417956656347,356.379821958457
455.417956656347,350.445103857567
455.417956656347,344.510385756677
455.417956656347,343.323442136499
455.417956656347,337.388724035608
455.417956656347,331.454005934718
455.417956656347,325.519287833828
455.417956656347,324.33234421365
455.417956656347,319.584569732938
455.417956656347,318.39762611276
455.417956656347,312.462908011869
455.417956656347,306.528189910979
455.417956656347,300.593471810089
455.417956656347,294.658753709199
455.417956656347,293.471810089021
455.417956656347,288.724035608309
455.417956656347,287.537091988131
455.417956656347,281.60237388724
455.417956656347,275.66765578635
455.417956656347,269.73293768546
455.417956656347,263.79821958457
455.417956656347,262.611275964392
455.417956656347,256.676557863501
455.417956656347,250.741839762611
455.417956656347,244.807121661721
455.417956656347,243.620178041543
455.417956656347,238.872403560831
455.417956656347,237.685459940653
455.417956656347,232.937685459941
455.417956656347,231.750741839763
455.417956656347,225.816023738872
455.417956656347,219.881305637982
455.417956656347,213.946587537092
455.417956656347,208.011869436202
455.417956656347,206.824925816024
455.417956656347,202.077151335312
455.417956656347,200.890207715134
455.417956656347,194.955489614243
455.417956656347,189.020771513353
455.417956656347,183.086053412463
455.417956656347,175.964391691395
455.417956656347,170.029673590504
455.417956656347,164.094955489614
455.417956656347,158.160237388724
455.417956656347,156.973293768546
455.417956656347,151.038575667656
455.417956656347,145.103857566766
455.417956656347,139.169139465875
455.417956656347,137.982195845697
455.417956656347,133.234421364985
455.417956656347,132.047477744807
455.417956656347,126.112759643917
455.417956656347,120.178041543027
455.417956656347,114.243323442137
455.417956656347,113.056379821958
455.417956656347,108.308605341246
455.417956656347,107.121661721068
455.417956656347,101.186943620178
456.656346749226,460.830860534125
456.656346749226,459.643916913947
456.656346749226,458.456973293769
456.656346749226,457.27002967359
456.656346749226,456.083086053412
456.656346749226,454.896142433234
456.656346749226,453.709198813056
456.656346749226,443.026706231454
456.656346749226,412.166172106825
456.656346749226,381.305637982196
456.656346749226,350.445103857567
456.656346749226,319.584569732938
456.656346749226,318.39762611276
456.656346749226,288.724035608309
456.656346749226,287.537091988131
456.656346749226,256.676557863501
456.656346749226,225.816023738872
456.656346749226,194.955489614243
456.656346749226,164.094955489614
456.656346749226,132.047477744807
456.656346749226,101.186943620178
457.894736842105,458.456973293769
457.894736842105,457.27002967359
457.894736842105,456.083086053412
457.894736842105,412.166172106825
457.894736842105,101.186943620178
469.040247678019,441.839762611276
469.040247678019,440.652818991098
469.040247678019,439.46587537092
469.040247678019,416.913946587537
469.040247678019,415.727002967359
469.040247678019,386.053412462908
469.040247678019,384.86646884273
469.040247678019,383.679525222552
469.040247678019,377.744807121662
469.040247678019,376.557863501484
469.040247678019,375.370919881306
469.040247678019,355.192878338279
469.040247678019,354.005934718101
469.040247678019,352.818991097923
469.040247678019,344.510385756677
469.040247678019,343.323442136499
469.040247678019,324.33234421365
469.040247678019,323.145400593472
469.040247678019,316.023738872404
469.040247678019,314.836795252226
469.040247678019,313.649851632047
469.040247678019,293.471810089021
469.040247678019,292.284866468843
469.040247678019,282.789317507418
469.040247678019,281.60237388724
469.040247678019,254.302670623145
469.040247678019,253.115727002967
469.040247678019,251.928783382789
469.040247678019,221.06824925816
469.040247678019,219.881305637982
469.040247678019,197.329376854599
469.040247678019,196.142433234421
469.040247678019,192.581602373887
469.040247678019,191.394658753709
469.040247678019,190.207715133531
469.040247678019,166.46884272997
469.040247678019,165.281899109792
469.040247678019,158.160237388724
469.040247678019,156.973293768546
469.040247678019,137.982195845697
469.040247678019,136.795252225519
469.040247678019,135.608308605341
469.040247678019,129.673590504451
469.040247678019,128.486646884273
469.040247678019,127.299703264095
469.040247678019,107.121661721068
469.040247678019,105.93471810089
469.040247678019,104.747774480712
469.040247678019,103.560830860534
470.278637770898,447.774480712166
470.278637770898,446.587537091988
470.278637770898,443.026706231454
470.278637770898,441.839762611276
470.278637770898,440.652818991098
470.278637770898,439.46587537092
470.278637770898,438.278931750742
470.278637770898,437.091988130564
470.278637770898,416.913946587537
470.278637770898,415.727002967359
470.278637770898,412.166172106825
470.278637770898,410.979228486647
470.278637770898,409.792284866469
470.278637770898,408.605341246291
470.278637770898,407.418397626113
470.278637770898,406.231454005935
470.278637770898,388.427299703264
470.278637770898,387.240356083086
470.278637770898,386.053412462908
470.278637770898,384.86646884273
470.278637770898,383.679525222552
470.278637770898,382.492581602374
470.278637770898,380.118694362018
470.278637770898,378.93175074184
470.278637770898,377.744807121662
470.278637770898,376.557863501484
470.278637770898,375.370919881306
470.278637770898,374.183976261128
470.278637770898,357.566765578635
470.278637770898,356.379821958457
470.278637770898,355.192878338279
470.278637770898,354.005934718101
470.278637770898,352.818991097923
470.278637770898,351.632047477745
470.278637770898,350.445103857567
470.278637770898,348.071216617211
470.278637770898,346.884272997033
470.278637770898,345.697329376855
470.278637770898,344.510385756677
470.278637770898,343.323442136499
470.278637770898,342.136498516321
470.278637770898,326.706231454006
470.278637770898,325.519287833828
470.278637770898,324.33234421365
470.278637770898,323.145400593472
470.278637770898,321.958456973294
470.278637770898,320.771513353116
470.278637770898,317.210682492582
470.278637770898,316.023738872404
470.278637770898,314.836795252226
470.278637770898,313.649851632047
470.278637770898,312.462908011869
470.278637770898,295.845697329377
470.278637770898,294.658753709199
470.278637770898,293.471810089021
470.278637770898,292.284866468843
470.278637770898,291.097922848665
470.278637770898,289.910979228487
470.278637770898,286.350148367953
470.278637770898,285.163204747774
470.278637770898,283.976261127596
470.278637770898,282.789317507418
470.278637770898,281.60237388724
470.278637770898,280.415430267062
470.278637770898,261.424332344214
470.278637770898,260.237388724036
470.278637770898,259.050445103858
470.278637770898,255.489614243323
470.278637770898,254.302670623145
470.278637770898,253.115727002967
470.278637770898,251.928783382789
470.278637770898,250.741839762611
470.278637770898,249.554896142433
470.278637770898,230.563798219585
470.278637770898,229.376854599407
470.278637770898,228.189910979229
470.278637770898,224.629080118694
470.278637770898,223.442136498516
470.278637770898,222.255192878338
470.278637770898,221.06824925816
470.278637770898,219.881305637982
470.278637770898,218.694362017804
470.278637770898,202.077151335312
470.278637770898,200.890207715134
470.278637770898,199.703264094956
470.278637770898,198.516320474777
470.278637770898,197.329376854599
470.278637770898,196.142433234421
470.278637770898,194.955489614243
470.278637770898,193.768545994065
470.278637770898,192.581602373887
470.278637770898,191.394658753709
470.278637770898,190.207715133531
470.278637770898,189.020771513353
470.278637770898,187.833827893175
470.278637770898,170.029673590504
470.278637770898,168.842729970326
470.278637770898,167.655786350148
470.278637770898,166.46884272997
470.278637770898,165.281899109792
470.278637770898,164.094955489614
470.278637770898,161.721068249258
470.278637770898,160.53412462908
470.278637770898,159.347181008902
470.278637770898,158.160237388724
470.278637770898,156.973293768546
470.278637770898,155.786350148368
470.278637770898,139.169139465875
470.278637770898,137.982195845697
470.278637770898,136.795252225519
470.278637770898,135.608308605341
470.278637770898,134.421364985163
470.278637770898,133.234421364985
470.278637770898,130.860534124629
470.278637770898,129.673590504451
470.278637770898,128.486646884273
470.278637770898,127.299703264095
470.278637770898,126.112759643917
470.278637770898,108.308605341246
470.278637770898,107.121661721068
470.278637770898,105.93471810089
470.278637770898,104.747774480712
470.278637770898,103.560830860534
470.278637770898,102.373887240356
470.278637770898,100
471.517027863777,450.148367952522
471.517027863777,448.961424332344
471.517027863777,447.774480712166
471.517027863777,446.587537091988
471.517027863777,444.213649851632
471.517027863777,443.026706231454
471.517027863777,441.839762611276
471.517027863777,440.652818991098
471.517027863777,439.46587537092
471.517027863777,438.278931750742
471.517027863777,437.091988130564
471.517027863777,419.287833827893
471.517027863777,418.100890207715
471.517027863777,416.913946587537
471.517027863777,415.727002967359
471.517027863777,412.166172106825
471.517027863777,410.979228486647
471.517027863777,409.792284866469
471.517027863777,408.605341246291
471.517027863777,407.418397626113
471.517027863777,406.231454005935
471.517027863777,388.427299703264
471.517027863777,387.240356083086
471.517027863777,386.053412462908
471.517027863777,384.86646884273
471.517027863777,383.679525222552
471.517027863777,382.492581602374
471.517027863777,381.305637982196
471.517027863777,380.118694362018
471.517027863777,378.93175074184
471.517027863777,377.744807121662
471.517027863777,375.370919881306
471.517027863777,374.183976261128
471.517027863777,372.99703264095
471.517027863777,357.566765578635
471.517027863777,356.379821958457
471.517027863777,355.192878338279
471.517027863777,352.818991097923
471.517027863777,351.632047477745
471.517027863777,350.445103857567
471.517027863777,349.258160237389
471.517027863777,348.071216617211
471.517027863777,346.884272997033
471.517027863777,326.706231454006
471.517027863777,325.519287833828
471.517027863777,324.33234421365
471.517027863777,321.958456973294
471.517027863777,320.771513353116
471.517027863777,319.584569732938
471.517027863777,318.39762611276
471.517027863777,317.210682492582
471.517027863777,316.023738872404
471.517027863777,314.836795252226
471.517027863777,313.649851632047
471.517027863777,312.462908011869
471.517027863777,311.275964391691
471.517027863777,295.845697329377
471.517027863777,294.658753709199
471.517027863777,293.471810089021
471.517027863777,291.097922848665
471.517027863777,289.910979228487
471.517027863777,288.724035608309
471.517027863777,286.350148367953
471.517027863777,285.163204747774
471.517027863777,261.424332344214
471.517027863777,260.237388724036
471.517027863777,259.050445103858
471.517027863777,255.489614243323
471.517027863777,254.302670623145
471.517027863777,253.115727002967
471.517027863777,251.928783382789
471.517027863777,250.741839762611
471.517027863777,249.554896142433
471.517027863777,230.563798219585
471.517027863777,229.376854599407
471.517027863777,228.189910979229
471.517027863777,224.629080118694
471.517027863777,223.442136498516
471.517027863777,202.077151335312
471.517027863777,200.890207715134
471.517027863777,199.703264094956
471.517027863777,193.768545994065
471.517027863777,192.581602373887
471.517027863777,191.394658753709
471.517027863777,190.207715133531
471.517027863777,189.020771513353
471.517027863777,187.833827893175
471.517027863777,171.216617210683
471.517027863777,170.029673590504
471.517027863777,168.842729970326
471.517027863777,162.908011869436
471.517027863777,161.721068249258
471.517027863777,160.53412462908
471.517027863777,140.356083086053
471.517027863777,139.169139465875
471.517027863777,137.982195845697
471.517027863777,135.608308605341
471.517027863777,134.421364985163
471.517027863777,133.234421364985
471.517027863777,132.047477744807
471.517027863777,130.860534124629
471.517027863777,129.673590504451
471.517027863777,128.486646884273
471.517027863777,127.299703264095
471.517027863777,126.112759643917
471.517027863777,124.925816023739
471.517027863777,108.308605341246
471.517027863777,107.121661721068
471.517027863777,103.560830860534
471.517027863777,102.373887240356
471.517027863777,101.186943620178
471.517027863777,100
472.755417956656,450.148367952522
472.755417956656,448.961424332344
472.755417956656,447.774480712166
472.755417956656,446.587537091988
472.755417956656,444.213649851632
472.755417956656,443.026706231454
472.755417956656,441.839762611276
472.755417956656,438.278931750742
472.755417956656,437.091988130564
472.755417956656,419.287833827893
472.755417956656,418.100890207715
472.755417956656,416.913946587537
472.755417956656,415.727002967359
472.755417956656,412.166172106825
472.755417956656,410.979228486647
472.755417956656,388.427299703264
472.755417956656,387.240356083086
472.755417956656,383.679525222552
472.755417956656,382.492581602374
472.755417956656,381.305637982196
472.755417956656,380.118694362018
472.755417956656,378.93175074184
472.755417956656,375.370919881306
472.755417956656,374.183976261128
472.755417956656,372.99703264095
472.755417956656,357.566765578635
472.755417956656,356.379821958457
472.755417956656,351.632047477745
472.755417956656,350.445103857567
472.755417956656,349.258160237389
472.755417956656,348.071216617211
472.755417956656,346.884272997033
472.755417956656,326.706231454006
472.755417956656,325.519287833828
472.755417956656,321.958456973294
472.755417956656,320.771513353116
472.755417956656,319.584569732938
472.755417956656,318.39762611276
472.755417956656,317.210682492582
472.755417956656,316.023738872404
472.755417956656,312.462908011869
472.755417956656,311.275964391691
472.755417956656,295.845697329377
472.755417956656,294.658753709199
472.755417956656,291.097922848665
472.755417956656,289.910979228487
472.755417956656,288.724035608309
472.755417956656,286.350148367953
472.755417956656,285.163204747774
472.755417956656,262.611275964392
472.755417956656,261.424332344214
472.755417956656,260.237388724036
472.755417956656,259.050445103858
472.755417956656,256.676557863501
472.755417956656,255.489614243323
472.755417956656,254.302670623145
472.755417956656,250.741839762611
472.755417956656,249.554896142433
472.755417956656,248.367952522255
472.755417956656,231.750741839763
472.755417956656,230.563798219585
472.755417956656,229.376854599407
472.755417956656,228.189910979229
472.755417956656,224.629080118694
472.755417956656,223.442136498516
472.755417956656,202.077151335312
472.755417956656,200.890207715134
472.755417956656,194.955489614243
472.755417956656,193.768545994065
472.755417956656,192.581602373887
472.755417956656,189.020771513353
472.755417956656,187.833827893175
472.755417956656,186.646884272997
472.755417956656,171.216617210683
472.755417956656,170.029673590504
472.755417956656,168.842729970326
472.755417956656,162.908011869436
472.755417956656,161.721068249258
472.755417956656,160.53412462908
472.755417956656,140.356083086053
472.755417956656,139.169139465875
472.755417956656,137.982195845697
472.755417956656,134.421364985163
472.755417956656,133.234421364985
472.755417956656,132.047477744807
472.755417956656,130.860534124629
472.755417956656,129.673590504451
472.755417956656,126.112759643917
472.755417956656,124.925816023739
472.755417956656,109.495548961424
472.755417956656,108.308605341246
472.755417956656,107.121661721068
472.755417956656,103.560830860534
472.755417956656,102.373887240356
472.755417956656,101.186943620178
472.755417956656,100
473.993808049536,447.774480712166
473.993808049536,446.587537091988
473.993808049536,444.213649851632
473.993808049536,443.026706231454
473.993808049536,441.839762611276
473.993808049536,438.278931750742
473.993808049536,437.091988130564
473.993808049536,435.905044510386
473.993808049536,416.913946587537
473.993808049536,415.727002967359
473.993808049536,412.166172106825
473.993808049536,410.979228486647
473.993808049536,409.792284866469
473.993808049536,408.605341246291
473.993808049536,407.418397626113
473.993808049536,406.231454005935
473.993808049536,388.427299703264
473.993808049536,387.240356083086
473.993808049536,383.679525222552
473.993808049536,382.492581602374
473.993808049536,381.305637982196
473.993808049536,380.118694362018
473.993808049536,378.93175074184
473.993808049536,375.370919881306
473.993808049536,374.183976261128
473.993808049536,372.99703264095
473.993808049536,357.566765578635
473.993808049536,356.379821958457
473.993808049536,352.818991097923
473.993808049536,351.632047477745
473.993808049536,350.445103857567
473.993808049536,349.258160237389
473.993808049536,348.071216617211
473.993808049536,346.884272997033
473.993808049536,345.697329376855
473.993808049536,344.510385756677
473.993808049536,343.323442136499
473.993808049536,326.706231454006
473.993808049536,325.519287833828
473.993808049536,324.33234421365
473.993808049536,323.145400593472
473.993808049536,321.958456973294
473.993808049536,320.771513353116
473.993808049536,319.584569732938
473.993808049536,318.39762611276
473.993808049536,317.210682492582
473.993808049536,312.462908011869
473.993808049536,311.275964391691
473.993808049536,295.845697329377
473.993808049536,294.658753709199
473.993808049536,293.471810089021
473.993808049536,292.284866468843
473.993808049536,291.097922848665
473.993808049536,289.910979228487
473.993808049536,288.724035608309
473.993808049536,287.537091988131
473.993808049536,286.350148367953
473.993808049536,285.163204747774
473.993808049536,283.976261127596
473.993808049536,282.789317507418
473.993808049536,281.60237388724
473.993808049536,280.415430267062
473.993808049536,263.79821958457
473.993808049536,262.611275964392
473.993808049536,261.424332344214
473.993808049536,260.237388724036
473.993808049536,259.050445103858
473.993808049536,256.676557863501
473.993808049536,255.489614243323
473.993808049536,254.302670623145
473.993808049536,250.741839762611
473.993808049536,249.554896142433
473.993808049536,248.367952522255
473.993808049536,232.937685459941
473.993808049536,231.750741839763
473.993808049536,230.563798219585
473.993808049536,229.376854599407
473.993808049536,228.189910979229
473.993808049536,224.629080118694
473.993808049536,223.442136498516
473.993808049536,222.255192878338
473.993808049536,221.06824925816
473.993808049536,219.881305637982
473.993808049536,218.694362017804
473.993808049536,202.077151335312
473.993808049536,200.890207715134
473.993808049536,199.703264094956
473.993808049536,198.516320474777
473.993808049536,197.329376854599
473.993808049536,196.142433234421
473.993808049536,194.955489614243
473.993808049536,193.768545994065
473.993808049536,192.581602373887
473.993808049536,189.020771513353
473.993808049536,187.833827893175
473.993808049536,186.646884272997
473.993808049536,171.216617210683
473.993808049536,170.029673590504
473.993808049536,168.842729970326
473.993808049536,167.655786350148
473.993808049536,166.46884272997
473.993808049536,165.281899109792
473.993808049536,162.908011869436
473.993808049536,161.721068249258
473.993808049536,160.53412462908
473.993808049536,159.347181008902
473.993808049536,158.160237388724
473.993808049536,156.973293768546
473.993808049536,140.356083086053
473.993808049536,139.169139465875
473.993808049536,137.982195845697
473.993808049536,136.795252225519
473.993808049536,135.608308605341
473.993808049536,134.421364985163
473.993808049536,132.047477744807
473.993808049536,130.860534124629
473.993808049536,126.112759643917
473.993808049536,124.925816023739
473.993808049536,109.495548961424
473.993808049536,108.308605341246
473.993808049536,107.121661721068
473.993808049536,105.93471810089
473.993808049536,104.747774480712
473.993808049536,103.560830860534
473.993808049536,102.373887240356
473.993808049536,100
475.232198142415,447.774480712166
475.232198142415,446.587537091988
475.232198142415,444.213649851632
475.232198142415,443.026706231454
475.232198142415,438.278931750742
475.232198142415,437.091988130564
475.232198142415,435.905044510386
475.232198142415,416.913946587537
475.232198142415,415.727002967359
475.232198142415,412.166172106825
475.232198142415,410.979228486647
475.232198142415,409.792284866469
475.232198142415,408.605341246291
475.232198142415,407.418397626113
475.232198142415,406.231454005935
475.232198142415,405.044510385757
475.232198142415,384.86646884273
475.232198142415,383.679525222552
475.232198142415,382.492581602374
475.232198142415,380.118694362018
475.232198142415,378.93175074184
475.232198142415,374.183976261128
475.232198142415,372.99703264095
475.232198142415,354.005934718101
475.232198142415,352.818991097923
475.232198142415,351.632047477745
475.232198142415,349.258160237389
475.232198142415,348.071216617211
475.232198142415,346.884272997033
475.232198142415,345.697329376855
475.232198142415,344.510385756677
475.232198142415,343.323442136499
475.232198142415,342.136498516321
475.232198142415,324.33234421365
475.232198142415,323.145400593472
475.232198142415,321.958456973294
475.232198142415,320.771513353116
475.232198142415,319.584569732938
475.232198142415,318.39762611276
475.232198142415,317.210682492582
475.232198142415,312.462908011869
475.232198142415,311.275964391691
475.232198142415,293.471810089021
475.232198142415,292.284866468843
475.232198142415,291.097922848665
475.232198142415,289.910979228487
475.232198142415,288.724035608309
475.232198142415,287.537091988131
475.232198142415,286.350148367953
475.232198142415,285.163204747774
475.232198142415,283.976261127596
475.232198142415,282.789317507418
475.232198142415,281.60237388724
475.232198142415,280.415430267062
475.232198142415,264.985163204748
475.232198142415,263.79821958457
475.232198142415,262.611275964392
475.232198142415,260.237388724036
475.232198142415,259.050445103858
475.232198142415,256.676557863501
475.232198142415,255.489614243323
475.232198142415,250.741839762611
475.232198142415,249.554896142433
475.232198142415,248.367952522255
475.232198142415,232.937685459941
475.232198142415,231.750741839763
475.232198142415,229.376854599407
475.232198142415,228.189910979229
475.232198142415,224.629080118694
475.232198142415,223.442136498516
475.232198142415,222.255192878338
475.232198142415,221.06824925816
475.232198142415,219.881305637982
475.232198142415,218.694362017804
475.232198142415,217.507418397626
475.232198142415,202.077151335312
475.232198142415,200.890207715134
475.232198142415,199.703264094956
475.232198142415,198.516320474777
475.232198142415,197.329376854599
475.232198142415,196.142433234421
475.232198142415,194.955489614243
475.232198142415,193.768545994065
475.232198142415,192.581602373887
475.232198142415,189.020771513353
475.232198142415,187.833827893175
475.232198142415,186.646884272997
475.232198142415,171.216617210683
475.232198142415,170.029673590504
475.232198142415,168.842729970326
475.232198142415,167.655786350148
475.232198142415,166.46884272997
475.232198142415,165.281899109792
475.232198142415,164.094955489614
475.232198142415,162.908011869436
475.232198142415,161.721068249258
475.232198142415,160.53412462908
475.232198142415,159.347181008902
475.232198142415,158.160237388724
475.232198142415,156.973293768546
475.232198142415,155.786350148368
475.232198142415,140.356083086053
475.232198142415,139.169139465875
475.232198142415,137.982195845697
475.232198142415,136.795252225519
475.232198142415,135.608308605341
475.232198142415,134.421364985163
475.232198142415,133.234421364985
475.232198142415,132.047477744807
475.232198142415,130.860534124629
475.232198142415,126.112759643917
475.232198142415,124.925816023739
475.232198142415,109.495548961424
475.232198142415,108.308605341246
475.232198142415,107.121661721068
475.232198142415,105.93471810089
475.232198142415,104.747774480712
475.232198142415,103.560830860534
475.232198142415,102.373887240356
475.232198142415,100
476.470588235294,447.774480712166
476.470588235294,446.587537091988
476.470588235294,444.213649851632
476.470588235294,443.026706231454
476.470588235294,441.839762611276
476.470588235294,438.278931750742
476.470588235294,437.091988130564
476.470588235294,435.905044510386
476.470588235294,416.913946587537
476.470588235294,415.727002967359
476.470588235294,412.166172106825
476.470588235294,410.979228486647
476.470588235294,407.418397626113
476.470588235294,406.231454005935
476.470588235294,405.044510385757
476.470588235294,387.240356083086
476.470588235294,386.053412462908
476.470588235294,384.86646884273
476.470588235294,383.679525222552
476.470588235294,380.118694362018
476.470588235294,378.93175074184
476.470588235294,375.370919881306
476.470588235294,374.183976261128
476.470588235294,372.99703264095
476.470588235294,356.379821958457
476.470588235294,355.192878338279
476.470588235294,354.005934718101
476.470588235294,352.818991097923
476.470588235294,343.323442136499
476.470588235294,342.136498516321
476.470588235294,321.958456973294
476.470588235294,320.771513353116
476.470588235294,319.584569732938
476.470588235294,318.39762611276
476.470588235294,317.210682492582
476.470588235294,312.462908011869
476.470588235294,311.275964391691
476.470588235294,291.097922848665
476.470588235294,289.910979228487
476.470588235294,288.724035608309
476.470588235294,281.60237388724
476.470588235294,280.415430267062
476.470588235294,264.985163204748
476.470588235294,263.79821958457
476.470588235294,262.611275964392
476.470588235294,261.424332344214
476.470588235294,260.237388724036
476.470588235294,259.050445103858
476.470588235294,257.86350148368
476.470588235294,256.676557863501
476.470588235294,255.489614243323
476.470588235294,254.302670623145
476.470588235294,250.741839762611
476.470588235294,249.554896142433
476.470588235294,248.367952522255
476.470588235294,234.124629080119
476.470588235294,232.937685459941
476.470588235294,231.750741839763
476.470588235294,230.563798219585
476.470588235294,229.376854599407
476.470588235294,228.189910979229
476.470588235294,227.00296735905
476.470588235294,225.816023738872
476.470588235294,219.881305637982
476.470588235294,218.694362017804
476.470588235294,217.507418397626
476.470588235294,197.329376854599
476.470588235294,196.142433234421
476.470588235294,194.955489614243
476.470588235294,193.768545994065
476.470588235294,192.581602373887
476.470588235294,189.020771513353
476.470588235294,187.833827893175
476.470588235294,186.646884272997
476.470588235294,165.281899109792
476.470588235294,164.094955489614
476.470588235294,156.973293768546
476.470588235294,155.786350148368
476.470588235294,140.356083086053
476.470588235294,139.169139465875
476.470588235294,137.982195845697
476.470588235294,134.421364985163
476.470588235294,133.234421364985
476.470588235294,132.047477744807
476.470588235294,130.860534124629
476.470588235294,126.112759643917
476.470588235294,124.925816023739
476.470588235294,109.495548961424
476.470588235294,108.308605341246
476.470588235294,107.121661721068
476.470588235294,103.560830860534
476.470588235294,102.373887240356
476.470588235294,101.186943620178
477.708978328173,447.774480712166
477.708978328173,446.587537091988
477.708978328173,444.213649851632
477.708978328173,443.026706231454
477.708978328173,441.839762611276
477.708978328173,438.278931750742
477.708978328173,437.091988130564
477.708978328173,416.913946587537
477.708978328173,415.727002967359
477.708978328173,413.353115727003
477.708978328173,412.166172106825
477.708978328173,410.979228486647
477.708978328173,407.418397626113
477.708978328173,406.231454005935
477.708978328173,405.044510385757
477.708978328173,388.427299703264
477.708978328173,387.240356083086
477.708978328173,386.053412462908
477.708978328173,384.86646884273
477.708978328173,380.118694362018
477.708978328173,378.93175074184
477.708978328173,375.370919881306
477.708978328173,374.183976261128
477.708978328173,372.99703264095
477.708978328173,357.566765578635
477.708978328173,356.379821958457
477.708978328173,355.192878338279
477.708978328173,354.005934718101
477.708978328173,349.258160237389
477.708978328173,348.071216617211
477.708978328173,343.323442136499
477.708978328173,342.136498516321
477.708978328173,326.706231454006
477.708978328173,325.519287833828
477.708978328173,320.771513353116
477.708978328173,319.584569732938
477.708978328173,318.39762611276
477.708978328173,317.210682492582
477.708978328173,312.462908011869
477.708978328173,311.275964391691
477.708978328173,295.845697329377
477.708978328173,294.658753709199
477.708978328173,289.910979228487
477.708978328173,288.724035608309
477.708978328173,287.537091988131
477.708978328173,286.350148367953
477.708978328173,281.60237388724
477.708978328173,280.415430267062
477.708978328173,264.985163204748
477.708978328173,263.79821958457
477.708978328173,262.611275964392
477.708978328173,261.424332344214
477.708978328173,260.237388724036
477.708978328173,259.050445103858
477.708978328173,257.86350148368
477.708978328173,256.676557863501
477.708978328173,255.489614243323
477.708978328173,254.302670623145
477.708978328173,250.741839762611
477.708978328173,249.554896142433
477.708978328173,248.367952522255
477.708978328173,234.124629080119
477.708978328173,232.937685459941
477.708978328173,231.750741839763
477.708978328173,230.563798219585
477.708978328173,229.376854599407
477.708978328173,228.189910979229
477.708978328173,227.00296735905
477.708978328173,225.816023738872
477.708978328173,224.629080118694
477.708978328173,223.442136498516
477.708978328173,219.881305637982
477.708978328173,218.694362017804
477.708978328173,217.507418397626
477.708978328173,202.077151335312
477.708978328173,200.890207715134
477.708978328173,197.329376854599
477.708978328173,196.142433234421
477.708978328173,194.955489614243
477.708978328173,193.768545994065
477.708978328173,192.581602373887
477.708978328173,189.020771513353
477.708978328173,187.833827893175
477.708978328173,186.646884272997
477.708978328173,171.216617210683
477.708978328173,170.029673590504
477.708978328173,165.281899109792
477.708978328173,164.094955489614
477.708978328173,162.908011869436
477.708978328173,161.721068249258
477.708978328173,156.973293768546
477.708978328173,155.786350148368
477.708978328173,140.356083086053
477.708978328173,139.169139465875
477.708978328173,137.982195845697
477.708978328173,134.421364985163
477.708978328173,133.234421364985
477.708978328173,132.047477744807
477.708978328173,130.860534124629
477.708978328173,126.112759643917
477.708978328173,124.925816023739
477.708978328173,109.495548961424
477.708978328173,108.308605341246
477.708978328173,107.121661721068
477.708978328173,103.560830860534
477.708978328173,102.373887240356
477.708978328173,101.186943620178
477.708978328173,100
478.947368421053,447.774480712166
478.947368421053,446.587537091988
478.947368421053,444.213649851632
478.947368421053,443.026706231454
478.947368421053,441.839762611276
478.947368421053,439.46587537092
478.947368421053,438.278931750742
478.947368421053,437.091988130564
478.947368421053,416.913946587537
478.947368421053,415.727002967359
478.947368421053,413.353115727003
478.947368421053,412.166172106825
478.947368421053,410.979228486647
478.947368421053,407.418397626113
478.947368421053,406.231454005935
478.947368421053,405.044510385757
478.947368421053,388.427299703264
478.947368421053,387.240356083086
478.947368421053,386.053412462908
478.947368421053,380.118694362018
478.947368421053,378.93175074184
478.947368421053,377.744807121662
478.947368421053,375.370919881306
478.947368421053,374.183976261128
478.947368421053,372.99703264095
478.947368421053,357.566765578635
478.947368421053,356.379821958457
478.947368421053,355.192878338279
478.947368421053,349.258160237389
478.947368421053,348.071216617211
478.947368421053,346.884272997033
478.947368421053,344.510385756677
478.947368421053,343.323442136499
478.947368421053,342.136498516321
478.947368421053,326.706231454006
478.947368421053,325.519287833828
478.947368421053,324.33234421365
478.947368421053,321.958456973294
478.947368421053,320.771513353116
478.947368421053,319.584569732938
478.947368421053,318.39762611276
478.947368421053,317.210682492582
478.947368421053,316.023738872404
478.947368421053,313.649851632047
478.947368421053,312.462908011869
478.947368421053,311.275964391691
478.947368421053,295.845697329377
478.947368421053,294.658753709199
478.947368421053,293.471810089021
478.947368421053,291.097922848665
478.947368421053,289.910979228487
478.947368421053,288.724035608309
478.947368421053,287.537091988131
478.947368421053,286.350148367953
478.947368421053,285.163204747774
478.947368421053,282.789317507418
478.947368421053,281.60237388724
478.947368421053,280.415430267062
478.947368421053,260.237388724036
478.947368421053,259.050445103858
478.947368421053,255.489614243323
478.947368421053,254.302670623145
478.947368421053,251.928783382789
478.947368421053,250.741839762611
478.947368421053,249.554896142433
478.947368421053,229.376854599407
478.947368421053,228.189910979229
478.947368421053,225.816023738872
478.947368421053,224.629080118694
478.947368421053,223.442136498516
478.947368421053,222.255192878338
478.947368421053,221.06824925816
478.947368421053,219.881305637982
478.947368421053,218.694362017804
478.947368421053,217.507418397626
478.947368421053,202.077151335312
478.947368421053,200.890207715134
478.947368421053,199.703264094956
478.947368421053,198.516320474777
478.947368421053,197.329376854599
478.947368421053,196.142433234421
478.947368421053,194.955489614243
478.947368421053,193.768545994065
478.947368421053,192.581602373887
478.947368421053,189.020771513353
478.947368421053,187.833827893175
478.947368421053,171.216617210683
478.947368421053,170.029673590504
478.947368421053,168.842729970326
478.947368421053,166.46884272997
478.947368421053,165.281899109792
478.947368421053,164.094955489614
478.947368421053,162.908011869436
478.947368421053,161.721068249258
478.947368421053,160.53412462908
478.947368421053,158.160237388724
478.947368421053,156.973293768546
478.947368421053,155.786350148368
478.947368421053,140.356083086053
478.947368421053,139.169139465875
478.947368421053,137.982195845697
478.947368421053,135.608308605341
478.947368421053,134.421364985163
478.947368421053,133.234421364985
478.947368421053,132.047477744807
478.947368421053,130.860534124629
478.947368421053,129.673590504451
478.947368421053,127.299703264095
478.947368421053,126.112759643917
478.947368421053,124.925816023739
478.947368421053,109.495548961424
478.947368421053,108.308605341246
478.947368421053,107.121661721068
478.947368421053,103.560830860534
478.947368421053,102.373887240356
478.947368421053,100
480.185758513932,447.774480712166
480.185758513932,446.587537091988
480.185758513932,443.026706231454
480.185758513932,441.839762611276
480.185758513932,440.652818991098
480.185758513932,439.46587537092
480.185758513932,438.278931750742
480.185758513932,437.091988130564
480.185758513932,416.913946587537
480.185758513932,415.727002967359
480.185758513932,412.166172106825
480.185758513932,410.979228486647
480.185758513932,409.792284866469
480.185758513932,408.605341246291
480.185758513932,407.418397626113
480.185758513932,406.231454005935
480.185758513932,388.427299703264
480.185758513932,387.240356083086
480.185758513932,386.053412462908
480.185758513932,384.86646884273
480.185758513932,383.679525222552
480.185758513932,382.492581602374
480.185758513932,381.305637982196
480.185758513932,380.118694362018
480.185758513932,378.93175074184
480.185758513932,377.744807121662
480.185758513932,376.557863501484
480.185758513932,375.370919881306
480.185758513932,374.183976261128
480.185758513932,357.566765578635
480.185758513932,356.379821958457
480.185758513932,355.192878338279
480.185758513932,354.005934718101
480.185758513932,352.818991097923
480.185758513932,351.632047477745
480.185758513932,350.445103857567
480.185758513932,348.071216617211
480.185758513932,346.884272997033
480.185758513932,345.697329376855
480.185758513932,344.510385756677
480.185758513932,343.323442136499
480.185758513932,342.136498516321
480.185758513932,326.706231454006
480.185758513932,325.519287833828
480.185758513932,324.33234421365
480.185758513932,323.145400593472
480.185758513932,321.958456973294
480.185758513932,320.771513353116
480.185758513932,319.584569732938
480.185758513932,317.210682492582
480.185758513932,316.023738872404
480.185758513932,314.836795252226
480.185758513932,313.649851632047
480.185758513932,312.462908011869
480.185758513932,311.275964391691
480.185758513932,295.845697329377
480.185758513932,294.658753709199
480.185758513932,293.471810089021
480.185758513932,292.284866468843
480.185758513932,291.097922848665
480.185758513932,289.910979228487
480.185758513932,288.724035608309
480.185758513932,286.350148367953
480.185758513932,285.163204747774
480.185758513932,283.976261127596
480.185758513932,282.789317507418
480.185758513932,281.60237388724
480.185758513932,280.415430267062
480.185758513932,260.237388724036
480.185758513932,259.050445103858
480.185758513932,255.489614243323
480.185758513932,254.302670623145
480.185758513932,253.115727002967
480.185758513932,251.928783382789
480.185758513932,250.741839762611
480.185758513932,249.554896142433
480.185758513932,229.376854599407
480.185758513932,228.189910979229
480.185758513932,224.629080118694
480.185758513932,223.442136498516
480.185758513932,222.255192878338
480.185758513932,221.06824925816
480.185758513932,219.881305637982
480.185758513932,218.694362017804
480.185758513932,202.077151335312
480.185758513932,200.890207715134
480.185758513932,199.703264094956
480.185758513932,198.516320474777
480.185758513932,197.329376854599
480.185758513932,196.142433234421
480.185758513932,193.768545994065
480.185758513932,192.581602373887
480.185758513932,191.394658753709
480.185758513932,190.207715133531
480.185758513932,189.020771513353
480.185758513932,187.833827893175
480.185758513932,170.029673590504
480.185758513932,168.842729970326
480.185758513932,167.655786350148
480.185758513932,166.46884272997
480.185758513932,165.281899109792
480.185758513932,164.094955489614
480.185758513932,161.721068249258
480.185758513932,160.53412462908
480.185758513932,159.347181008902
480.185758513932,158.160237388724
480.185758513932,156.973293768546
480.185758513932,155.786350148368
480.185758513932,139.169139465875
480.185758513932,137.982195845697
480.185758513932,136.795252225519
480.185758513932,135.608308605341
480.185758513932,134.421364985163
480.185758513932,133.234421364985
480.185758513932,130.860534124629
480.185758513932,129.673590504451
480.185758513932,128.486646884273
480.185758513932,127.299703264095
480.185758513932,126.112759643917
480.185758513932,124.925816023739
480.185758513932,108.308605341246
480.185758513932,107.121661721068
480.185758513932,105.93471810089
480.185758513932,104.747774480712
480.185758513932,103.560830860534
480.185758513932,102.373887240356
480.185758513932,100
481.424148606811,447.774480712166
481.424148606811,446.587537091988
481.424148606811,441.839762611276
481.424148606811,440.652818991098
481.424148606811,439.46587537092
481.424148606811,438.278931750742
481.424148606811,410.979228486647
481.424148606811,409.792284866469
481.424148606811,408.605341246291
481.424148606811,407.418397626113
481.424148606811,378.93175074184
481.424148606811,377.744807121662
481.424148606811,376.557863501484
481.424148606811,375.370919881306
481.424148606811,346.884272997033
481.424148606811,345.697329376855
481.424148606811,344.510385756677
481.424148606811,325.519287833828
481.424148606811,324.33234421365
481.424148606811,323.145400593472
481.424148606811,321.958456973294
481.424148606811,316.023738872404
481.424148606811,314.836795252226
481.424148606811,313.649851632047
481.424148606811,294.658753709199
481.424148606811,293.471810089021
481.424148606811,292.284866468843
481.424148606811,291.097922848665
481.424148606811,283.976261127596
481.424148606811,282.789317507418
481.424148606811,254.302670623145
481.424148606811,253.115727002967
481.424148606811,251.928783382789
481.424148606811,250.741839762611
481.424148606811,222.255192878338
481.424148606811,221.06824925816
481.424148606811,199.703264094956
481.424148606811,198.516320474777
481.424148606811,192.581602373887
481.424148606811,191.394658753709
481.424148606811,190.207715133531
481.424148606811,189.020771513353
481.424148606811,168.842729970326
481.424148606811,167.655786350148
481.424148606811,166.46884272997
481.424148606811,160.53412462908
481.424148606811,159.347181008902
481.424148606811,158.160237388724
481.424148606811,137.982195845697
481.424148606811,136.795252225519
481.424148606811,135.608308605341
481.424148606811,129.673590504451
481.424148606811,128.486646884273
481.424148606811,127.299703264095
481.424148606811,107.121661721068
481.424148606811,105.93471810089
481.424148606811,104.747774480712
492.569659442724,333.827893175074
492.569659442724,332.640949554896
492.569659442724,331.454005934718
492.569659442724,323.145400593472
492.569659442724,321.958456973294
492.569659442724,287.537091988131
492.569659442724,286.350148367953
492.569659442724,272.106824925816
492.569659442724,270.919881305638
492.569659442724,219.881305637982
492.569659442724,218.694362017804
492.569659442724,217.507418397626
493.808049535604,333.827893175074
493.808049535604,332.640949554896
493.808049535604,331.454005934718
493.808049535604,324.33234421365
493.808049535604,323.145400593472
493.808049535604,321.958456973294
493.808049535604,287.537091988131
493.808049535604,286.350148367953
493.808049535604,272.106824925816
493.808049535604,270.919881305638
493.808049535604,225.816023738872
493.808049535604,224.629080118694
493.808049535604,223.442136498516
493.808049535604,219.881305637982
493.808049535604,218.694362017804
493.808049535604,217.507418397626
495.046439628483,333.827893175074
495.046439628483,332.640949554896
495.046439628483,331.454005934718
495.046439628483,324.33234421365
495.046439628483,323.145400593472
495.046439628483,321.958456973294
495.046439628483,287.537091988131
495.046439628483,286.350148367953
495.046439628483,272.106824925816
495.046439628483,270.919881305638
495.046439628483,225.816023738872
495.046439628483,224.629080118694
495.046439628483,223.442136498516
495.046439628483,219.881305637982
495.046439628483,218.694362017804
495.046439628483,217.507418397626
496.284829721362,333.827893175074
496.284829721362,332.640949554896
496.284829721362,331.454005934718
496.284829721362,324.33234421365
496.284829721362,323.145400593472
496.284829721362,321.958456973294
496.284829721362,314.836795252226
496.284829721362,313.649851632047
496.284829721362,304.154302670623
496.284829721362,302.967359050445
496.284829721362,301.780415430267
496.284829721362,292.284866468843
496.284829721362,291.097922848665
496.284829721362,287.537091988131
496.284829721362,286.350148367953
496.284829721362,272.106824925816
496.284829721362,270.919881305638
496.284829721362,257.86350148368
496.284829721362,256.676557863501
496.284829721362,255.489614243323
496.284829721362,245.994065281899
496.284829721362,244.807121661721
496.284829721362,243.620178041543
496.284829721362,234.124629080119
496.284829721362,232.937685459941
496.284829721362,225.816023738872
496.284829721362,224.629080118694
496.284829721362,223.442136498516
496.284829721362,219.881305637982
496.284829721362,218.694362017804
496.284829721362,217.507418397626
496.284829721362,215.13353115727
496.284829721362,213.946587537092
497.523219814241,333.827893175074
497.523219814241,332.640949554896
497.523219814241,331.454005934718
497.523219814241,323.145400593472
497.523219814241,321.958456973294
497.523219814241,317.210682492582
497.523219814241,316.023738872404
497.523219814241,314.836795252226
497.523219814241,313.649851632047
497.523219814241,312.462908011869
497.523219814241,311.275964391691
497.523219814241,306.528189910979
497.523219814241,305.341246290801
497.523219814241,304.154302670623
497.523219814241,302.967359050445
497.523219814241,301.780415430267
497.523219814241,300.593471810089
497.523219814241,299.406528189911
497.523219814241,294.658753709199
497.523219814241,293.471810089021
497.523219814241,292.284866468843
497.523219814241,291.097922848665
497.523219814241,289.910979228487
497.523219814241,288.724035608309
497.523219814241,287.537091988131
497.523219814241,286.350148367953
497.523219814241,272.106824925816
497.523219814241,270.919881305638
497.523219814241,260.237388724036
497.523219814241,259.050445103858
497.523219814241,257.86350148368
497.523219814241,256.676557863501
497.523219814241,255.489614243323
497.523219814241,254.302670623145
497.523219814241,249.554896142433
497.523219814241,248.367952522255
497.523219814241,247.181008902077
497.523219814241,245.994065281899
497.523219814241,244.807121661721
497.523219814241,243.620178041543
497.523219814241,242.433234421365
497.523219814241,241.246290801187
497.523219814241,236.498516320475
497.523219814241,235.311572700297
497.523219814241,234.124629080119
497.523219814241,232.937685459941
497.523219814241,231.750741839763
497.523219814241,230.563798219585
497.523219814241,229.376854599407
497.523219814241,228.189910979229
497.523219814241,227.00296735905
497.523219814241,225.816023738872
497.523219814241,224.629080118694
497.523219814241,223.442136498516
497.523219814241,222.255192878338
497.523219814241,221.06824925816
497.523219814241,219.881305637982
497.523219814241,218.694362017804
497.523219814241,217.507418397626
497.523219814241,216.320474777448
497.523219814241,215.13353115727
497.523219814241,213.946587537092
497.523219814241,212.759643916914
497.523219814241,211.572700296736
498.761609907121,333.827893175074
498.761609907121,332.640949554896
498.761609907121,331.454005934718
498.761609907121,323.145400593472
498.761609907121,321.958456973294
498.761609907121,318.39762611276
498.761609907121,317.210682492582
498.761609907121,316.023738872404
498.761609907121,314.836795252226
498.761609907121,313.649851632047
498.761609907121,312.462908011869
498.761609907121,311.275964391691
498.761609907121,310.089020771513
498.761609907121,306.528189910979
498.761609907121,305.341246290801
498.761609907121,304.154302670623
498.761609907121,302.967359050445
498.761609907121,301.780415430267
498.761609907121,300.593471810089
498.761609907121,299.406528189911
498.761609907121,295.845697329377
498.761609907121,294.658753709199
498.761609907121,293.471810089021
498.761609907121,292.284866468843
498.761609907121,291.097922848665
498.761609907121,289.910979228487
498.761609907121,288.724035608309
498.761609907121,287.537091988131
498.761609907121,286.350148367953
498.761609907121,272.106824925816
498.761609907121,270.919881305638
498.761609907121,261.424332344214
498.761609907121,260.237388724036
498.761609907121,259.050445103858
498.761609907121,257.86350148368
498.761609907121,256.676557863501
498.761609907121,255.489614243323
498.761609907121,254.302670623145
498.761609907121,253.115727002967
498.761609907121,249.554896142433
498.761609907121,248.367952522255
498.761609907121,247.181008902077
498.761609907121,245.994065281899
498.761609907121,244.807121661721
498.761609907121,243.620178041543
498.761609907121,242.433234421365
498.761609907121,241.246290801187
498.761609907121,237.685459940653
498.761609907121,236.498516320475
498.761609907121,235.311572700297
498.761609907121,234.124629080119
498.761609907121,232.937685459941
498.761609907121,231.750741839763
498.761609907121,230.563798219585
498.761609907121,229.376854599407
498.761609907121,228.189910979229
498.761609907121,227.00296735905
498.761609907121,225.816023738872
498.761609907121,224.629080118694
498.761609907121,223.442136498516
498.761609907121,222.255192878338
498.761609907121,221.06824925816
498.761609907121,219.881305637982
498.761609907121,218.694362017804
498.761609907121,217.507418397626
498.761609907121,216.320474777448
498.761609907121,215.13353115727
498.761609907121,213.946587537092
498.761609907121,212.759643916914
498.761609907121,211.572700296736
498.761609907121,210.385756676558
500,333.827893175074
500,332.640949554896
500,331.454005934718
500,330.26706231454
500,329.080118694362
500,327.893175074184
500,326.706231454006
500,325.519287833828
500,324.33234421365
500,323.145400593472
500,321.958456973294
500,318.39762611276
500,317.210682492582
500,316.023738872404
500,312.462908011869
500,311.275964391691
500,310.089020771513
500,308.902077151335
500,307.715133531157
500,306.528189910979
500,305.341246290801
500,300.593471810089
500,299.406528189911
500,298.219584569733
500,295.845697329377
500,294.658753709199
500,293.471810089021
500,288.724035608309
500,287.537091988131
500,286.350148367953
500,272.106824925816
500,270.919881305638
500,261.424332344214
500,260.237388724036
500,259.050445103858
500,254.302670623145
500,253.115727002967
500,251.928783382789
500,249.554896142433
500,248.367952522255
500,247.181008902077
500,243.620178041543
500,242.433234421365
500,241.246290801187
500,240.059347181009
500,238.872403560831
500,237.685459940653
500,236.498516320475
500,235.311572700297
500,230.563798219585
500,229.376854599407
500,228.189910979229
500,225.816023738872
500,224.629080118694
500,223.442136498516
500,219.881305637982
500,218.694362017804
500,217.507418397626
500,216.320474777448
500,212.759643916914
500,211.572700296736
500,210.385756676558
